날짜,현재일기,현재기온,이슬점온도,체감온도,강수량,습도,풍향,풍속,해면기압
2019-12-31,-,2.5,-18.2,-1.9,0,20,서북서,18.7,1031.1
2019-12-30,-,13.3,7.5,12.5,1.0,68,북서,10.4,1019.7
2019-12-29,-,5.9,-4.0,5.9,0,49,서북서,3.2,1026.4
2019-12-28,-,9.1,-10.4,8.3,0,24,남,6.5,1028.1
2019-12-27,-,8.1,-12.3,5.4,0,22,북서,16.2,1022.1
2019-12-26,-,6.1,0.6,3.0,0.0,68,북서,15.8,1012.9
2019-12-25,-,14.5,0.0,13.8,0,37,서북서,11.5,1021.1
2019-12-24,-,10.9,-0.5,9.2,0,45,서북서,13.3,1025.4
2019-12-23,-,12.0,-0.2,10.7,0,43,북서,12.2,1019.8
2019-12-22,-,6.5,-1.4,6.5,0,57,서북서,2.9,1018.9
2019-12-21,-,4.8,-6.1,1.8,0,45,북서,13.0,1027.6
2019-12-20,-,9.0,-4.5,7.2,0,38,북서,11.5,1027.4
2019-12-19,-,11.2,-11.6,9.3,0,19,북서,15.8,1020.7
2019-12-18,-,13.8,-3.0,12.7,0,31,서북서,14.4,1019.9
2019-12-17,-,14.8,8.9,14.8,0,68,서,5.8,1012.7
2019-12-16,-,16.1,4.7,16.1,0,47,남남서,7.6,1023.0
2019-12-15,-,12.4,2.2,10.8,0,50,동남동,15.8,1029.2
2019-12-14,-,11.5,-5.5,9.5,0,30,북서,17.6,1026.1
2019-12-13,-,9.6,-6.7,8.5,0,31,서북서,8.3,1027.2
2019-12-12,-,8.4,-11.5,6.8,0,23,북서,9.4,1027.4
2019-12-11,-,17.6,5.8,17.4,0,46,서남서,13.7,1014.2
2019-12-10,-,16.5,5.1,16.5,0,47,서북서,7.9,1020.1
2019-12-09,-,12.1,-4.1,11.2,0,32,북서,9.4,1023.5
2019-12-08,-,-,-,-,-,-,-,-,-
2019-12-07,-,-,-,-,-,-,-,-,-
2019-12-06,-,-,-,-,-,-,-,-,-
2019-12-05,-,-,-,-,-,-,-,-,-
2019-12-04,-,-,-,-,-,-,-,-,-
2019-12-03,-,-,-,-,-,-,-,-,-
2019-12-02,-,-,-,-,-,-,-,-,-
2019-12-01,-,-,-,-,-,-,-,-,-
2019-11-30,-,-,-,-,-,-,-,-,-
2019-11-29,-,-,-,-,-,-,-,-,-
2019-11-28,-,-,-,-,-,-,-,-,-
2019-11-27,-,-,-,-,-,-,-,-,-
2019-11-26,-,-,-,-,-,-,-,-,-
2019-11-25,-,14.4,6.2,14.1,0,58,서북서,8.6,1025.7
2019-11-24,-,16.1,13.7,16.1,0.5,86,북서,6.5,1016.9
2019-11-23,-,20.1,9.0,20.1,0,49,남남동,11.2,1023.0
2019-11-22,-,18.6,6.7,18.6,0,46,동,6.5,1026.4
2019-11-21,-,15.1,-1.5,14.7,0,32,서,10.1,1030.0
2019-11-20,-,10.7,-6.6,8.8,0,29,북서,14.4,1029.0
2019-11-19,-,8.4,-4.1,6.8,0,41,북북서,9.7,1023.4
2019-11-18,-,14.1,5.9,13.8,14.5,58,북서,8.3,1015.5
2019-11-17,-,17.9,12.5,17.9,0.0,71,동남동,12.2,1020.3
2019-11-16,-,20.7,8.6,20.7,0,46,남남서,11.2,1019.2
2019-11-15,-,17.1,1.0,17.1,0,34,남남동,4.3,1019.4
2019-11-14,-,9.7,-9.9,6.9,0,24,북서,20.5,1023.0
2019-11-13,-,15.4,4.7,14.8,0,49,서북서,12.2,1016.1
2019-11-12,-,19.0,3.5,19.0,0,36,남서,6.1,1020.5
2019-11-11,-,19.0,6.7,18.7,0.0,45,서북서,20.5,1009.9
2019-11-10,-,17.1,4.0,17.1,0,42,남남동,6.1,1014.0
2019-11-09,-,18.9,0.0,18.9,0,28,서북서,15.5,1018.9
2019-11-08,-,18.0,4.1,18.0,0,40,북서,12.6,1017.9
2019-11-07,-,18.6,5.4,18.5,0,42,서북서,15.1,1015.3
2019-11-06,-,17.8,3.2,17.8,0,38,남서,8.6,1015.2
2019-11-05,맑음,19.9,6.2,19.9,0,41,서북서,13.3,1017.8
2019-11-04,-,18.2,8.4,18.2,0,53,남남서,2.9,1021.8
2019-11-03,-,19.9,11.3,19.9,0,58,서북서,10.4,1017.4
2019-11-02,-,21.4,11.4,21.4,0,53,서남서,6.8,1019.4
2019-11-01,-,23.0,7.9,23.0,0,38,서북서,15.8,1019.8
2019-10-31,-,21.0,5.7,21.0,0,37,북서,12.6,1019.6
2019-10-30,-,20.0,2.7,20.0,0,32,서북서,11.2,1020.0
2019-10-29,-,20.2,7.8,20.2,0,45,북서,8.3,1014.4
2019-10-28,-,20.3,5.1,20.3,0,37,남서,12.2,1016.5
2019-10-27,-,18.7,-1.7,18.6,0,25,북서,15.5,1017.4
2019-10-26,-,20.9,5.6,20.9,0,37,북서,13.3,1015.2
2019-10-25,-,24.4,13.5,24.4,0,51,북서,11.5,1015.1
2019-10-24,-,20.9,15.4,20.9,0,71,북북서,7.2,1015.9
2019-10-23,-,20.8,14.2,20.8,0,66,남서,5.8,1016.8
2019-10-22,-,23.0,14.2,23.0,0,58,남서,5.4,1016.2
2019-10-21,맑음,24.6,11.5,24.6,0,44,남,5.4,1016.5
2019-10-20,-,23.1,12.4,23.1,0,51,서북서,10.1,1020.3
2019-10-19,구름많음,24.1,15.3,24.1,0,58,서북서,11.2,1018.7
2019-10-18,-,15.6,14.6,15.5,14.0,94,북북서,8.6,1020.0
2019-10-17,-,19.4,12.8,19.4,0,66,북서,9.4,1023.8
2019-10-16,-,21.0,9.5,21.0,0,48,서남서,9.0,1025.0
2019-10-15,-,19.0,10.2,19.0,0,57,북북동,4.7,1027.9
2019-10-14,-,23.8,11.4,23.8,0,46,서북서,13.3,1021.6
2019-10-13,-,24.1,9.2,24.1,0,39,서북서,7.9,1021.1
2019-10-12,-,25.4,10.0,25.4,0,38,서,7.9,1012.8
2019-10-11,-,27.6,13.1,27.6,0,41,동남동,4.3,1012.1
2019-10-10,-,24.2,9.7,24.2,0,40,북서,9.7,1014.0
2019-10-09,-,24.1,10.0,24.1,0,41,남,7.6,1017.6
2019-10-08,-,23.2,12.4,23.2,0,51,서북서,13.3,1016.1
2019-10-07,-,20.4,14.9,20.4,0.0,71,남남동,7.2,1016.5
2019-10-06,-,22.4,11.4,22.4,0,50,남동,7.6,1022.7
2019-10-05,-,27.4,18.9,27.4,0,60,북서,9.4,1013.2
2019-10-04,-,26.4,18.2,26.4,0,61,남남동,14.0,1013.5
2019-10-03,-,27.2,19.2,27.2,3.5,62,북서,15.1,1004.5
2019-10-02,-,23.4,22.3,23.4,27.5,94,동남동,9.7,1011.4
2019-10-01,-,23.4,22.0,23.4,9.0,92,서북서,6.8,1020.2
2019-09-30,구름많음,29.3,22.7,80,0,68,남남동,11.9,1016.4
2019-09-29,-,29.8,21.1,80,0,60,서북서,6.1,1014.8
2019-09-28,-,25.6,22.0,76,1.5,81,남서,4.0,1017.9
2019-09-27,-,26.1,19.9,75,0,69,남동,13.0,1021.9
2019-09-26,-,27.2,17.6,75,0,56,남동,8.3,1022.9
2019-09-25,구름많음,25.3,15.6,73,0,55,남동,15.1,1020.9
2019-09-24,맑음,25.6,15.3,73,0,53,서,5.0,1017.7
2019-09-23,-,20.7,16.3,68,0.5,76,남남동,3.2,1015.0
2019-09-22,-,19.2,16.9,66,42.5,87,서,16.9,1004.2
2019-09-21,-,18.9,15.3,65,7.0,80,북북서,7.9,1016.4
2019-09-20,-,26.3,14.7,73,0,49,남남동,6.8,1016.2
2019-09-19,-,25.1,12.3,71,0,45,남동,10.4,1017.4
2019-09-18,-,31.2,9.9,76,0,27,서북서,9.0,1013.7
2019-09-17,-,29.4,13.5,76,0,38,북서,5.4,1013.9
2019-09-16,-,28.5,17.9,77,0,53,서남서,4.3,1009.6
2019-09-15,-,30.2,20.7,80,0,57,남동,12.2,1009.2
2019-09-14,-,30.5,16.8,78,0,44,서북서,6.5,1010.1
2019-09-13,-,28.6,16.8,76,0,49,남동,4.7,1013.0
2019-09-12,-,22.1,17.0,70,1.5,73,북북서,7.2,1017.2
2019-09-11,흐림,27.5,23.9,79,0,81,남동,10.1,1014.1
2019-09-10,-,29.1,24.6,81,0,77,남남동,11.5,1013.6
2019-09-09,-,31.4,23.2,82,0,62,남동,16.6,1009.8
2019-09-08,-,29.8,23.9,81,0.3,71,남,1.8,1007.6
2019-09-07,-,26.7,23.9,78,6.0,85,남서,14.0,1004.6
2019-09-06,-,29.2,24.3,81,0,75,동남동,13.7,1008.9
2019-09-05,구름많음,29.6,24.0,81,0,72,남남동,13.7,1012.2
2019-09-04,-,26.8,23.2,78,1.0,81,남,13.3,1013.9
2019-09-03,-,26.1,23.1,77,6.5,84,서북서,4.7,1015.6
2019-09-02,-,22.1,21.5,72,14.5,97,서,4.3,1016.9
2019-09-01,-,27.1,21.1,77,0,70,남남동,7.2,1017.6
2019-08-31,-,29.9,16.6,77,0,45,서북서,6.8,1013.8
2019-08-30,구름많음,29.9,18.9,78,0,52,서북서,9.4,1008.7
2019-08-29,-,24.2,22.6,75,2.5,91,동,4.0,1007.2
2019-08-28,-,27.5,22.4,78,1.0,74,북서,4.0,1007.9
2019-08-27,-,22.8,21.9,73,6.0,95,북서,7.9,1007.4
2019-08-26,구름많음,28.7,21.7,79,0,66,남남서,11.2,1012.9
2019-08-25,-,29.2,19.7,78,0,57,서남서,7.2,1013.7
2019-08-24,흐림,28.1,18.7,77,0,57,북서,6.5,1010.9
2019-08-23,흐림,28.7,20.4,78,0,61,서,8.3,1009.2
2019-08-22,-,26.6,24.8,79,31.0,90,서,9.4,1005.2
2019-08-21,-,29.8,24.6,82,0.3,74,남서,5.0,1009.4
2019-08-20,-,29.6,21.0,79,0,60,동북동,5.4,1009.9
2019-08-19,-,30.7,23.6,82,0,66,남,13.3,1009.0
2019-08-18,-,31.4,25.0,83,0,69,남남동,13.3,1006.4
2019-08-17,-,30.7,23.3,82,0,65,남남동,16.2,1002.8
2019-08-16,-,29.9,23.0,81,0,67,서북서,8.3,996.1
2019-08-15,-,27.3,25.8,80,4.5,92,북서,7.9,988.4
2019-08-14,-,32.4,23.9,83,0,61,서북서,7.2,998.2
2019-08-13,-,33.2,23.8,84,0,58,북북동,6.8,1001.7
2019-08-12,-,32.4,25.4,84,0,67,남남동,14.0,1002.9
2019-08-11,-,31.0,22.8,82,0,62,남동,17.6,1004.0
2019-08-10,-,31.8,22.7,82,0,59,동남동,20.9,1006.5
2019-08-09,-,33.7,24.8,85,0,60,남남동,11.5,1007.5
2019-08-08,-,34.4,25.2,86,0,59,남,11.9,1008.4
2019-08-07,-,31.2,25.5,84,0.5,72,남남동,18.7,1007.3
2019-08-06,-,28.3,22.9,79,0.0,73,북북서,8.6,1004.6
2019-08-05,-,35.1,25.2,86,0,57,남남동,10.1,1009.0
2019-08-04,-,34.7,24.6,86,0,56,남남동,12.6,1010.5
2019-08-03,-,35.1,23.7,85,0,52,남남동,12.2,1011.4
2019-08-02,-,34.5,26.1,87,0,62,남,11.2,1010.8
2019-08-01,-,32.6,24.8,84,0,64,남남동,16.6,1012.0
2019-07-31,-,32.9,24.3,84,0,61,남서,14.0,1011.4
2019-07-30,-,32.0,24.3,83,0,64,서남서,16.6,1009.9
2019-07-29,-,31.9,24.7,84,1.0,66,남서,12.2,1011.0
2019-07-28,-,31.0,23.8,82,0,66,서,16.2,1011.9
2019-07-27,-,28.0,26.0,81,0.4,89,남남동,7.2,1008.2
2019-07-26,-,26.2,25.3,79,0.5,95,남,6.8,1006.7
2019-07-25,-,27.3,24.9,79,0.2,87,남남서,8.6,1007.3
2019-07-24,-,30.7,23.1,81,0,64,서남서,12.6,1005.8
2019-07-23,-,32.3,25.1,84,0,66,서남서,10.4,1005.5
2019-07-22,-,32.5,25.3,84,0,66,남남서,8.6,1006.3
2019-07-21,-,25.9,23.3,77,28.0,86,남서,11.2,1005.9
2019-07-20,-,24.6,23.5,76,127.5,94,동남동,29.9,1002.3
2019-07-19,-,23.8,23.1,74,41.5,96,북북서,2.9,1008.2
2019-07-18,-,23.0,21.6,73,45.5,92,남동,8.6,1010.9
2019-07-17,-,28.9,19.2,78,0,56,남동,12.2,1012.7
2019-07-16,-,27.8,20.3,77,0,64,남동,9.4,1011.6
2019-07-15,-,26.8,20.8,77,0,70,남동,13.0,1008.5
2019-07-14,-,28.0,21.0,78,0,66,남남동,10.8,1002.7
2019-07-13,-,22.2,19.3,71,0.5,84,남동,7.9,1002.5
2019-07-12,-,28.5,18.8,77,0,56,북서,6.1,1006.0
2019-07-11,-,27.9,22.1,78,6.0,71,동남동,6.5,1002.9
2019-07-10,-,22.5,20.0,71,0.2,86,서북서,7.6,1005.9
2019-07-09,-,24.5,18.1,73,0,68,동,4.7,1006.8
2019-07-08,-,28.5,18.5,77,0.1,55,동남동,8.6,1006.4
2019-07-07,-,27.1,15.7,75,0,50,남동,11.5,1007.8
2019-07-06,-,31.4,15.7,78,0,39,동남동,5.8,1004.3
2019-07-05,-,30.0,21.3,80,0,60,남남동,11.2,1003.2
2019-07-04,-,29.1,20.5,79,0,60,남남동,16.9,1006.0
2019-07-03,-,26.1,21.3,76,0,75,남동,9.0,1007.6
2019-07-02,-,29.5,21.1,79,0,61,남남서,9.7,1008.6
2019-07-01,-,25.9,22.9,77,0.1,84,남남동,5.8,1006.4
2019-06-30,-,29.7,21.3,80,0.0,61,서북서,4.0,1001.2
2019-06-29,-,21.1,20.0,70,21.5,94,남남동,2.9,1000.0
2019-06-28,-,25.9,20.6,76,0,73,남동,11.2,1003.5
2019-06-27,-,25.3,23.3,76,25.5,89,남남동,5.8,1000.4
2019-06-26,-,19.1,18.2,66,26.0,95,정온,1.4,1011.0
2019-06-25,-,26.3,19.1,75,0,65,남,14.0,1015.6
2019-06-24,-,23.8,16.8,72,0,65,남남동,15.1,1014.0
2019-06-23,-,26.8,14.8,74,0,48,남,5.8,1008.5
2019-06-22,-,25.7,16.8,74,0,58,남동,10.8,1006.5
2019-06-21,-,29.3,19.6,78,0,56,남남동,14.8,1004.2
2019-06-20,-,30.1,19.7,79,0,54,남남서,12.6,1006.4
2019-06-19,-,28.1,19.0,77,0,58,남,14.8,1006.2
2019-06-18,-,26.2,19.3,75,0.1,66,서북서,8.3,1010.5
2019-06-17,-,26.1,18.2,75,0,62,남남서,10.8,1012.1
2019-06-16,-,22.7,16.7,70,0,69,남남동,16.9,1008.6
2019-06-15,-,27.8,16.1,75,0.5,49,서북서,12.2,997.8
2019-06-14,-,20.4,17.2,68,0.1,82,북서,10.8,1005.6
2019-06-13,-,27.5,16.4,75,0,51,남남동,9.4,1010.3
2019-06-12,-,24.9,16.0,72,0,58,남남동,13.3,1011.0
2019-06-11,-,24.2,15.4,72,0,58,남,11.5,1008.8
2019-06-10,-,24.0,13.5,71,0,52,서북서,4.7,1006.7
2019-06-09,-,23.5,14.2,70,0,56,남동,13.7,1006.3
2019-06-08,-,24.5,16.9,72,0.5,63,남남동,15.8,1009.1
2019-06-07,-,20.4,19.5,68,23.0,95,정온,0.7,1000.0
2019-06-06,-,26.9,19.2,76,0,63,남남동,15.5,1011.8
2019-06-05,-,30.0,17.7,78,0,48,남,14.4,1012.5
2019-06-04,-,28.1,18.4,77,0,56,남남동,16.9,1008.9
2019-06-03,-,28.8,17.3,77,0,50,남남동,14.0,1007.8
2019-06-02,-,25.4,11.1,71,0,41,남남동,20.5,1006.8
2019-06-01,-,25.6,9.8,71,0,37,서북서,11.2,1009.8
2019-05-31,-,22.0,12.5,68,0.5,55,남서,11.9,1010.6
2019-05-30,-,28.7,10.8,74,0,33,남남서,10.1,1010.3
2019-05-29,-,29.3,8.3,74,0,27,서북서,11.5,1008.7
2019-05-28,-,23.7,7.7,69,0,36,서북서,12.6,1010.5
2019-05-27,-,19.9,18.7,67,71.2,93,남남서,21.6,1007.5
2019-05-26,-,27.4,12.5,74,0,40,남남동,19.8,1016.2
2019-05-25,-,31.3,8.3,76,0,24,서북서,13.3,1014.9
2019-05-24,-,29.6,16.7,77,0,46,남동,13.3,1012.0
2019-05-23,-,29.3,9.9,74,0,30,서북서,20.2,1007.9
2019-05-22,-,26.7,4.4,71,0,24,서남서,17.6,1006.9
2019-05-21,-,24.8,4.5,69,0,27,서북서,15.8,1006.1
2019-05-20,-,22.3,11.0,68,1.8,49,서북서,16.9,1003.9
2019-05-19,-,20.6,17.7,68,0,84,남동,14.4,1011.7
2019-05-18,-,18.3,16.6,65,16.3,90,남동,12.2,1013.1
2019-05-17,-,24.7,13.8,71,0,51,남동,13.0,1013.2
2019-05-16,-,29.5,14.8,76,0,41,남남서,12.2,1012.4
2019-05-15,-,27.2,13.5,74,0,43,남남서,14.0,1013.5
2019-05-14,-,25.8,17.1,74,0,59,남남동,21.2,1012.7
2019-05-13,-,24.8,13.9,72,0,51,남,12.6,1015.7
2019-05-12,-,29.7,5.7,74,0,22,남동,5.8,1015.3
2019-05-11,-,27.5,5.7,72,0,25,남남동,16.6,1013.7
2019-05-10,-,25.4,6.0,70,0,29,남남동,15.5,1012.5
2019-05-09,-,26.4,3.5,70,0,23,북서,6.8,1008.7
2019-05-08,-,23.8,1.9,68,0,24,서남서,11.5,1011.5
2019-05-07,-,21.8,2.4,66,0,28,서북서,13.0,1015.6
2019-05-06,-,20.4,10.7,66,0,54,남동,20.2,1013.8
2019-05-05,-,24.6,13.4,71,0,50,남남동,15.8,1015.2
2019-05-04,-,25.0,10.0,71,0,39,남남동,13.3,1018.0
2019-05-03,-,24.8,7.4,70,0,33,남남동,14.4,1016.8
2019-05-02,-,20.9,12.8,67,0,60,남남동,20.5,1011.8
2019-05-01,-,23.4,10.4,69,0,44,북북서,7.2,1004.5
2019-04-30,-,18.7,13.1,64,0,70,남동,2.9,1008.8
2019-04-29,-,12.3,11.5,54,9.5,95,북서,9.0,1013.4
2019-04-28,-,17.2,7.2,62,0,52,남동,7.9,1020.9
2019-04-27,-,17.9,6.7,62,0,48,남,7.6,1021.8
2019-04-26,-,11.8,9.6,54,2.9,87,북북서,4.7,1012.2
2019-04-25,-,16.9,8.3,61,0.9,57,북서,2.9,1009.2
2019-04-24,-,21.4,18.5,69,6.6,84,서북서,4.3,1005.8
2019-04-23,-,17.8,13.3,63,0.3,75,남동,5.4,1015.6
2019-04-22,-,24.1,12.0,70,0,47,남동,20.5,1015.9
2019-04-21,-,25.6,13.7,72,0,48,남남동,12.2,1012.0
2019-04-20,-,20.9,9.7,66,0,49,남,16.2,1014.4
2019-04-19,-,15.6,7.6,60,0,59,동북동,4.7,1018.9
2019-04-18,-,22.5,7.8,68,0,39,서남서,15.8,1011.4
2019-04-17,-,24.4,5.1,69,0,29,남서,9.7,1011.6
2019-04-16,-,22.5,2.5,67,0,27,남남동,16.9,1017.0
2019-04-15,-,20.5,-2.6,64,0,21,서북서,15.1,1017.8
2019-04-14,-,13.9,8.2,57,0,69,서남서,8.6,1014.0
2019-04-13,-,19.0,2.3,63,0,33,남남서,13.3,1020.2
2019-04-12,-,17.7,0.3,62,3.1,31,서,12.6,1017.6
2019-04-11,-,13.2,5.3,56,0,59,남,10.1,1015.3
2019-04-10,-,11.2,6.3,53,6.6,72,북서,12.6,1009.5
2019-04-09,-,14.4,1.9,58,0,43,남동,24.1,1017.8
2019-04-08,-,21.8,-0.2,66,0,23,북서,16.6,1012.6
2019-04-07,-,17.0,9.4,62,0,61,남남동,13.3,1009.7
2019-04-06,-,18.8,7.2,64,0,47,남동,19.1,1011.7
2019-04-05,-,21.4,3.5,66,0,31,서북서,24.8,1007.2
2019-04-04,-,20.9,-3.6,64,0,19,서,9.7,1016.6
2019-04-03,-,15.5,-9.4,59,0,17,북서,11.9,1022.3
2019-04-02,-,13.8,-6.4,57,0,24,북북서,12.6,1021.1
2019-04-01,-,12.1,-8.4,56,0,23,북서,18.4,1020.9
2019-03-31,-,11.5,-6.8,9.6,0,27,북서,16.9,1017.7
2019-03-30,-,17.0,4.9,16.8,4.1,45,서북서,11.9,1009.7
2019-03-29,-,17.3,10.1,16.6,0,63,남남동,19.1,1012.4
2019-03-28,-,16.5,8.4,15.8,0,59,남남동,16.2,1013.2
2019-03-27,-,19.0,0.0,18.7,0,28,서남서,20.9,1014.2
2019-03-26,-,20.1,-1.7,20.1,0,23,북서,17.3,1016.7
2019-03-25,-,14.4,0.2,14.2,0,38,남남서,7.9,1017.6
2019-03-24,-,12.3,-8.2,11.2,0,23,서북서,11.2,1020.0
2019-03-23,-,13.5,-10.4,12.4,0,18,북서,13.3,1018.0
2019-03-22,-,14.1,-2.3,12.8,0,32,서북서,16.9,1015.7
2019-03-21,-,21.3,9.5,21.3,5.1,47,북서,16.9,1003.8
2019-03-20,-,15.7,12.2,15.4,0,80,남동,10.4,1014.2
2019-03-19,-,21.7,1.3,21.7,0,26,북서,15.1,1014.8
2019-03-18,-,14.4,0.2,13.5,0,38,서,13.7,1019.5
2019-03-17,-,14.1,-3.2,13.0,0,30,북서,15.1,1022.7
2019-03-16,-,14.3,-0.5,14.3,0,36,남,6.5,1019.9
2019-03-15,-,12.9,0.6,12.5,0,43,서북서,7.6,1017.2
2019-03-14,-,12.5,-11.9,11.4,0,17,서,11.9,1022.9
2019-03-13,-,9.5,-6.0,5.7,0,33,서북서,33.5,1018.9
2019-03-12,-,14.0,0.5,12.4,0,40,서남서,20.2,1009.8
2019-03-11,-,14.7,4.3,13.8,0,50,남남동,13.7,1008.2
2019-03-10,-,8.0,5.9,6.7,23.6,87,북북서,7.9,1010.6
2019-03-09,-,16.1,3.8,15.6,0,44,서남서,12.6,1021.2
2019-03-08,-,15.4,4.4,14.4,0,48,남,16.9,1024.2
2019-03-07,-,12.5,0.8,12.5,0,45,남서,4.3,1018.4
2019-03-06,-,10.4,7.8,9.5,1.7,84,서북서,7.9,1014.4
2019-03-05,-,16.6,0.6,16.5,0,34,남남서,9.7,1020.0
2019-03-04,-,17.8,0.0,17.8,0,30,남서,7.2,1011.9
2019-03-03,-,16.3,-0.4,16.2,0,32,동남동,9.4,1011.0
2019-03-02,-,14.2,2.4,13.0,0,45,남동,16.6,1018.4
2019-03-01,-,15.1,-5.3,14.5,0,24,서,11.9,1019.5
2019-02-28,맑음,13.6,-4.6,13.6,0.0,28,북,4.3,1016.4
2019-02-27,-,12.9,2.7,11.6,0,50,남동,14.4,1020.3
2019-02-26,-,11.4,-14.3,9.7,0,15,서남서,14.4,1022.6
2019-02-25,-,16.2,-4.9,15.8,0,23,서,12.6,1018.2
2019-02-24,-,14.4,-0.5,13.7,0,36,서,11.9,1020.7
2019-02-23,-,15.2,1.3,14.9,0,39,남남동,9.4,1021.8
2019-02-22,구름많음,13.5,0.8,13.5,0,42,남서,4.3,1018.8
2019-02-21,-,11.5,0.0,11.2,0,45,남남서,6.1,1024.9
2019-02-20,-,9.0,-2.6,6.0,0,44,북서,20.9,1023.0
2019-02-19,-,6.5,5.7,3.9,30.8,95,북서,13.0,1013.8
2019-02-18,-,9.1,-10.9,9.1,0,23,서남서,3.2,1024.5
2019-02-17,-,7.7,-12.7,5.3,0,22,서북서,13.3,1023.5
2019-02-16,-,6.7,-8.4,3.8,0,33,북서,15.1,1019.9
2019-02-15,-,10.3,1.1,9.5,0.7,53,서북서,7.6,1020.3
2019-02-14,-,9.6,-1.4,8.4,0,46,남동,8.6,1029.6
2019-02-13,-,8.2,-10.2,5.5,0,26,북서,16.9,1028.4
2019-02-12,-,7.3,-8.3,4.5,0,32,북서,15.8,1031.5
2019-02-11,-,5.4,-11.6,2.1,0,28,북서,15.8,1027.9
2019-02-10,-,6.8,-6.9,4.4,0,37,서북서,12.2,1026.6
2019-02-09,-,4.6,-14.2,1.1,0,24,북서,15.8,1023.5
2019-02-08,-,6.7,-10.5,4.0,0,28,북서,14.0,1023.0
2019-02-07,-,11.5,1.9,10.1,0,52,북서,12.2,1015.9
2019-02-06,-,15.8,-5.3,15.8,0,23,남서,6.5,1014.5
2019-02-05,-,13.8,-8.1,13.8,0,21,남남서,6.1,1021.3
2019-02-04,-,9.7,-12.8,7.6,0,19,서북서,14.4,1023.8
2019-02-03,-,14.0,12.8,13.1,14.3,93,남서,12.6,1009.1
2019-02-02,-,7.7,-4.1,7.1,0,43,북북서,5.0,1022.8
2019-02-01,맑음,3.9,-6.1,0.3,0,48,북서,15.8,1022.9
2019-01-31,-,-0.6,-1.0,-5.0,7.9,97,북서,14.4,1016.5
2019-01-30,-,12.6,-10.4,11.7,0,19,북서,10.1,1022.7
2019-01-29,-,10.6,-2.8,10.0,0,39,동남동,6.8,1026.8
2019-01-28,-,10.7,-9.0,8.5,0,24,서북서,17.3,1018.0
2019-01-27,-,8.6,-13.7,7.0,0,19,서북서,9.7,1026.0
2019-01-26,-,4.9,-15.6,1.1,0,21,북서,18.4,1024.5
2019-01-25,-,6.6,-11.5,4.9,0,26,북북서,8.6,1019.8
2019-01-24,-,10.1,-12.5,8.5,0,19,서북서,11.5,1022.6
2019-01-23,-,11.2,-3.3,9.7,0,36,북서,12.6,1018.0
2019-01-22,-,10.3,-5.3,9.4,0,33,서,7.9,1018.8
2019-01-21,-,7.0,-7.8,4.4,0,34,북서,14.0,1020.3
2019-01-20,-,10.0,-5.5,7.7,0.0,33,북서,16.9,1017.2
2019-01-19,-,11.8,-4.3,10.8,0,32,북서,9.7,1021.5
2019-01-18,-,9.0,-7.6,6.7,0,30,북서,15.1,1025.5
2019-01-17,-,6.5,-7.1,2.9,0,37,북서,20.2,1020.1
2019-01-16,-,3.5,-15.2,-0.7,0,24,서북서,18.7,1023.3
2019-01-15,-,10.2,-4.6,8.9,0,35,북서,9.7,1020.1
2019-01-14,-,10.8,-5.6,9.1,0,31,북서,13.7,1023.5
2019-01-13,-,10.4,-0.1,8.5,0,48,북서,14.4,1022.6
2019-01-12,-,5.7,3.6,2.6,1.9,87,북서,14.8,1019.9
2019-01-11,-,9.9,-3.4,8.8,0,39,서북서,8.3,1024.6
2019-01-10,-,8.1,-11.3,5.4,0,24,북서,16.6,1022.1
2019-01-09,-,3.5,-11.3,-0.3,0,33,서북서,16.2,1031.4
2019-01-08,-,7.4,-9.0,5.0,0,30,북서,13.3,1023.8
2019-01-07,-,7.5,-14.0,4.9,0,20,북서,14.4,1025.8
2019-01-06,-,8.5,-6.1,6.4,0,35,서북서,12.6,1025.0
2019-01-05,-,10.1,-11.2,8.2,0,21,북서,14.0,1022.4
2019-01-04,-,2.9,-12.6,2.9,0,31,북동,3.6,1029.8
2019-01-03,-,6.5,-14.9,3.0,0,20,서북서,19.8,1032.5
2019-01-02,-,5.5,-10.3,1.9,0,31,서북서,18.0,1030.4
2019-01-01,-,4.3,-8.1,0.2,0.0,40.0,북서,20.2,1029.3
2018-12-31,-,6.4,-9.1,4.4,0.0,32.0,서북서,9.7,1033.1
2018-12-30,-,2.0,-17.5,-2.3,0.0,22.0,북서,17.3,1034.5
2018-12-29,-,0.8,-18.5,-4.4,0.0,22.0,북서,21.2,1030.6
2018-12-28,-,0.1,-16.2,-4.4,0.0,28.0,북서,15.8,1026.9
2018-12-27,-,3.2,-21.8,-1.3,0.0,14.0,서북서,20.5,1023.9
2018-12-26,-,10.2,-8.4,7.9,0.0,26.0,북서,17.6,1020.1
2018-12-25,-,8.9,-12.2,7.2,0.0,21.0,북서,10.8,1022.6
2018-12-24,-,7.5,-15.3,4.2,0.0,18.0,북서,19.8,1024.7
2018-12-23,-,13.5,-2.9,12.7,2.7,32.0,북서,11.2,1019.9
2018-12-22,-,15.1,3.2,14.3,0.0,45.0,북서,14.0,1021.2
2018-12-21,-,12.0,4.2,11.7,0.0,59.0,북서,6.5,1021.9
2018-12-20,-,10.5,2.0,10.5,0.0,56.0,서북서,3.2,1022.4
2018-12-19,-,14.7,-0.6,14.4,0.0,35.0,서,8.6,1020.7
2018-12-18,-,9.3,-2.6,7.8,0.0,43.0,북북서,9.7,1020.6
2018-12-17,구름조금,9.0,-0.8,7.0,0.0,50.0,북서,12.6,1017.0
2018-12-16,-,-0.3,-1.2,-4.9,2.6,93.0,북서,15.5,1020.0
2018-12-15,-,7.4,-14.7,4.8,0.0,19.0,북서,14.0,1030.8
2018-12-14,-,4.9,-13.0,1.2,0.0,26.0,북서,17.6,1031.7
2018-12-13,-,7.5,-4.6,5.4,0.0,42.0,서북서,11.2,1026.3
2018-12-12,-,6.0,-10.3,2.9,0.0,30.0,북서,15.8,1026.6
2018-12-11,-,3.3,1.8,0.0,1.0,90.0,북서,13.0,1024.0
2018-12-10,-,7.1,-12.1,4.5,0.0,24.0,북서,14.0,1031.3
2018-12-09,-,2.2,-17.9,-2.1,0.0,21.0,북서,17.6,1033.0
2018-12-08,-,1.4,-11.7,-3.0,0.0,37.0,북서,16.9,1031.2
2018-12-07,-,0.7,-15.3,-3.2,0.0,29.0,북북서,13.3,1028.4
2018-12-06,-,7.3,3.1,4.5,3.5,75.0,북서,15.8,1019.5
2018-12-05,-,12.7,-0.9,11.6,0.0,39.0,북서,11.5,1023.6
2018-12-04,-,15.5,11.4,15.2,8.0,77.0,북서,10.1,1013.7
2018-12-03,-,16.6,15.6,16.6,12.2,94.0,동,2.2,1016.8
2018-12-02,-,18.5,8.4,18.5,0.0,52.0,남동,11.2,1022.8
2018-12-01,-,12.4,-1.1,12.0,0.0,39.0,서북서,7.2,1027.0
2018-11-30,-,15.9,1.9,15.9,0.0,39.0,서북서,6.8,1024.6
2018-11-29,-,14.7,-3.6,14.7,0.0,28.0,서남서,5.0,1025.3
2018-11-28,-,15.8,0.0,15.6,0.0,34.0,북서,10.1,1020.9
2018-11-27,-,16.9,0.5,16.5,0.0,33.0,북서,13.7,1021.1
2018-11-26,-,16.9,4.8,16.9,0.0,45.0,남남서,5.0,1024.2
2018-11-25,-,12.4,4.3,11.5,0.0,58.0,북서,10.1,1023.5
2018-11-24,-,4.3,0.4,2.1,0.4,76.0,북서,8.6,1024.4
2018-11-23,-,9.8,-9.8,7.1,0.0,24.0,북서,20.5,1027.3
2018-11-22,-,10.5,-12.2,8.4,0.0,19.0,북서,16.2,1023.4
2018-11-21,-,12.5,-2.1,12.5,0.0,36.0,남남서,2.5,1021.9
2018-11-20,-,15.3,-6.3,15.0,0.0,22.0,서북서,10.1,1024.3
2018-11-19,-,15.4,-3.5,14.6,0.0,27.0,서북서,14.8,1021.0
2018-11-18,-,10.9,-3.9,9.6,0.0,35.0,북서,10.4,1019.9
2018-11-17,-,16.0,3.4,15.6,0.0,43.0,서북서,12.2,1020.5
2018-11-16,-,13.5,8.9,12.9,0.0,74.0,서북서,9.4,1020.4
2018-11-15,-,18.7,6.1,18.7,0.0,44.0,서남서,6.1,1024.1
2018-11-14,-,18.5,5.3,18.5,0.0,42.0,북서,5.8,1022.2
2018-11-13,-,16.9,8.3,16.9,0.0,57.0,동남동,6.5,1017.7
2018-11-12,-,16.2,9.3,16.0,2.6,64.0,서북서,10.4,1016.9
2018-11-11,-,18.3,9.6,18.3,0.0,57.0,남남동,12.6,1020.6
2018-11-10,-,20.1,2.8,20.1,0.0,32.0,북서,7.9,1024.3
2018-11-09,-,18.0,6.5,17.9,0.0,47.0,서북서,13.3,1017.6
2018-11-08,-,17.6,17.1,17.6,7.3,97.0,동,9.0,1014.8
2018-11-07,-,19.5,11.5,19.5,0.0,60.0,동남동,4.3,1023.5
2018-11-06,-,21.8,9.6,21.8,0.0,46.0,남동,6.1,1024.2
2018-11-05,-,22.1,7.1,22.1,0.0,38.0,남남동,6.8,1021.5
2018-11-04,-,20.7,2.4,20.7,0.0,30.0,서북서,10.8,1020.2
2018-11-03,-,19.8,-0.2,19.8,0.0,26.0,서,8.3,1024.1
2018-11-02,-,19.3,2.1,19.3,0.0,32.0,서남서,6.8,1027.0
2018-11-01,-,16.6,0.6,16.1,0.0,34.0,서북서,14.0,1024.7
2018-10-31,-,16.4,2.0,16.2,0.0,38.0,서북서,11.2,1021.8
2018-10-30,맑음,15.0,-0.7,14.2,0.0,34.0,서북서,13.7,1019.2
2018-10-29,구름많음,17.2,8.3,17.2,0.0,56.0,서북서,9.0,1012.3
2018-10-28,구름많음,17.3,6.7,16.8,0.0,50.0,남서,16.9,1010.6
2018-10-27,-,16.2,4.2,15.3,0.0,45.0,서북서,18.7,1014.4
2018-10-26,-,17.9,14.0,17.9,0.0,78.0,동남동,5.4,1011.0
2018-10-25,맑음,21.9,7.3,21.9,0.0,39.0,남남동,7.9,1020.5
2018-10-24,-,21.4,6.8,21.4,0.0,39.0,서북서,10.1,1019.0
2018-10-23,-,21.5,9.3,21.5,0.0,46.0,북서,8.6,1016.2
2018-10-22,-,21.7,11.9,21.7,0.0,54.0,남서,4.3,1019.6
2018-10-21,-,23.2,6.0,23.2,0.0,33.0,서,4.3,1022.4
2018-10-20,-,22.9,4.8,22.9,0.0,31.0,남,5.4,1024.2
2018-10-19,-,20.1,7.4,20.1,0.0,44.0,서북서,15.1,1022.4
2018-10-18,-,20.1,5.3,20.1,0.0,38.0,서북서,11.2,1016.6
2018-10-17,-,21.9,6.9,21.9,0.0,38.0,서북서,6.1,1014.3
2018-10-16,-,17.4,10.7,17.4,0.0,65.0,북서,10.4,1015.6
2018-10-15,-,22.0,7.0,22.0,0.0,38.0,서북서,12.6,1018.2
2018-10-14,-,21.4,8.9,21.4,0.0,45.0,북서,6.5,1021.8
2018-10-13,-,19.5,11.0,19.5,0.0,58.0,북북서,2.5,1023.7
2018-10-12,-,18.9,4.2,18.9,0.0,38.0,서,6.8,1024.6
2018-10-11,-,17.8,1.2,17.5,0.0,33.0,북서,15.8,1020.4
2018-10-10,-,19.8,10.7,19.8,0.1,56.0,북서,11.9,1015.1
2018-10-09,-,20.1,12.0,20.1,0.0,60.0,동남동,2.5,1016.4
2018-10-08,-,23.2,8.0,23.2,0.0,38.0,북서,9.0,1017.5
2018-10-07,-,26.4,14.8,26.4,0.0,49.0,북서,10.4,1014.8
2018-10-06,-,22.3,18.8,22.3,83.7,81.0,서북서,21.2,996.9
2018-10-05,-,20.2,19.8,20.2,37.5,98.0,서북서,4.3,1015.5
2018-10-04,-,24.2,13.1,24.2,0.0,50.0,동남동,13.0,1022.2
2018-10-03,-,24.1,7.6,24.1,0.0,35.0,서북서,10.1,1020.5
2018-10-02,-,23.0,10.0,23.0,0.0,44.0,서,8.6,1016.6
2018-10-01,-,21.0,6.1,21.0,0.0,38.0,서북서,24.8,1007.9
2018-09-30,-,25.5,16.6,73.0,6.0,58.0,북서,10.1,1000.4
2018-09-29,-,17.3,16.3,63.0,8.6,94.0,정온,1.1,1013.3
2018-09-28,-,24.7,14.7,72.0,0.0,54.0,동북동,7.9,1017.5
2018-09-27,-,25.1,13.6,72.0,0.0,49.0,동남동,9.0,1017.0
2018-09-26,-,24.8,14.8,72.0,0.0,54.0,서북서,7.6,1017.9
2018-09-25,-,25.9,12.7,72.0,0.0,44.0,남동,7.9,1017.1
2018-09-24,-,21.4,11.4,67.0,0.0,53.0,북북서,4.3,1018.1
2018-09-23,-,27.9,13.4,74.0,0.0,41.0,남서,10.4,1015.0
2018-09-22,-,26.8,16.9,75.0,0.0,55.0,서북서,11.9,1014.7
2018-09-21,-,20.5,19.8,69.0,26.0,96.0,서북서,11.2,1006.6
2018-09-20,-,22.0,20.8,71.0,11.5,93.0,남,4.0,1008.9
2018-09-19,-,25.1,20.1,74.0,0.0,74.0,남동,8.6,1013.9
2018-09-18,-,27.1,20.6,77.0,0.0,68.0,남남동,10.1,1015.3
2018-09-17,-,26.8,18.6,75.0,0.0,61.0,북서,9.7,1016.2
2018-09-16,-,30.3,20.2,79.0,0.0,55.0,서북서,8.6,1014.2
2018-09-15,-,24.5,21.4,74.0,4.4,83.0,남,4.3,1014.7
2018-09-14,-,22.7,22.1,73.0,26.6,97.0,북서,3.6,1014.8
2018-09-13,-,21.7,20.5,71.0,7.9,93.0,서북서,3.6,1017.9
2018-09-12,-,28.2,19.1,77.0,0.0,58.0,남동,10.1,1017.1
2018-09-11,-,24.2,14.8,71.0,0.0,56.0,북동,5.8,1020.2
2018-09-10,-,26.7,11.5,73.0,0.0,39.0,서남서,7.2,1020.3
2018-09-09,-,27.1,18.3,76.0,0.0,59.0,서,4.0,1014.8
2018-09-08,-,24.1,17.1,72.0,0.0,65.0,북서,5.0,1012.3
2018-09-07,-,24.0,20.5,73.0,15.3,81.0,남남서,6.1,1006.2
2018-09-06,-,27.7,18.4,76.0,0.0,57.0,남,4.7,1006.6
2018-09-05,-,28.2,19.1,77.0,0.0,58.0,서남서,12.6,1003.4
2018-09-04,-,29.1,21.0,79.0,0.8,62.0,서북서,11.5,994.0
2018-09-03,-,27.9,22.6,79.0,0.0,73.0,남동,10.8,1001.8
2018-09-02,-,25.5,18.9,74.0,0.0,67.0,남동,6.5,1010.1
2018-09-01,-,25.9,22.1,76.0,93.8,80.0,남,8.6,1012.0
2018-08-31,-,23.9,23.3,75.0,10.4,97.0,남남동,5.0,1010.8
2018-08-30,-,29.1,24.4,81.0,5.0,76.0,서남서,13.7,1010.8
2018-08-29,-,30.9,22.2,81.0,0.0,60.0,서남서,16.6,1011.9
2018-08-28,-,32.0,24.3,83.0,0.1,64.0,남남동,10.8,1013.0
2018-08-27,-,26.7,25.2,79.0,2.4,92.0,남동,5.4,1012.8
2018-08-26,-,26.8,25.1,79.0,59.6,91.0,남남동,20.2,1012.4
2018-08-25,-,24.6,23.0,75.0,6.8,91.0,정온,0.4,1011.3
2018-08-24,-,30.5,24.6,82.0,8.5,71.0,서,14.8,1000.5
2018-08-23,-,29.1,23.2,80.0,0.1,71.0,남동,15.8,999.6
2018-08-22,-,33.3,22.7,83.0,0.0,54.0,남동,18.4,1005.2
2018-08-21,-,34.9,20.4,83.0,0.0,43.0,남남서,6.1,1004.4
2018-08-20,-,31.0,20.8,80.0,0.0,55.0,남,13.3,1007.7
2018-08-19,-,31.5,19.4,80.0,0.0,49.0,남,11.5,1010.3
2018-08-18,-,28.5,15.4,76.0,0.0,45.0,남동,16.9,1011.1
2018-08-17,-,30.3,17.0,78.0,0.0,45.0,남남동,8.6,1012.4
2018-08-16,-,26.9,24.9,79.0,3.7,89.0,남남서,3.6,1009.7
2018-08-15,-,30.1,24.0,82.0,0.1,70.0,남동,15.5,1006.1
2018-08-14,-,36.7,24.9,87.0,0.0,51.0,남남동,11.9,1009.6
2018-08-13,-,37.2,22.9,86.0,0.0,44.0,남남서,10.4,1011.0
2018-08-12,-,34.5,25.0,86.0,4.0,58.0,남동,10.1,1007.7
2018-08-11,-,30.0,22.4,80.0,0.7,64.0,남동,5.8,1005.6
2018-08-10,-,27.5,24.5,79.0,0.1,84.0,남남동,7.6,1004.5
2018-08-09,-,33.6,24.1,85.0,0.0,58.0,남남동,16.9,1004.2
2018-08-08,-,31.0,23.3,82.0,0.0,64.0,남,16.2,1006.6
2018-08-07,-,33.0,22.4,83.0,0.0,54.0,남동,9.0,1007.8
2018-08-06,-,33.8,24.6,85.0,0.0,59.0,남남동,11.5,1005.7
2018-08-05,-,36.9,21.4,85.0,0.0,41.0,북서,12.6,1005.9
2018-08-04,-,34.2,24.1,85.0,0.0,56.0,남서,14.8,1007.0
2018-08-03,-,35.0,24.9,86.0,0.0,56.0,남남동,14.8,1009.2
2018-08-02,-,35.5,22.0,85.0,0.0,46.0,남동,17.6,1006.5
2018-08-01,-,36.2,22.0,85.0,0.0,44.0,남동,11.9,1003.4
2018-07-31,-,36.1,22.9,86.0,0.0,47.0,남남동,6.8,1004.1
2018-07-30,-,35.1,23.4,85.0,5.3,51.0,서북서,6.8,1004.0
2018-07-29,-,37.1,20.4,85.0,0.0,38.0,서,5.0,999.9
2018-07-28,-,33.8,23.4,84.0,0.0,55.0,동남동,5.0,1005.3
2018-07-27,-,34.6,27.0,87.0,0.0,65.0,남,13.7,1006.5
2018-07-26,-,35.2,26.2,87.0,0.0,60.0,남남동,13.3,1006.7
2018-07-25,-,36.8,23.2,86.0,0.0,46.0,서북서,10.1,1006.7
2018-07-24,-,34.8,25.0,86.0,0.0,57.0,남남동,15.5,1007.7
2018-07-23,-,35.2,22.8,85.0,0.0,49.0,남남서,11.5,1008.6
2018-07-22,-,32.7,23.9,84.0,0.0,60.0,남남동,10.4,1010.2
2018-07-21,-,34.9,25.4,86.0,0.0,58.0,남,14.8,1009.1
2018-07-20,-,37.3,24.0,87.0,0.0,47.0,남남동,9.4,1008.4
2018-07-19,-,35.2,24.1,86.0,0.0,53.0,남,13.0,1010.0
2018-07-18,-,34.6,25.1,86.0,0.0,58.0,남,6.5,1011.3
2018-07-17,-,33.3,24.4,84.0,0.0,60.0,남남동,14.8,1011.4
2018-07-16,-,34.9,22.2,84.0,0.0,48.0,남남서,11.5,1012.0
2018-07-15,-,33.4,25.9,86.0,0.0,65.0,남,13.7,1011.6
2018-07-14,-,31.7,25.3,84.0,0.0,69.0,남남동,16.9,1011.0
2018-07-13,-,32.3,21.1,82.0,0.0,52.0,남서,4.3,1011.5
2018-07-12,-,33.4,24.8,85.0,0.0,61.0,서북서,9.7,1013.3
2018-07-11,-,31.9,22.8,82.0,0.0,59.0,남서,11.9,1015.9
2018-07-10,-,28.5,21.5,79.0,0.0,66.0,남남동,9.0,1014.8
2018-07-09,-,22.4,20.6,72.0,5.7,90.0,남서,2.2,1016.8
2018-07-08,-,23.0,17.8,71.0,0.0,73.0,북서,4.0,1013.2
2018-07-07,-,25.6,16.4,73.0,0.0,57.0,남남서,5.0,1011.1
2018-07-06,-,23.0,19.5,72.0,0.6,81.0,서남서,5.8,1007.2
2018-07-05,-,26.0,24.0,78.0,6.5,89.0,남남서,3.6,1003.7
2018-07-04,-,31.0,21.4,81.0,0.0,57.0,서,6.1,997.9
2018-07-03,-,26.4,21.3,76.0,0.1,74.0,북,16.9,995.1
2018-07-02,-,27.6,22.3,78.0,27.5,73.0,남,13.7,1007.4
2018-07-01,-,28.5,23.1,80.0,28.8,73.0,남남동,17.3,1011.7
2018-06-30,-,21.8,20.9,71.0,13.9,95.0,남남서,4.3,1013.6
2018-06-29,-,26.2,22.4,77.0,4.9,80.0,남남동,10.8,1005.0
2018-06-28,-,21.0,20.5,70.0,83.2,97.0,동남동,3.6,1001.4
2018-06-27,-,27.5,23.3,79.0,12.9,78.0,서남서,13.0,1004.4
2018-06-26,-,25.6,22.8,76.0,1.0,85.0,서,16.6,1009.1
2018-06-25,-,28.1,21.3,78.0,0.0,67.0,남동,14.8,1011.5
2018-06-24,-,34.3,15.7,81.0,0.0,33.0,서북서,9.4,1006.5
2018-06-23,-,27.7,18.1,76.0,0.0,56.0,남남동,7.6,1004.1
2018-06-22,-,29.3,15.0,76.0,0.0,42.0,남,15.5,1008.3
2018-06-21,-,31.3,12.1,77.0,0.0,31.0,서북서,10.1,1005.3
2018-06-20,-,27.7,18.6,76.0,0.2,58.0,남남동,15.5,1002.3
2018-06-19,-,25.5,18.1,74.0,0.0,64.0,남남동,9.4,1006.0
2018-06-18,-,27.8,18.4,76.0,0.0,57.0,남남서,10.4,1007.2
2018-06-17,-,27.1,16.0,75.0,0.0,51.0,남동,10.1,1010.5
2018-06-16,-,23.7,13.5,70.0,0.0,53.0,북서,5.0,1013.8
2018-06-15,-,24.0,13.2,71.0,0.0,51.0,남서,6.5,1011.5
2018-06-14,-,25.2,15.5,73.0,0.0,55.0,동남동,7.6,1008.9
2018-06-13,-,23.4,16.4,71.0,0.0,65.0,남,6.1,1008.8
2018-06-12,-,20.8,15.1,68.0,0.0,70.0,남,11.5,1004.9
2018-06-11,-,20.8,15.3,68.0,27.2,71.0,동남동,3.2,1001.0
2018-06-10,-,23.0,16.0,70.0,0.0,65.0,서남서,6.1,1004.2
2018-06-09,-,24.6,14.6,72.0,0.0,54.0,동북동,6.1,1008.7
2018-06-08,-,27.4,18.3,76.0,0.0,58.0,남남동,14.8,1006.6
2018-06-07,-,26.6,19.7,76.0,0.0,66.0,남동,16.6,1010.9
2018-06-06,-,26.2,18.8,75.0,0.0,64.0,남남동,18.4,1011.5
2018-06-05,-,20.5,17.8,68.0,4.7,85.0,남,7.6,1013.5
2018-06-04,-,28.4,16.6,76.0,0.0,49.0,서남서,14.0,1012.4
2018-06-03,-,25.8,17.7,74.0,0.0,61.0,남남동,20.5,1013.4
2018-06-02,-,27.3,16.8,75.0,0.0,53.0,남동,14.8,1014.2
2018-06-01,-,26.7,15.4,74.0,0.0,50.0,남,15.5,1014.7
2018-05-31,-,24.8,12.3,71.0,0.0,46.0,남동,7.9,1010.4
2018-05-30,-,28.4,18.1,77.0,0.0,54.0,남서,14.4,1008.7
2018-05-29,-,25.4,18.5,74.0,0.0,66.0,남남동,15.8,1011.6
2018-05-28,-,20.7,18.0,68.0,0.0,85.0,남,7.2,1011.8
2018-05-27,-,24.7,15.6,72.0,0.0,57.0,남남동,15.5,1010.8
2018-05-26,-,27.0,11.8,73.0,0.0,39.0,남남동,16.2,1008.7
2018-05-25,-,27.5,10.6,73.0,0.0,35.0,남서,10.1,1007.7
2018-05-24,-,25.9,13.7,73.0,0.0,47.0,남남동,14.8,1009.2
2018-05-23,-,26.4,11.3,72.0,23.8,39.0,북서,14.0,1005.3
2018-05-22,-,22.3,14.4,69.0,0.0,61.0,남남서,14.8,1013.1
2018-05-21,-,23.4,13.5,70.0,0.0,54.0,남남동,10.8,1018.4
2018-05-20,-,21.4,10.2,67.0,0.0,49.0,남남서,6.1,1018.6
2018-05-19,-,19.4,8.9,65.0,0.0,51.0,동남동,7.6,1017.0
2018-05-18,-,20.9,18.4,69.0,1.9,86.0,남동,11.5,1005.4
2018-05-17,-,21.6,21.2,71.0,0.9,98.0,남동,10.1,1008.0
2018-05-16,-,23.8,21.4,74.0,0.7,87.0,서남서,10.4,1008.9
2018-05-15,-,28.6,14.4,75.0,0.0,42.0,남동,15.8,1011.4
2018-05-14,-,24.6,15.2,72.0,0.0,56.0,남남동,16.9,1011.4
2018-05-13,-,24.4,17.3,72.0,9.8,65.0,서북서,10.8,1005.8
2018-05-12,-,19.5,17.2,66.0,0.0,87.0,남동,6.1,1013.9
2018-05-11,-,23.3,9.2,69.0,0.0,41.0,남서,12.2,1017.4
2018-05-10,-,19.0,12.7,65.0,0.0,67.0,남남동,20.5,1022.4
2018-05-09,-,16.6,7.5,61.0,0.0,55.0,북서,6.8,1021.9
2018-05-08,-,17.6,10.4,63.0,0.0,63.0,서남서,7.2,1013.8
2018-05-07,-,15.7,14.2,60.0,24.3,91.0,북북서,5.0,1007.9
2018-05-06,-,16.3,15.9,61.0,19.2,98.0,남남동,13.3,1006.8
2018-05-05,-,24.8,6.9,70.0,0.0,32.0,남서,15.1,1016.6
2018-05-04,-,19.8,4.6,64.0,0.0,37.0,서,19.1,1013.3
2018-05-03,-,18.9,0.9,63.0,0.0,30.0,서북서,34.6,1007.4
2018-05-02,-,17.0,15.6,62.0,8.3,92.0,남동,8.6,1005.0
2018-05-01,-,22.6,15.4,70.0,0.0,64.0,남남서,8.6,1015.4
2018-04-30,-,23.0,15.8,70.0,0.0,64.0,남서,13.3,1015.4
2018-04-29,-,23.2,8.0,68.0,0.0,38.0,남남서,15.5,1013.5
2018-04-28,-,22.4,12.9,69.0,0.0,55.0,남남동,18.4,1015.8
2018-04-27,-,23.7,5.0,68.0,0.0,30.0,북서,11.9,1013.0
2018-04-26,-,20.1,10.7,66.0,0.0,55.0,남남동,13.0,1013.9
2018-04-25,-,19.4,1.8,64.0,0.0,31.0,남남서,10.8,1012.9
2018-04-24,-,14.4,11.7,58.0,31.4,84.0,북서,6.8,1008.8
2018-04-23,-,12.1,11.4,54.0,12.2,96.0,남서,3.6,1016.8
2018-04-22,-,19.1,15.5,65.0,0.0,80.0,남동,17.3,1019.8
2018-04-21,-,26.4,-3.2,69.0,0.0,14.0,남남서,15.1,1019.0
2018-04-20,-,26.1,6.1,71.0,0.0,28.0,남,14.8,1020.3
2018-04-19,-,21.8,8.9,67.0,0.0,44.0,남동,16.6,1016.4
2018-04-18,-,20.0,8.3,65.0,0.0,47.0,남남동,20.9,1016.7
2018-04-17,-,19.2,7.9,64.0,0.0,48.0,남,15.5,1019.5
2018-04-16,-,17.4,4.3,62.0,0.0,42.0,남,13.3,1019.3
2018-04-15,-,18.0,2.2,62.0,0.0,35.0,북서,16.2,1010.0
2018-04-14,-,13.9,13.7,57.0,23.3,99.0,북,2.2,1003.0
2018-04-13,-,15.7,-0.1,59.0,0.0,34.0,남동,20.2,1025.0
2018-04-12,-,22.0,-0.7,66.0,0.0,22.0,남서,10.1,1016.7
2018-04-11,-,24.1,10.0,70.0,1.1,41.0,서,16.2,1008.3
2018-04-10,-,19.9,11.1,65.0,0.0,57.0,남서,12.2,1016.4
2018-04-09,-,19.5,0.0,63.0,0.0,27.0,북북서,13.0,1017.0
2018-04-08,-,11.4,-4.3,55.0,0.0,33.0,서남서,16.9,1017.8
2018-04-07,-,8.6,-7.2,51.0,0.0,32.0,서북서,19.1,1012.6
2018-04-06,-,15.7,5.0,60.0,20.5,49.0,북서,11.9,1010.0
2018-04-05,-,11.1,6.4,53.0,1.0,73.0,남동,4.0,1018.0
2018-04-04,-,10.4,8.9,51.0,3.0,91.0,동남동,9.7,1019.8
2018-04-03,-,25.0,13.8,72.0,0.0,50.0,남남서,13.0,1017.0
2018-04-02,-,22.7,12.0,69.0,0.0,51.0,서남서,19.4,1016.4
2018-04-01,-,19.6,14.4,66.0,0.0,72.0,남남동,16.9,1017.3
2018-03-31,-,19.9,1.7,19.9,0.0,30.0,남동,16.2,1020.3
2018-03-30,-,17.0,2.9,15.9,0.0,39.0,동남동,25.9,1024.8
2018-03-29,-,21.8,9.6,21.8,0.0,46.0,남,16.6,1019.2
2018-03-28,-,23.3,3.7,23.3,0.0,28.0,남서,16.6,1015.8
2018-03-27,-,22.1,5.9,22.1,0.0,35.0,남,16.9,1017.0
2018-03-26,-,21.9,-2.1,21.9,0.0,20.0,서,10.8,1019.9
2018-03-25,-,20.5,-2.6,20.5,0.0,21.0,서북서,13.0,1023.2
2018-03-24,-,17.8,0.4,17.8,0.0,31.0,북서,9.0,1021.1
2018-03-23,-,14.7,1.9,13.6,0.0,42.0,남,15.8,1017.9
2018-03-22,-,11.2,-2.9,9.6,0.0,37.0,서북서,13.7,1013.2
2018-03-21,-,1.8,1.2,-1.5,15.8,96.0,북서,11.5,1012.1
2018-03-20,-,9.0,-1.4,7.4,0.0,48.0,서남서,10.4,1022.6
2018-03-19,-,10.7,7.7,9.6,21.4,82.0,서북서,9.4,1013.9
2018-03-18,-,14.3,7.5,14.3,0.0,64.0,남,5.4,1021.7
2018-03-17,-,11.6,0.6,11.3,0.0,47.0,남,6.1,1027.7
2018-03-16,-,8.8,-2.8,7.5,1.7,44.0,북서,8.6,1025.5
2018-03-15,-,13.5,13.4,12.1,36.5,100.0,남동,16.6,1013.7
2018-03-14,-,21.1,12.7,21.1,0.0,59.0,남,15.8,1020.5
2018-03-13,-,17.9,5.7,17.4,0.0,45.0,서남서,18.7,1020.3
2018-03-12,-,15.3,4.9,14.3,0.0,50.0,남남동,17.3,1022.9
2018-03-11,-,14.7,-1.4,14.4,0.0,33.0,서,9.0,1024.4
2018-03-10,-,11.0,1.7,9.4,0.0,53.0,서남서,13.3,1022.9
2018-03-09,-,7.1,-1.8,7.1,0.0,53.0,동남동,3.2,1023.8
2018-03-08,-,3.9,2.4,0.2,36.1,90.0,북서,16.2,1013.8
2018-03-07,-,7.8,2.0,6.4,0.0,67.0,동,7.9,1027.9
2018-03-06,-,11.6,-1.2,11.0,0.0,41.0,동,7.6,1028.4
2018-03-05,-,5.3,2.2,4.0,7.2,81.0,서북서,6.1,1016.3
2018-03-04,-,15.0,11.5,14.5,0.0,80.0,남동,10.8,1014.4
2018-03-03,-,14.8,-0.1,14.6,0.0,36.0,남동,8.3,1014.5
2018-03-02,-,10.7,-9.0,9.8,0.0,24.0,남남동,8.3,1016.3
2018-03-01,-,10.5,-9.2,7.1,0.0,24.0,서북서,32.4,1006.7
2018-02-28,-,8.0,6.1,5.6,3.6,88.0,동남동,14.0,1007.6
2018-02-27,-,14.6,1.1,14.5,0.0,40.0,남남서,7.2,1023.0
2018-02-26,-,14.6,-2.3,13.5,0.0,31.0,남,15.5,1023.6
2018-02-25,-,14.2,4.1,13.6,0.0,51.0,북서,10.1,1022.0
2018-02-24,-,15.5,-1.5,15.5,0.0,31.0,서,5.0,1026.1
2018-02-23,-,13.9,-2.5,13.3,0.0,32.0,남남동,10.1,1022.7
2018-02-22,-,9.9,-10.8,8.2,0.0,22.0,북서,12.2,1021.5
2018-02-21,-,8.6,-14.4,6.9,0.0,18.0,북서,10.4,1021.5
2018-02-20,-,14.1,-5.1,13.0,0.0,26.0,서북서,14.4,1020.1
2018-02-19,-,12.7,-5.8,12.1,0.0,27.0,서,8.6,1020.5
2018-02-18,-,10.6,-14.2,10.0,0.0,16.0,남남서,6.8,1023.3
2018-02-17,-,9.8,-16.5,7.7,0.0,14.0,북서,14.8,1021.2
2018-02-16,-,12.5,-2.9,12.3,0.0,34.0,서북서,6.1,1014.5
2018-02-15,-,13.3,-11.2,12.5,0.0,17.0,서북서,10.8,1018.2
2018-02-14,-,14.2,5.0,12.6,0.0,54.0,서,21.6,1017.1
2018-02-13,-,7.3,-12.5,4.4,0.0,23.0,서,16.6,1023.9
2018-02-12,-,3.8,-11.4,-0.9,0.0,32.0,북서,24.1,1019.8
2018-02-11,-,4.2,-15.1,-1.1,0.0,23.0,서북서,31.3,1020.5
2018-02-10,-,11.7,-3.2,10.3,0.0,35.0,북서,13.0,1016.5
2018-02-09,-,12.3,1.8,11.1,0.0,49.0,서남서,12.2,1020.9
2018-02-08,-,7.7,-14.5,5.7,0.0,19.0,서북서,10.8,1023.7
2018-02-07,-,,,,0.0,20.0,북서,16.9,
2018-02-06,-,-3.3,-23.7,-8.4,0.0,19.0,북서,14.4,1022.4
2018-02-05,-,-2.4,-20.7,-8.0,0.0,23.0,북북서,18.4,1023.0
2018-02-04,-,-3.0,-21.2,-9.0,0.0,23.0,북서,19.8,1024.8
2018-02-03,-,1.6,-15.4,-3.1,0.0,27.0,북서,19.1,1023.3
2018-02-02,-,4.9,-18.1,1.8,0.0,17.0,북서,14.0,1025.1
2018-02-01,-,5.4,-14.6,2.5,0.0,22.0,북서,13.7,1025.6
2018-01-31,-,4.9,-10.4,2.2,0.0,32.0,북서,11.9,1026.1
2018-01-30,-,1.5,-16.9,-2.5,0.0,24.0,북서,14.4,1025.0
2018-01-29,-,0.5,-15.1,-3.5,0.0,30.0,북서,13.7,1020.1
2018-01-28,-,3.7,-13.1,-0.3,0.0,28.0,서북서,17.6,1018.1
2018-01-27,-,1.3,-19.8,-2.7,0.0,19.0,서북서,14.4,1025.6
2018-01-26,-,-3.3,-23.7,-9.3,0.0,19.0,북서,19.1,1023.7
2018-01-25,-,-2.7,-23.2,-8.2,0.0,19.0,북서,17.3,1024.1
2018-01-24,-,-4.8,-20.9,-11.4,0.0,27.0,북서,20.5,1024.6
2018-01-23,-,-1.2,-19.2,-7.0,0.0,24.0,북서,21.6,1020.1
2018-01-22,-,5.3,1.9,4.4,0.1,79.0,서북서,5.0,1014.9
2018-01-21,-,9.9,-8.7,9.9,0.0,26.0,서,4.0,1022.2
2018-01-20,-,,,,0.0,,북서,15.8,
2018-01-19,-,8.5,-8.1,6.1,0.0,30.0,북서,14.8,1021.2
2018-01-18,-,9.4,2.2,7.2,0.0,61.0,북서,15.1,1021.5
2018-01-17,-,6.3,4.7,3.2,5.2,90.0,북서,15.8,1016.5
2018-01-16,-,6.1,5.8,4.3,6.1,98.0,북서,8.6,1016.1
2018-01-15,-,13.7,1.3,13.7,0.2,43.0,서,5.8,1022.3
2018-01-14,-,7.9,-4.8,7.4,0.0,40.0,남동,5.0,1029.8
2018-01-13,-,3.9,-7.5,0.9,0.0,43.0,북서,11.9,1031.8
2018-01-12,-,-2.6,-18.2,-8.5,0.0,29.0,북서,19.8,1028.2
2018-01-11,-,-2.5,-15.9,-8.0,0.0,35.0,북서,17.6,1024.2
2018-01-10,-,-0.1,-7.6,-4.1,0.8,57.0,북서,13.0,1016.2
2018-01-09,-,4.0,-10.1,0.1,0.0,35.0,서북서,18.0,1012.3
2018-01-08,-,3.6,3.0,1.1,2.4,96.0,북서,9.7,1007.0
2018-01-07,-,4.3,-8.4,3.0,0.0,39.0,북서,5.8,1021.2
2018-01-06,-,6.9,-10.8,3.9,0.0,27.0,북서,16.2,1021.0
2018-01-05,-,7.0,-10.3,4.1,0.0,28.0,서북서,15.5,1016.5
2018-01-04,-,5.0,-12.9,3.2,0.0,26.0,서,7.9,1024.0
2018-01-03,-,5.4,-15.2,1.8,0.0,21.0,북서,18.0,1027.1
2018-01-02,-,7.7,-8.4,6.1,0.0,31.0,북서,9.0,1026.6
2018-01-01,-,5.9,-14.8,3.1,0.0,21.0,북서,13.3,1026.3
2017-12-31,-,7.6,-11.2,4.4,0.0,25,서북서,19.8,1020.6
2017-12-30,-,10.3,-0.8,10.3,0.0,46,남동,4.0,1023.9
2017-12-29,-,10.5,-1.8,9.0,0.0,42,북서,11.5,1023.7
2017-12-28,-,4.6,-8.8,1.9,0.0,37,북서,11.5,1027.6
2017-12-27,-,2.0,-19.9,-2.1,0.0,18,북서,15.8,1027.2
2017-12-26,-,5.8,-4.1,3.1,0.0,49,북서,13.0,1021.2
2017-12-25,-,5.7,-12.3,2.9,0.0,26,서북서,13.0,1021.0
2017-12-24,-,9.9,7.8,9.1,16.4,87,남남동,6.8,1007.1
2017-12-23,-,10.6,-3.8,9.3,0.0,36,서북서,10.1,1023.4
2017-12-22,-,7.6,-5.8,5.1,0.0,38,서북서,13.7,1026.0
2017-12-21,-,7.5,-8.9,5.2,0.0,30,북서,12.2,1029.5
2017-12-20,-,5.3,-12.7,2.1,0.0,26,북서,15.1,1030.7
2017-12-19,-,5.4,-10.0,2.0,0.0,32,북서,16.6,1027.7
2017-12-18,-,6.5,-7.8,4.5,0.0,35,서북서,9.7,1027.0
2017-12-17,-,0.5,-18.8,-4.3,0.0,22,북서,17.6,1028.4
2017-12-16,-,3.0,-15.1,-0.6,0.0,25,북서,14.0,1023.0
2017-12-15,-,7.5,-16.0,4.7,0.0,17,북서,16.2,1023.6
2017-12-14,-,4.8,-17.5,2.1,0.0,18,서북서,11.5,1028.9
2017-12-13,-,3.2,-21.8,-0.2,0.0,14,북북서,13.7,1027.9
2017-12-12,-,-1.2,-20.2,-6.1,0.0,22,서북서,16.2,1026.7
2017-12-11,-,3.3,-11.8,-1.3,0.0,32,서북서,22.0,1018.7
2017-12-10,-,7.0,3.2,5.1,0.5,77,북서,9.7,1012.6
2017-12-09,-,6.9,-5.4,6.9,0.0,41,서남서,4.3,1020.5
2017-12-08,-,3.5,-16.8,-0.7,0.0,21,북서,18.7,1020.4
2017-12-07,-,9.5,-2.4,7.6,0.0,43,북서,12.6,1019.9
2017-12-06,-,7.2,-6.9,5.2,0.0,36,북서,10.4,1024.2
2017-12-05,-,3.7,-15.5,0.7,0.0,23,북서,11.9,1020.6
2017-12-04,-,10.5,-3.9,8.5,0.0,36,북서,15.5,1017.8
2017-12-03,-,12.3,-2.3,11.6,0.0,36,남,8.6,1023.1
2017-12-02,-,7.3,-8.3,5.1,0.0,32,서북서,11.9,1027.8
2017-12-01,-,5.3,-17.8,1.7,0.0,17,북서,18.0,1028.2
2017-11-30,-,9.0,-15.5,6.6,0.0,16,북서,15.5,1022.6
2017-11-29,-,15.2,4.2,14.9,0.0,48,서북서,9.4,1021.4
2017-11-28,-,17.0,8.6,16.6,0.0,58,서,13.7,1020.9
2017-11-27,-,16.5,4.8,16.5,0.0,46,남동,7.9,1024.8
2017-11-26,-,15.7,1.0,15.4,0.0,37,북서,10.4,1021.3
2017-11-25,-,9.6,-2.7,8.2,0.0,42,서,9.7,1026.5
2017-11-24,-,9.4,-6.4,6.4,0.0,32,서북서,22.3,1022.1
2017-11-23,-,6.7,-4.4,3.6,0.0,45,서북서,16.6,1020.0
2017-11-22,-,11.0,-1.7,11.0,0.0,41,서,4.0,1016.8
2017-11-21,-,12.4,-0.5,11.2,0.0,41,남남동,11.9,1025.4
2017-11-20,-,9.6,-10.0,7.8,0.0,24,북서,12.2,1024.4
2017-11-19,-,6.7,-11.9,4.5,0.0,25,북서,11.2,1025.8
2017-11-18,-,7.7,-16.6,4.1,0.0,16,북서,24.1,1016.4
2017-11-17,-,12.4,3.5,12.3,0.0,55,서남서,5.8,1018.6
2017-11-16,-,10.4,-6.0,9.3,0.0,31,북서,9.0,1023.4
2017-11-15,-,12.3,-3.1,10.1,0.0,34,서북서,22.3,1018.6
2017-11-14,-,16.6,-3.5,16.1,0.0,25,북서,14.4,1016.5
2017-11-13,-,15.2,3.6,15.2,0.0,46,서남서,4.0,1015.9
2017-11-12,-,14.8,-2.1,14.6,0.0,31,북북서,8.3,1020.1
2017-11-11,-,13.6,-8.9,12.3,0.0,20,서북서,15.1,1019.2
2017-11-10,-,19.3,11.0,19.2,0.0,59,서,17.6,1014.2
2017-11-09,-,18.2,3.6,18.2,0.0,38,서,10.4,1023.3
2017-11-08,-,21.5,6.1,21.5,0.0,37,북서,18.4,1015.6
2017-11-07,-,18.8,8.1,18.8,0.0,50,북서,4.3,1020.6
2017-11-06,-,18.8,1.7,18.8,0.0,32,동남동,4.3,1023.0
2017-11-05,-,15.5,-2.9,15.1,0.0,28,서북서,10.4,1027.4
2017-11-04,-,16.3,2.3,16.3,0.0,39,서남서,4.7,1026.8
2017-11-03,-,21.3,7.8,21.3,0.0,42,북서,12.6,1016.8
2017-11-02,-,19.6,7.3,19.6,0.0,45,서,5.8,1016.9
2017-11-01,-,19.3,-4.9,19.3,0.0,19,북서,10.1,1020.5
2017-10-31,-,16.4,-5.4,16.1,0.0,22,서북서,11.5,1024.3
2017-10-30,-,14.9,-1.2,13.9,0.0,33,서북서,15.1,1023.2
2017-10-29,-,21.5,4.5,21.5,0.0,33,북서,15.1,1009.8
2017-10-28,-,19.9,13.1,19.9,0.0,65,서남서,4.0,1018.5
2017-10-27,-,22.6,10.0,22.6,0.0,45,남동,11.5,1018.3
2017-10-26,-,19.4,8.6,19.4,0.0,50,서북서,7.6,1020.4
2017-10-25,-,18.4,4.8,18.4,0.0,41,서,9.0,1023.8
2017-10-24,-,16.5,6.0,16.2,0.0,50,서북서,11.9,1023.1
2017-10-23,-,16.3,3.3,16.1,0.0,42,남동,10.4,1017.1
2017-10-22,-,20.6,8.2,20.6,0.0,45,북서,10.8,1007.1
2017-10-21,-,23.3,10.3,23.3,0.0,44,서남서,4.7,1015.7
2017-10-20,-,21.0,10.7,21.0,0.0,52,서북서,5.8,1017.0
2017-10-19,-,21.1,11.4,21.1,0.0,54,남서,4.7,1016.9
2017-10-18,-,18.1,10.6,18.1,0.0,62,서북서,5.4,1021.7
2017-10-17,-,20.4,11.8,20.4,0.0,58,서남서,4.3,1023.1
2017-10-16,-,18.0,8.8,18.0,0.0,55,동북동,11.2,1023.3
2017-10-15,-,16.2,11.7,16.2,3.5,75,서,6.8,1025.2
2017-10-14,-,20.9,8.5,20.9,0.0,45,서남서,5.4,1022.0
2017-10-13,-,20.1,1.9,20.1,0.0,30,서북서,11.5,1019.0
2017-10-12,-,15.0,13.0,14.4,1.1,88,북서,11.5,1017.9
2017-10-11,-,23.6,16.8,23.6,0.0,66,서,6.1,1015.1
2017-10-10,-,28.2,15.1,28.2,0.0,45,북서,9.0,1017.8
2017-10-09,-,26.6,16.8,26.6,0.0,55,남,13.7,1020.7
2017-10-08,-,24.1,16.1,24.1,0.0,61,북북서,1.8,1022.0
2017-10-07,-,24.1,16.8,24.1,0.0,64,남서,3.6,1019.2
2017-10-06,-,16.8,15.3,16.7,6.0,91,북서,10.8,1017.1
2017-10-05,-,20.0,10.9,20.0,0.0,56,동남동,8.3,1022.5
2017-10-04,-,20.1,11.5,20.1,0.2,58,남동,10.8,1022.2
2017-10-03,-,24.3,15.2,24.3,0.0,57,남남동,5.8,1016.0
2017-10-02,-,22.0,18.9,22.0,34.7,83,서북서,10.4,1007.6
2017-10-01,-,20.8,14.6,20.8,0.0,68,북북서,3.6,1017.8
2017-09-30,-,25.3,-1.5,69.0,0.0,17,남남동,4.7,1021.5
2017-09-29,-,21.5,1.6,66.0,0.0,27,북서,14.0,1017.8
2017-09-28,-,25.2,12.7,72.0,0.0,46,서,11.2,1009.1
2017-09-27,-,19.1,18.4,66.0,11.1,96,북서,10.4,1003.2
2017-09-26,-,29.0,13.2,75.0,0.0,38,남동,15.8,1012.1
2017-09-25,-,29.0,18.7,78.0,0.0,54,남,9.0,1013.8
2017-09-24,-,28.8,16.3,76.0,0.0,47,서북서,10.4,1014.2
2017-09-23,-,26.2,12.2,72.0,0.0,42,서북서,14.4,1015.9
2017-09-22,-,27.4,14.4,74.0,0.0,45,남서,6.8,1012.1
2017-09-21,-,24.9,13.7,72.0,0.0,50,남동,13.0,1013.9
2017-09-20,-,26.2,9.9,72.0,0.0,36,북서,10.4,1010.7
2017-09-19,-,26.8,14.8,74.0,0.0,48,서,12.2,1010.3
2017-09-18,-,26.6,15.0,74.0,0.0,49,서,7.6,1008.5
2017-09-17,-,23.1,19.0,72.0,0.3,78,북서,8.6,1001.6
2017-09-16,-,23.9,15.6,71.0,0.0,60,서남서,8.3,1011.3
2017-09-15,-,23.6,10.6,69.0,0.0,44,남서,7.9,1018.1
2017-09-14,-,25.9,14.3,73.0,0.0,49,남동,9.7,1018.0
2017-09-13,-,27.4,8.2,72.0,0.0,30,서북서,12.2,1017.3
2017-09-12,-,27.6,15.9,75.0,0.0,49,북서,15.8,1012.5
2017-09-11,-,21.0,19.6,69.0,142.3,92,북서,11.5,1003.2
2017-09-10,-,28.0,15.6,75.0,0.0,47,남동,13.3,1014.1
2017-09-09,-,27.3,15.6,75.0,0.0,49,서북서,7.2,1012.1
2017-09-08,-,28.3,17.4,76.0,0.0,52,서,11.5,1010.1
2017-09-07,-,21.6,17.1,69.0,5.1,76,북서,10.1,1006.5
2017-09-06,-,24.1,19.3,73.0,0.3,75,서북서,7.6,1007.2
2017-09-05,-,23.9,18.5,72.0,0.0,72,서북서,9.7,1010.9
2017-09-04,-,27.7,15.3,75.0,0.0,47,서북서,6.1,1014.9
2017-09-03,-,27.4,10.9,73.0,0.0,36,남동,16.6,1014.4
2017-09-02,-,27.4,11.4,73.0,0.0,37,동북동,4.0,1011.8
2017-09-01,-,28.7,9.8,74.0,0.0,31,서남서,6.8,1011.6
2017-08-31,-,28.2,10.8,74.0,0.0,34,서남서,7.2,1009.6
2017-08-30,-,27.2,10.8,73.0,0.0,36,서북서,7.2,1011.2
2017-08-29,-,31.3,14.8,78.0,0.0,37,서,13.7,1011.0
2017-08-28,-,30.0,19.3,79.0,0.0,53,남남동,11.2,1011.1
2017-08-27,-,30.7,13.4,77.0,0.0,35,남,8.6,1014.8
2017-08-26,-,30.0,11.9,76.0,0.0,33,서북서,15.5,1012.3
2017-08-25,-,31.3,21.7,81.0,1.0,57,남,8.3,1007.5
2017-08-24,-,31.5,23.8,83.0,0.0,64,서남서,18.0,1007.7
2017-08-23,-,33.0,22.7,83.0,0.0,55,남서,10.4,1010.7
2017-08-22,-,27.3,24.7,79.0,3.4,86,서남서,9.0,1014.1
2017-08-21,-,28.7,25.3,81.0,3.5,82,남,17.3,1009.6
2017-08-20,-,29.6,22.3,80.0,0.4,65,남동,15.5,1010.6
2017-08-19,-,29.0,21.4,79.0,0.0,64,동,4.3,1010.6
2017-08-18,-,29.0,22.7,80.0,1.7,69,남남서,9.7,1011.2
2017-08-17,-,29.4,19.7,78.0,0.0,56,동북동,5.0,1006.0
2017-08-16,-,27.3,23.1,78.0,0.4,78,서남서,6.1,1005.5
2017-08-15,-,25.4,21.6,76.0,2.6,80,서,5.4,1004.3
2017-08-14,-,22.9,21.7,73.0,12.2,93,남동,8.3,1006.4
2017-08-13,-,27.8,18.7,76.0,0.0,58,동남동,9.7,1010.2
2017-08-12,-,28.8,19.4,78.0,0.0,57,서,4.7,1010.3
2017-08-11,-,30.4,23.0,81.0,0.0,65,남남동,13.7,1005.9
2017-08-10,-,30.0,23.1,81.0,3.8,67,북서,12.6,999.5
2017-08-09,-,27.7,24.1,79.0,28.6,81,남남동,9.0,996.7
2017-08-08,-,32.1,21.9,82.0,0.0,55,남남동,13.0,999.5
2017-08-07,-,35.4,21.2,84.0,0.0,44,서북서,17.3,997.4
2017-08-06,-,36.6,18.6,84.0,0.0,35,남동,15.8,999.5
2017-08-05,-,35.3,21.1,84.0,0.0,44,남동,16.6,1002.6
2017-08-04,-,33.9,22.3,84.0,0.0,51,남동,15.5,1005.7
2017-08-03,-,32.3,20.5,81.0,0.0,50,남동,16.2,1005.8
2017-08-02,-,31.2,20.7,81.0,0.0,54,남동,8.6,1008.2
2017-08-01,-,30.7,24.1,82.0,0.0,68,남,13.0,1009.9
2017-07-31,-,30.6,22.7,81.0,0.0,63,남동,8.3,1009.0
2017-07-30,-,30.3,21.1,80.0,0.0,58,남서,6.8,1007.7
2017-07-29,-,27.5,21.5,78.0,0.0,70,남동,12.2,1008.3
2017-07-28,-,31.1,20.9,81.0,0.0,55,남남동,11.5,1008.1
2017-07-27,-,30.9,18.2,79.0,0.0,47,남남서,8.3,1008.0
2017-07-26,-,31.3,19.6,80.0,0.0,50,북동,8.6,1005.9
2017-07-25,-,32.4,24.1,84.0,17.5,62,북북동,2.9,1001.6
2017-07-24,-,31.8,24.6,83.0,0.0,66,서,8.6,1002.0
2017-07-23,-,31.6,25.4,84.0,0.0,70,남서,6.1,1005.6
2017-07-22,-,33.6,25.0,85.0,0.0,61,남,16.9,1009.4
2017-07-21,-,34.8,24.4,86.0,0.0,55,남남서,9.7,1008.4
2017-07-20,-,30.3,25.1,82.0,0.0,74,남남동,19.4,1007.2
2017-07-19,-,32.0,20.9,81.0,0.0,52,북,4.3,1005.0
2017-07-18,-,29.6,24.6,82.0,1.0,75,남서,4.7,1009.4
2017-07-17,-,29.9,22.5,80.0,0.0,65,서북서,4.3,1011.8
2017-07-16,-,31.4,24.2,83.0,0.0,66,서남서,14.0,1012.9
2017-07-15,-,29.9,23.8,81.0,0.0,70,남서,11.9,1011.6
2017-07-14,-,30.7,25.5,83.0,0.0,74,남남동,12.6,1009.1
2017-07-13,-,31.0,24.6,83.0,0.0,69,남남동,17.6,1007.3
2017-07-12,-,33.7,22.4,84.0,0.0,52,서남서,11.5,1009.2
2017-07-11,-,27.6,23.4,79.0,0.4,78,남남서,10.4,1010.1
2017-07-10,-,25.5,24.6,77.0,2.7,95,남동,9.4,1005.9
2017-07-09,-,30.6,25.4,83.0,0.2,74,남남동,15.5,1007.7
2017-07-08,-,28.1,23.8,80.0,0.1,78,정온,0.7,1009.4
2017-07-07,-,26.3,24.7,78.0,1.0,91,남남동,8.3,
2017-07-06,-,27.7,23.0,79.0,0.0,76,남남동,14.0,
2017-07-05,-,32.3,19.8,81.0,0.0,48,남서,9.0,1008.3
2017-07-04,-,29.9,23.8,81.0,10.0,70,서남서,13.3,
2017-07-03,-,27.1,22.7,78.0,0.3,77,서,18.7,
2017-07-02,-,27.1,23.3,78.0,12.0,80,남남서,6.1,1007.5
2017-07-01,-,29.5,22.7,80.0,0.0,67,남,11.5,1008.5
2017-06-30,-,27.8,21.3,78.0,3.5,68,서남서,11.5,1009.4
2017-06-29,-,23.3,20.4,73.0,0.0,84,동남동,7.6,1013.3
2017-06-28,-,28.8,19.7,78.0,0.0,58,남,14.4,1012.4
2017-06-27,-,27.3,17.7,76.0,0.1,56,남남동,9.0,1010.8
2017-06-26,-,25.6,19.2,75.0,0.0,68,남동,13.0,1008.1
2017-06-25,-,24.3,19.5,73.0,0.0,75,남남동,10.8,1003.5
2017-06-24,-,27.8,16.1,75.0,0.0,49,남동,15.5,1002.7
2017-06-23,-,28.0,18.6,77.0,0.0,57,남,16.2,1007.0
2017-06-22,-,27.4,18.3,76.0,0.0,58,남남동,19.4,1008.4
2017-06-21,-,25.3,18.2,74.0,0.0,65,남남동,18.0,1006.9
2017-06-20,-,25.4,18.8,74.0,0.0,67,남동,13.7,1006.0
2017-06-19,-,29.3,18.7,78.0,0.0,53,남동,11.9,1008.3
2017-06-18,-,26.3,17.3,74.0,0.0,58,남남동,18.4,1009.5
2017-06-17,-,26.8,16.9,75.0,0.0,55,남남동,14.0,1010.5
2017-06-16,-,26.8,14.8,74.0,0.0,48,남동,19.4,1011.1
2017-06-15,-,32.6,11.1,78.0,0.0,27,북서,11.2,1005.9
2017-06-14,-,25.5,14.9,73.0,0.0,52,남남동,23.4,1009.2
2017-06-13,-,23.7,14.1,71.0,0.0,55,남,16.6,1014.4
2017-06-12,-,22.5,11.5,69.0,0.0,50,남동,20.9,1015.5
2017-06-11,-,26.8,11.6,73.0,0.0,39,남동,15.8,1008.0
2017-06-10,-,27.5,18.7,76.0,0.0,59,남남동,16.6,1006.5
2017-06-09,-,29.3,13.0,75.0,0.0,37,남남동,14.8,1006.9
2017-06-08,-,27.7,9.4,73.0,0.0,32,북서,11.5,1009.0
2017-06-07,-,22.4,18.3,71.0,14.0,78,서남서,14.4,1004.4
2017-06-06,-,21.5,13.1,68.0,0.0,59,남남동,10.8,1015.4
2017-06-05,-,25.0,11.5,71.0,0.0,43,남동,20.5,1015.9
2017-06-04,-,26.5,10.2,72.0,0.0,36,남남동,20.9,1010.1
2017-06-03,-,24.7,13.5,71.0,0.0,50,남남동,17.6,1005.9
2017-06-02,-,24.1,13.6,71.0,0.0,52,남동,18.4,1003.8
2017-06-01,-,30.1,18.2,78.0,0.0,49,서북서,9.7,997.2
2017-05-31,-,26.5,12.8,73.0,0.0,43,서남서,8.6,1003.0
2017-05-30,-,32.1,14.2,78.0,0.0,34,남남동,12.2,1009.1
2017-05-29,-,31.2,15.5,78.0,0.0,39,남,12.6,1010.5
2017-05-28,-,26.4,11.3,72.0,0.0,39,남서,10.4,1013.1
2017-05-27,-,24.1,13.0,71.0,0.0,50,남남동,18.4,1012.2
2017-05-26,-,23.4,6.1,68.0,0.0,33,서북서,7.9,1006.7
2017-05-25,-,30.3,9.2,75.0,0.0,27,서,13.3,1003.6
2017-05-24,-,24.5,17.7,73.0,0.0,66,남남동,16.2,1007.6
2017-05-23,-,24.5,14.2,71.0,0.0,53,남서,11.9,1010.8
2017-05-22,-,25.4,14.2,72.0,0.0,50,남,17.3,1014.4
2017-05-21,-,26.4,9.6,72.0,0.0,35,남서,13.0,1014.5
2017-05-20,-,29.0,10.6,74.0,0.0,32,남남서,12.6,1014.1
2017-05-19,-,29.1,11.6,75.0,0.0,34,남남동,15.8,1014.9
2017-05-18,-,28.9,9.0,74.0,0.0,29,서북서,10.4,1014.8
2017-05-17,-,21.9,13.7,68.0,0.0,60,남동,13.7,1011.3
2017-05-16,-,21.0,11.6,67.0,0.0,55,남남동,11.5,1010.2
2017-05-15,-,23.8,5.6,68.0,0.0,31,북서,16.6,1010.9
2017-05-14,-,25.2,5.3,70.0,0.0,28,서북서,26.3,1008.2
2017-05-13,-,21.6,16.9,69.0,0.0,75,남남동,18.4,1007.6
2017-05-12,-,19.5,18.5,67.0,4.0,94,북서,3.2,1012.3
2017-05-11,-,26.0,15.9,74.0,0.0,54,서북서,13.3,1011.2
2017-05-10,-,20.2,15.1,67.0,0.0,73,북서,9.7,1009.9
2017-05-09,-,14.2,13.2,58.0,10.5,94,남동,13.7,1012.6
2017-05-08,-,27.2,4.8,71.0,0.0,24,서북서,12.2,1013.3
2017-05-07,-,27.0,4.0,71.0,0.0,23,서북서,40.0,1011.1
2017-05-06,-,24.5,3.7,69.0,0.0,26,서북서,9.7,1015.0
2017-05-05,-,22.2,17.3,70.0,2.0,74,서남서,10.1,1014.7
2017-05-04,-,24.4,14.1,71.0,0.0,53,남남동,11.9,1016.3
2017-05-03,-,25.3,8.2,70.0,0.0,34,남남동,13.0,1021.4
2017-05-02,-,22.3,8.7,68.0,0.0,42,남동,19.1,1023.2
2017-05-01,-,25.2,4.3,69.0,0.0,26,동북동,7.9,1017.5
2017-04-30,-,26.3,12.7,73.0,0.0,43,남동,18.0,1008.2
2017-04-29,-,23.6,8.0,69.0,0.0,37,남남동,18.4,1007.8
2017-04-28,-,22.1,6.3,67.0,0.0,36,남,16.2,1006.0
2017-04-27,-,20.3,2.5,65.0,0.0,31,북서,10.4,1010.8
2017-04-26,-,16.1,12.8,61.0,4.5,81,남동,9.0,1015.2
2017-04-25,-,21.2,14.3,68.0,0.3,65,남서,11.5,1019.9
2017-04-24,-,20.6,6.5,65.0,0.0,40,남남동,15.5,1020.5
2017-04-23,-,20.3,10.1,66.0,0.0,52,남남동,18.0,1018.2
2017-04-22,-,17.4,7.9,62.0,0.0,54,동남동,16.2,1013.0
2017-04-21,-,19.9,7.9,65.0,0.0,46,남,18.7,1009.1
2017-04-20,-,19.4,9.8,65.0,0.0,54,남,11.5,1010.3
2017-04-19,-,21.0,1.7,65.0,0.0,28,서,13.7,1009.5
2017-04-18,-,19.2,11.4,65.0,0.0,61,남남서,14.0,999.3
2017-04-17,-,17.9,17.8,64.0,26.0,100,서,5.0,996.0
2017-04-16,-,24.0,12.6,70.0,0.0,49,남동,11.2,1015.2
2017-04-15,-,23.6,11.6,70.0,0.5,47,남남서,18.7,1014.1
2017-04-14,-,18.9,10.4,64.0,0.0,58,서남서,22.7,1015.0
2017-04-13,-,20.2,3.3,65.0,0.0,33,남,16.6,1016.9
2017-04-12,-,19.0,-3.8,63.0,0.0,21,북서,13.3,1013.2
2017-04-11,-,15.9,8.1,60.0,15.0,60,북서,19.1,1004.0
2017-04-10,-,17.8,4.3,62.0,0.0,41,동,10.8,1011.9
2017-04-09,-,17.1,7.9,62.0,0.0,55,서남서,7.6,1014.6
2017-04-08,-,23.9,12.5,70.0,0.0,49,남,14.8,1009.4
2017-04-07,-,21.9,12.7,68.0,0.0,56,남,14.0,1013.6
2017-04-06,-,16.5,15.3,62.0,62.0,93,서남서,16.9,1012.1
2017-04-05,-,14.3,12.8,58.0,6.0,91,남남동,19.1,1021.3
2017-04-04,-,19.9,1.7,64.0,0.0,30,남남동,25.6,1023.8
2017-04-03,-,21.3,-1.9,65.0,0.0,21,서북서,11.2,1021.1
2017-04-02,-,15.6,-1.0,59.0,0.1,32,북북서,11.5,1018.3
2017-04-01,-,10.0,6.8,51.0,3.5,81,남동,12.6,1015.0
2017-03-31,-,11.1,4.7,10.9,0.0,65,북북동,5.4,1018.2
2017-03-30,-,18.6,3.9,18.5,0.0,38,남남동,15.8,1019.9
2017-03-29,-,9.5,7.4,8.7,2.0,87,북서,6.8,1022.7
2017-03-28,-,14.7,-2.7,14.4,0.0,30,서,8.6,1022.7
2017-03-27,-,11.2,2.2,10.1,0.1,54,북서,9.7,1019.2
2017-03-26,-,8.5,6.4,6.9,0.5,87,남동,9.7,1017.4
2017-03-25,-,11.3,3.3,9.9,1.0,58,동남동,12.2,1018.9
2017-03-24,-,12.0,1.3,10.1,0.0,48,남동,17.3,1022.1
2017-03-23,-,16.4,-2.6,16.1,0.0,27,남남서,11.9,1018.1
2017-03-22,-,13.7,-4.5,12.9,0.0,28,북서,11.2,1020.0
2017-03-21,-,16.4,1.6,15.9,3.0,37,북서,13.3,1012.2
2017-03-20,-,14.2,4.7,13.8,0.0,53,동남동,9.0,1018.2
2017-03-19,-,18.3,2.1,18.3,0.0,34,남남동,12.2,1024.4
2017-03-18,-,16.2,-3.8,16.2,0.0,25,서북서,9.0,1023.3
2017-03-17,-,16.1,-2.9,15.8,0.0,27,남남서,10.8,1022.1
2017-03-16,-,11.0,2.5,9.0,0.0,56,남남동,16.6,1020.6
2017-03-15,-,12.4,-6.6,10.8,0.0,26,북서,15.5,1021.9
2017-03-14,-,14.0,-1.6,13.2,0.0,34,북서,11.5,1014.5
2017-03-13,-,14.9,0.0,14.1,0.0,36,남남동,13.3,1015.7
2017-03-12,-,16.7,-2.4,16.4,0.0,27,남남동,12.2,1019.3
2017-03-11,-,15.8,-7.1,15.2,0.0,20,서북서,13.0,1022.5
2017-03-10,-,12.7,-9.1,11.7,0.0,21,북서,10.8,1017.8
2017-03-09,-,11.0,-6.8,8.9,0.0,28,서남서,16.9,1012.8
2017-03-08,-,6.8,-9.1,3.3,0.0,31,서북서,20.2,1013.3
2017-03-07,-,7.6,-9.3,5.4,0.0,29,서북서,12.2,1012.8
2017-03-06,-,9.4,-11.8,6.3,0.0,21,북서,23.0,1012.1
2017-03-05,-,13.9,-0.2,13.9,0.0,38,서남서,5.4,1014.3
2017-03-04,-,14.6,-2.8,13.6,0.0,30,남남동,14.4,1017.4
2017-03-03,-,11.2,-7.1,9.6,0.0,27,서,13.3,1018.8
2017-03-02,-,10.0,-0.5,7.7,0.5,48,북북서,16.9,1012.1
2017-03-01,-,13.1,-1.2,11.3,0.0,37,남남동,20.2,1015.6
2017-02-28,-,13.4,-0.2,13.2,0.0,39,남남동,6.8,1023.9
2017-02-27,-,9.5,2.3,8.2,0.0,61,남동,9.0,1025.8
2017-02-26,-,9.8,-3.8,8.7,0.0,38,남남서,8.3,1023.0
2017-02-25,-,9.6,-6.3,7.7,0.0,32,서북서,13.0,1020.3
2017-02-24,-,6.4,-11.7,3.0,0.0,26,북서,18.4,1021.9
2017-02-23,-,8.1,-6.4,5.2,0.0,35,북서,17.6,1013.9
2017-02-22,-,5.3,5.0,4.3,3.5,98,서북서,5.4,1013.9
2017-02-21,-,9.8,-3.5,9.1,0.0,39,남서,6.5,1030.2
2017-02-20,-,12.4,-9.9,10.4,0.5,20,북서,20.2,1009.5
2017-02-19,-,10.0,-6.3,8.4,0.0,31,남서,11.5,1018.2
2017-02-18,-,7.1,-15.0,4.1,0.0,19,북서,16.9,1021.3
2017-02-17,-,15.7,4.0,14.9,1.5,46,북서,15.8,1016.5
2017-02-16,-,13.7,6.0,12.0,0.0,60,서남서,20.2,1020.8
2017-02-15,-,12.8,-7.8,12.7,0.0,23,남남서,6.1,1028.9
2017-02-14,-,8.7,-9.7,5.8,0.0,26,북서,19.1,1030.9
2017-02-13,-,8.5,-10.4,6.2,0.0,25,북서,13.7,1029.3
2017-02-12,-,6.4,-9.1,3.5,0.0,32,북서,14.8,1026.8
2017-02-11,-,3.7,-11.9,-0.4,0.0,31,북서,18.4,1021.6
2017-02-10,-,2.0,-15.5,-2.4,0.0,26,북서,18.0,1014.3
2017-02-09,-,4.4,-13.4,0.1,0.0,26,북서,22.0,1009.9
2017-02-08,-,8.1,-4.7,6.4,0.0,40,북서,9.7,1016.1
2017-02-07,-,8.3,-7.4,7.7,0.0,32,서남서,5.4,1023.4
2017-02-06,-,7.4,-10.8,4.6,0.0,26,북서,15.8,1018.7
2017-02-05,-,10.2,6.1,9.0,3.5,76,북서,9.0,1008.9
2017-02-04,-,13.7,-6.5,13.1,0.0,24,남남동,9.4,1018.9
2017-02-03,-,9.7,-8.4,7.8,0.0,27,북서,13.0,1024.6
2017-02-02,-,8.6,-14.4,5.9,0.0,18,서북서,16.9,1026.2
2017-02-01,-,6.5,-9.0,2.5,0.0,32,북서,24.5,1024.1
2017-01-31,-,5.9,-5.1,3.4,0.0,45,북서,11.5,1025.8
2017-01-30,-,5.6,-9.8,2.1,1.0,32,북서,17.6,1020.7
2017-01-29,-,4.6,4.3,2.5,5.5,98,북서,8.6,1016.5
2017-01-28,-,11.3,-10.2,11.2,0.0,21,서,5.0,1025.4
2017-01-27,-,10.3,-11.7,8.1,0.0,20,북서,16.2,1023.9
2017-01-26,-,8.6,-12.5,8.6,0.0,21,서남서,4.0,1027.0
2017-01-25,-,5.4,-14.6,2.2,0.0,22,북서,15.5,1031.6
2017-01-24,-,2.9,-15.2,-1.0,0.0,25,북서,15.8,1031.5
2017-01-23,-,1.1,-15.0,-3.3,0.0,29,서북서,16.2,1027.7
2017-01-22,-,3.0,-12.1,-1.1,0.0,32,북서,17.6,1023.6
2017-01-21,-,2.0,-11.1,-2.2,0.0,37,북서,16.2,1025.9
2017-01-20,-,3.5,-8.5,-0.9,0.0,41,북서,20.5,1016.9
2017-01-19,-,7.6,-4.5,5.4,0.0,42,북서,11.9,1021.6
2017-01-18,-,7.1,-6.9,4.1,0.0,36,북서,16.9,1027.8
2017-01-17,-,6.9,-7.5,4.7,0.0,35,서북서,11.2,1030.1
2017-01-16,-,5.2,-10.5,1.9,0.0,31,서북서,15.5,1026.4
2017-01-15,-,2.4,-17.2,-1.5,0.0,22,북서,15.5,1023.9
2017-01-14,-,1.6,-15.4,-2.9,0.0,27,북서,18.0,1019.6
2017-01-13,-,5.2,-7.6,2.3,0.0,39,북서,13.3,1012.9
2017-01-12,-,7.2,-3.0,3.5,0.0,48,서북서,23.4,1015.4
2017-01-11,-,3.4,-13.4,-0.1,0.0,28,북서,14.0,1023.2
2017-01-10,-,6.3,-8.0,2.8,0.0,35,북서,19.4,1019.7
2017-01-09,-,10.2,-2.8,7.5,0.0,40,북서,20.9,1013.9
2017-01-08,-,11.4,6.1,10.0,4.0,70,북서,11.9,1011.5
2017-01-07,-,9.3,1.9,9.3,0.0,60,서북서,4.3,1019.7
2017-01-06,-,11.4,0.1,11.1,0.0,46,서남서,5.8,1026.0
2017-01-05,-,9.8,4.3,,0.0,69,보통,0.0,1026.3
2017-01-04,-,10.8,0.2,9.2,0.0,48,북서,12.6,1022.6
2017-01-03,-,11.1,-5.0,9.7,0.0,32,북서,11.5,1022.9
2017-01-02,-,13.7,2.2,12.8,0.0,46,북서,12.2,1021.0
2017-01-01,-,10.6,-1.1,9.1,0.0,44,서북서,11.9,1027.8
2016-12-31,-,8.6,-2.3,6.2,0.0,46,북서,14.8,1028.6
2016-12-30,-,5.6,-12.9,2.5,0.0,25,북서,15.1,1030.5
2016-12-29,-,0.9,-12.8,-2.5,0.3,35,북서,11.2,1029.2
2016-12-28,-,7.0,-4.4,4.8,0.0,44,서북서,11.5,1027.9
2016-12-27,-,7.7,-2.3,4.2,2.0,49,북서,22.7,1017.5
2016-12-26,-,6.4,6.3,4.8,6.5,100,북서,7.9,1018.0
2016-12-25,-,11.7,3.1,10.2,0.0,56,북서,13.3,1028.8
2016-12-24,-,6.2,-3.4,3.2,0.0,50,북서,15.5,1028.0
2016-12-23,-,6.8,-4.0,3.4,0.0,46,북서,19.8,1016.4
2016-12-22,-,11.9,7.6,10.3,41.0,75,서북서,14.4,1007.7
2016-12-21,-,15.3,11.4,15.3,0.0,78,동남동,5.8,1024.1
2016-12-20,-,14.7,9.2,14.7,0.0,70,북서,6.5,1025.2
2016-12-19,-,8.1,7.9,7.1,3.0,99,서북서,6.8,1024.9
2016-12-18,-,11.8,1.6,10.6,0.0,50,북서,11.2,1029.1
2016-12-17,-,9.8,-3.1,7.8,0.0,40,북서,14.0,1028.6
2016-12-16,-,4.6,-16.4,0.5,0.0,20,북서,20.5,1025.4
2016-12-15,-,5.7,-8.9,2.2,0.0,34,북서,18.4,1018.8
2016-12-14,-,8.4,0.1,5.7,0.0,56,북서,16.9,1016.8
2016-12-13,-,9.6,3.7,8.1,0.0,67,북서,10.1,1015.6
2016-12-12,-,9.6,-0.3,8.0,0.0,50,서북서,11.2,1022.8
2016-12-11,-,9.6,-9.0,8.0,0.0,26,북서,11.2,1028.3
2016-12-10,-,9.5,-10.6,7.4,0.0,23,서북서,14.4,1023.3
2016-12-09,-,12.7,-2.0,11.2,0.0,36,북서,15.5,1016.1
2016-12-08,-,7.6,-0.3,6.6,0.0,57,남서,6.5,1017.6
2016-12-07,-,7.7,-6.1,6.3,0.0,37,북서,7.9,1020.7
2016-12-06,-,8.6,-10.3,6.2,0.0,25,서북서,14.8,1024.6
2016-12-05,-,15.8,5.0,15.8,0.0,49,북서,8.3,1015.9
2016-12-04,-,11.3,2.8,10.2,0.0,56,북서,10.1,1017.0
2016-12-03,-,13.3,-4.8,13.3,0.0,28,서,2.9,1025.1
2016-12-02,-,11.7,-7.7,10.3,0.0,25,서북서,13.0,1028.3
2016-12-01,-,13.0,1.9,11.7,0.0,47,북서,14.0,1022.2
2016-11-30,-,11.1,8.3,10.5,0.5,83,남동,6.8,1024.0
2016-11-29,-,11.9,-5.6,10.6,0.0,29,북서,12.2,1031.5
2016-11-28,-,10.3,-4.1,8.2,0.0,36,서북서,15.5,1025.5
2016-11-27,-,9.9,2.7,7.6,0.0,61,북서,16.2,1018.7
2016-11-26,-,4.8,-2.5,2.2,0.0,59,북서,10.8,1022.3
2016-11-25,-,9.9,-4.8,7.6,0.0,35,북서,16.2,1025.6
2016-11-24,-,7.5,-11.8,4.2,0.0,24,북서,20.2,1023.0
2016-11-23,-,12.0,1.0,10.4,0.0,47,북서,14.4,1020.8
2016-11-22,-,12.4,3.3,11.0,0.0,54,북서,14.0,1017.0
2016-11-21,-,15.4,10.7,15.4,0.0,74,북,5.4,1017.2
2016-11-20,-,19.2,8.5,19.2,0.0,50,북,4.7,1020.4
2016-11-19,-,18.5,14.3,18.5,0.5,77,북,10.4,1012.7
2016-11-18,-,18.4,12.8,18.3,0.0,70,동북동,14.0,1018.4
2016-11-17,-,17.7,2.0,17.7,0.0,35,북,4.3,1023.3
2016-11-16,-,14.2,-4.0,13.6,0.0,28,북서,10.1,1021.2
2016-11-15,-,18.5,-5.5,18.3,0.0,19,북서,17.3,1017.0
2016-11-14,-,17.9,16.2,17.9,3.5,90,북북서,5.8,1015.1
2016-11-13,-,16.6,11.3,16.6,0.0,71,정온,1.4,1022.5
2016-11-12,-,18.6,8.2,18.6,0.0,51,남서,5.4,1022.4
2016-11-11,-,16.6,5.2,16.5,0.0,47,북서,10.4,1018.0
2016-11-10,-,12.7,5.8,12.7,0.0,63,서남서,5.0,1019.3
2016-11-09,-,14.2,1.7,13.5,0.0,43,북서,10.8,1026.4
2016-11-08,-,16.4,2.0,15.9,0.2,38,서북서,14.0,1019.3
2016-11-07,-,18.3,6.1,18.3,0.0,45,남,6.1,1020.8
2016-11-06,-,15.2,9.9,15.2,0.0,71,서,6.1,1025.4
2016-11-05,-,19.8,9.6,19.8,0.0,52,서북서,11.2,1012.8
2016-11-04,-,18.7,2.4,18.7,0.0,34,서남서,9.0,1016.9
2016-11-03,-,15.9,3.6,15.7,0.0,44,북서,10.1,1021.9
2016-11-02,-,12.9,-8.3,11.5,0.0,22,북서,15.1,1024.8
2016-11-01,-,12.2,-7.8,10.7,0.0,24,서북서,14.4,1026.6
2016-10-31,-,11.1,5.6,9.9,0.0,69,북서,10.4,1025.1
2016-10-30,-,16.9,-4.4,16.7,0.0,23,서북서,12.2,1027.4
2016-10-29,-,17.0,10.3,17.0,0.0,65,북,3.6,1022.8
2016-10-28,-,15.1,14.9,14.8,3.5,99,북서,9.4,1012.1
2016-10-27,-,18.9,12.1,18.9,0.0,65,남동,5.4,1023.6
2016-10-26,-,19.3,12.7,19.3,0.0,66,동북동,11.9,1017.1
2016-10-25,-,19.4,17.7,19.4,1.0,90,서남서,11.5,1010.3
2016-10-24,-,20.6,8.8,20.6,0.0,47,남동,8.3,1018.3
2016-10-23,-,17.2,10.3,17.2,0.0,64,서,8.6,1015.3
2016-10-22,-,21.5,13.6,21.5,0.0,61,북북서,5.4,1012.3
2016-10-21,-,17.0,12.5,17.0,0.0,75,서,4.7,1021.6
2016-10-20,-,23.5,12.1,23.5,0.0,49,동,6.1,1018.4
2016-10-19,-,23.3,13.1,23.3,0.0,53,북서,9.7,1016.6
2016-10-18,-,21.9,15.4,21.9,0.0,67,북서,4.7,1019.0
2016-10-17,-,24.5,18.1,24.5,0.0,68,서,9.4,1015.4
2016-10-16,-,16.1,15.9,16.1,10.0,99,북서,5.0,1019.6
2016-10-15,-,23.8,12.1,23.8,0.0,48,남동,15.8,1024.5
2016-10-14,-,24.4,9.9,24.4,0.0,40,남남동,7.6,1023.9
2016-10-13,-,20.8,12.7,20.8,0.0,60,서북서,5.0,1022.5
2016-10-12,-,22.9,10.9,22.9,0.0,47,남동,5.8,1020.6
2016-10-11,-,18.9,12.6,18.9,0.0,67,서북서,7.6,1018.4
2016-10-10,-,20.3,11.7,20.3,0.0,58,남동,9.7,1018.6
2016-10-09,-,21.3,7.1,21.3,0.0,40,동남동,5.0,1016.9
2016-10-08,-,19.4,18.5,19.4,19.5,95,북,5.8,1009.9
2016-10-07,-,21.5,15.3,21.5,0.0,68,남동,7.9,1020.7
2016-10-06,-,26.8,16.1,26.8,0.0,52,남남서,6.8,1019.3
2016-10-05,-,24.7,18.3,24.7,140.5,68,서북서,22.7,1004.9
2016-10-04,-,26.3,18.1,26.3,0.0,61,동,7.9,1015.4
2016-10-03,-,27.5,22.4,27.5,0.0,74,서남서,8.6,1009.4
2016-10-02,-,28.0,20.2,28.0,1.0,63,남동,11.5,1015.1
2016-10-01,-,21.5,18.8,21.5,0.5,85,서,3.2,1018.3
2016-09-30,-,17.0,16.9,63.0,20.5,100,서북서,8.6,1015.4
2016-09-29,-,18.3,15.7,64.0,4.0,85,북북서,6.1,1018.2
2016-09-28,-,22.6,21.9,72.0,14.0,96,북서,8.6,1013.6
2016-09-27,-,28.0,23.1,79.0,0.5,75,북서,7.6,1014.8
2016-09-26,-,25.0,21.7,75.0,0.1,82,정온,1.4,1016.2
2016-09-25,-,26.7,16.3,74.0,0.0,53,남남서,4.3,1016.7
2016-09-24,-,26.7,17.7,75.0,0.0,58,남동,13.7,1015.5
2016-09-23,-,24.3,16.7,72.0,0.0,63,남동,6.8,1016.4
2016-09-22,-,21.9,17.2,70.0,0.4,75,북북서,5.0,1017.7
2016-09-21,-,23.6,12.8,70.0,0.0,51,남서,5.4,1020.1
2016-09-20,-,25.0,10.8,71.0,0.0,41,서남서,7.6,1014.7
2016-09-19,-,22.5,14.8,69.0,0.0,62,서남서,7.6,1010.5
2016-09-18,-,22.2,18.1,70.0,6.0,78,서,4.7,1010.5
2016-09-17,-,20.2,19.8,68.0,78.0,98,남남동,2.9,1009.1
2016-09-16,-,24.6,21.9,75.0,0.5,85,서북서,5.8,1015.3
2016-09-15,-,27.9,21.4,78.0,0.0,68,남남동,10.1,1015.8
2016-09-14,-,28.7,19.0,77.0,0.0,56,남서,2.2,1017.1
2016-09-13,-,28.3,18.3,77.0,0.0,55,동남동,7.6,1017.7
2016-09-12,-,20.3,19.6,68.0,10.0,96,북북서,4.3,1016.2
2016-09-11,-,27.2,20.0,77.0,0.0,65,동남동,5.4,1014.5
2016-09-10,-,25.6,20.3,75.0,0.1,73,동남동,4.0,1012.7
2016-09-09,-,27.8,20.8,78.0,0.0,66,남동,9.4,1009.2
2016-09-08,-,28.4,15.9,76.0,15.0,47,서북서,6.5,1006.3
2016-09-07,-,27.4,21.6,78.0,0.0,71,남,8.3,1005.3
2016-09-06,-,27.9,23.2,79.0,0.0,76,남,4.0,1008.8
2016-09-05,-,27.6,22.5,78.0,0.0,74,남,4.0,1009.9
2016-09-04,-,26.7,22.7,78.0,0.0,79,북서,4.7,1010.5
2016-09-03,-,26.5,22.1,77.0,57.0,77,남남동,8.6,1009.7
2016-09-02,-,19.7,19.0,67.0,17.5,96,동남동,6.1,1008.6
2016-09-01,-,28.4,21.4,78.0,0.0,66,남,15.5,1004.6
2016-08-31,-,29.1,9.7,74.0,0.0,30,서북서,28.1,993.2
2016-08-30,-,23.5,14.2,70.0,0.0,56,북서,22.7,992.3
2016-08-29,-,23.9,14.5,71.0,0.5,56,북북서,8.3,1000.1
2016-08-28,-,19.2,18.2,66.0,37.5,94,북서,11.2,1001.4
2016-08-27,-,29.3,15.0,76.0,0.3,42,남남동,7.6,1008.0
2016-08-26,-,21.6,17.7,69.0,0.0,79,북북서,7.9,1009.3
2016-08-25,-,33.2,23.2,84.0,0.0,56,남남동,14.4,1004.7
2016-08-24,-,33.1,16.4,80.0,0.0,37,남동,15.8,1006.7
2016-08-23,-,31.4,21.2,81.0,0.2,55,동북동,4.3,1007.1
2016-08-22,-,32.6,21.7,82.0,0.0,53,서북서,4.0,1005.7
2016-08-21,-,32.0,22.9,82.0,0.0,59,서,4.3,1006.1
2016-08-20,-,32.6,20.1,81.0,0.0,48,남동,12.6,1006.2
2016-08-19,-,33.4,22.1,83.0,0.0,52,남동,9.4,1006.9
2016-08-18,-,33.4,22.1,83.0,0.0,52,남동,10.4,1005.8
2016-08-17,-,32.3,23.5,83.0,0.0,60,남,16.9,1003.4
2016-08-16,-,31.4,22.9,82.0,0.0,61,동,5.4,1001.4
2016-08-15,-,35.8,23.7,86.0,0.0,50,서,4.7,1000.6
2016-08-14,-,35.5,20.6,84.0,0.0,42,서,13.7,1003.2
2016-08-13,-,35.2,25.9,87.0,0.0,59,남남동,14.8,1005.0
2016-08-12,-,34.3,26.5,87.0,0.0,64,남,15.8,1006.6
2016-08-11,-,35.7,22.6,85.0,0.0,47,서북서,11.9,1008.9
2016-08-10,-,32.8,25.6,85.0,0.0,66,남남동,12.6,1009.9
2016-08-09,-,31.4,23.7,82.0,0.0,64,남동,5.8,1008.7
2016-08-08,-,32.9,24.6,84.0,0.0,62,남남동,12.2,1006.2
2016-08-07,-,34.3,24.2,85.0,0.0,56,남남동,14.4,1007.0
2016-08-06,-,33.6,24.4,85.0,0.0,59,남,13.3,1008.6
2016-08-05,-,34.0,24.2,85.0,0.0,57,남서,8.6,1009.9
2016-08-04,-,30.9,23.2,82.0,0.0,64,남동,16.2,1009.8
2016-08-03,-,27.3,23.7,79.0,0.1,81,남남동,6.8,1009.8
2016-08-02,-,30.7,25.7,83.0,0.0,75,남남동,11.5,1008.8
2016-08-01,-,32.1,25.6,84.0,0.0,69,남남동,14.4,1009.5
2016-07-31,-,33.2,25.7,85.0,0.0,65,남,14.8,1010.7
2016-07-30,-,32.7,26.2,85.0,0.0,69,남남동,18.0,1011.4
2016-07-29,-,32.4,26.6,85.0,0.0,72,남남동,18.0,1010.4
2016-07-28,-,32.1,24.9,84.0,0.0,66,서남서,15.1,1007.5
2016-07-27,-,32.5,25.0,84.0,0.0,65,서남서,16.6,1006.2
2016-07-26,-,32.2,25.2,84.0,0.0,67,서남서,14.4,1007.9
2016-07-25,-,31.3,26.7,85.0,1.0,77,동남동,5.0,1010.4
2016-07-24,-,35.0,26.8,87.0,0.0,63,남남서,9.0,1011.2
2016-07-23,-,33.1,23.1,83.0,0.0,56,남,11.2,1010.6
2016-07-22,-,31.7,21.2,81.0,0.0,54,남동,16.6,1011.6
2016-07-21,-,30.7,22.3,81.0,0.0,61,남동,9.4,1012.8
2016-07-20,-,31.7,20.3,81.0,0.0,51,남동,13.7,1013.2
2016-07-19,-,30.4,23.3,81.0,0.0,66,남동,16.2,1011.9
2016-07-18,-,32.3,24.3,84.0,0.0,63,남남동,8.3,1009.7
2016-07-17,-,29.2,22.6,80.0,0.0,68,남남서,10.4,1007.2
2016-07-16,-,23.5,22.1,74.0,0.0,92,남동,9.7,1001.9
2016-07-15,-,32.2,20.4,81.0,0.0,50,남동,5.8,1004.5
2016-07-14,-,33.8,22.2,83.0,0.0,51,북서,6.5,1000.3
2016-07-13,-,30.6,24.0,82.0,0.2,68,서남서,7.2,999.8
2016-07-12,-,26.0,24.9,78.0,0.1,94,남남동,8.6,1003.6
2016-07-11,-,27.1,24.5,79.0,0.0,86,남동,14.8,1005.2
2016-07-10,-,31.9,26.4,85.0,0.0,73,남동,7.9,1003.7
2016-07-09,-,31.2,24.3,83.0,0.0,67,남,14.0,1006.1
2016-07-08,-,28.7,24.6,81.0,2.0,79,서북서,6.8,1010.4
2016-07-07,-,31.5,26.0,84.0,0.0,73,남남동,13.7,1014.8
2016-07-06,-,29.7,25.8,82.0,0.5,80,남남동,11.2,1015.4
2016-07-05,-,29.7,26.4,83.0,0.3,83,남남동,12.6,1014.0
2016-07-04,-,24.9,24.9,77.0,29.5,100,남동,11.5,1012.0
2016-07-03,-,22.5,22.4,73.0,5.0,100,북북서,5.4,1011.0
2016-07-02,-,24.1,24.0,75.0,1.0,100,남,8.3,1007.7
2016-07-01,-,23.5,23.4,74.0,13.5,100,남남동,15.1,1009.3
2016-06-30,-,26.2,24.6,78.0,0.0,91,남남동,19.8,1012.2
2016-06-29,-,25.9,19.5,75.0,1.0,68,남,2.5,1012.1
2016-06-28,-,26.0,15.0,73.0,0.0,51,남동,10.4,1012.0
2016-06-27,-,22.5,22.4,73.0,0.0,100,남동,8.6,1010.5
2016-06-26,-,29.0,14.0,76.0,0.0,40,북서,9.0,1008.6
2016-06-25,-,26.4,16.6,74.0,0.0,55,서남서,17.6,1003.9
2016-06-24,-,24.0,23.9,75.0,37.5,100,남남서,7.9,996.1
2016-06-23,-,28.2,18.8,77.0,0.0,57,남남동,15.1,1007.5
2016-06-22,-,24.3,22.7,75.0,1.0,91,남남동,7.2,1006.1
2016-06-21,-,24.1,22.8,75.0,6.5,93,서,2.2,1009.6
2016-06-20,-,27.8,24.8,80.0,0.0,84,남남서,5.0,1007.2
2016-06-19,-,30.6,18.3,79.0,20.0,48,서북서,13.3,1007.5
2016-06-18,-,28.4,19.0,77.0,0.0,57,남남동,15.1,1012.8
2016-06-17,-,30.6,13.3,77.0,0.0,35,북서,11.2,1008.7
2016-06-16,-,28.5,16.7,76.0,12.0,49,북서,9.0,998.1
2016-06-15,-,24.7,20.1,74.0,0.0,76,남,6.1,1003.6
2016-06-14,-,27.0,19.6,76.0,0.0,64,남,11.9,1004.9
2016-06-13,-,28.4,19.0,77.0,0.0,57,남동,14.0,1001.9
2016-06-12,-,24.5,24.4,76.0,0.3,100,남남서,4.7,1006.4
2016-06-11,-,28.9,19.2,78.0,0.0,56,남남동,16.9,1011.0
2016-06-10,-,29.0,18.1,77.0,0.0,52,남,11.9,1012.9
2016-06-09,-,27.1,18.6,76.0,0.0,60,남,7.6,1011.0
2016-06-08,-,23.4,20.5,73.0,0.0,84,남동,12.6,1010.1
2016-06-07,-,26.3,18.1,75.0,0.0,61,남,11.5,1010.8
2016-06-06,-,20.2,19.5,68.0,2.0,96,남,3.2,1013.5
2016-06-05,-,26.9,13.9,74.0,0.0,45,남동,13.3,1010.8
2016-06-04,-,19.8,18.8,67.0,3.5,94,남남동,7.6,1009.7
2016-06-03,-,28.4,13.4,75.0,0.0,40,남남동,18.0,1010.9
2016-06-02,-,27.4,10.9,73.0,0.0,36,남,14.8,1011.0
2016-06-01,-,25.7,8.6,71.0,0.0,34,남동,18.0,1007.8
2016-05-31,-,30.8,12.6,77.0,0.0,33,서북서,11.5,1006.6
2016-05-30,-,28.3,13.7,75.0,0.0,41,남남동,18.0,1006.6
2016-05-29,-,27.3,15.3,75.0,2.0,48,남남서,5.8,1003.4
2016-05-28,-,25.8,16.9,74.0,0.0,58,남동,8.3,1007.4
2016-05-27,-,28.7,11.7,74.0,0.1,35,남동,15.5,1011.3
2016-05-26,-,28.0,15.2,75.0,0.0,46,남남동,14.8,1008.7
2016-05-25,-,25.2,11.0,71.0,0.0,41,서,8.6,1009.4
2016-05-24,-,19.6,19.5,67.0,11.5,100,남동,7.9,1006.9
2016-05-23,-,27.8,15.7,75.0,0.0,48,남남동,13.0,1013.7
2016-05-22,-,29.0,8.6,74.0,0.0,28,남동,12.6,1016.5
2016-05-21,-,28.2,7.4,73.0,0.0,27,남동,16.6,1017.5
2016-05-20,-,28.1,10.7,74.0,0.0,34,남남서,10.1,1017.7
2016-05-19,-,30.4,10.3,76.0,0.0,29,남,9.0,1017.5
2016-05-18,-,28.9,11.4,75.0,0.0,34,남남동,9.0,1017.9
2016-05-17,-,26.8,5.6,71.0,0.0,26,서북서,7.9,1015.0
2016-05-16,-,21.2,5.9,66.0,7.5,37,서북서,11.9,1010.7
2016-05-15,-,23.8,17.9,72.0,0.0,70,남,11.9,1012.9
2016-05-14,-,24.8,12.0,71.0,0.0,45,남남동,11.5,1022.6
2016-05-13,-,22.9,12.5,69.0,0.0,52,남남서,3.2,1019.6
2016-05-12,-,24.6,7.2,70.0,0.0,33,남서,15.8,1014.6
2016-05-11,-,20.3,13.0,66.0,0.1,63,남남동,15.1,1010.2
2016-05-10,-,15.9,15.8,61.0,18.5,100,북북서,2.5,1004.2
2016-05-09,-,24.0,10.6,70.0,0.0,43,남,6.8,1009.9
2016-05-08,-,23.5,3.9,68.0,0.0,28,남동,17.3,1017.5
2016-05-07,-,24.8,5.0,69.0,0.0,28,북서,16.6,1012.3
2016-05-06,-,18.6,18.5,65.0,4.0,100,동남동,5.4,1007.7
2016-05-05,-,24.7,6.8,70.0,0.0,32,남,15.1,1015.9
2016-05-04,-,25.7,-0.4,69.0,0.0,18,서북서,38.2,1003.7
2016-05-03,-,18.5,18.1,65.0,67.0,98,서남서,14.8,995.7
2016-05-02,-,24.0,17.9,72.0,0.0,69,남,11.5,1015.8
2016-05-01,-,25.1,8.1,70.0,0.0,34,남서,11.2,1015.8
2016-04-30,-,23.2,6.4,68.0,0.0,34,남,17.3,1013.3
2016-04-29,-,20.7,3.8,65.0,0.0,33,남남동,16.9,1013.8
2016-04-28,-,17.0,10.5,62.0,4.0,66,정온,1.4,1007.5
2016-04-27,-,14.3,10.6,58.0,14.0,79,서,5.8,1007.5
2016-04-26,-,24.2,9.3,70.0,0.0,39,남동,22.0,1015.0
2016-04-25,-,25.0,2.4,69.0,0.0,23,남남동,12.2,1017.3
2016-04-24,-,22.7,2.7,67.0,0.0,27,남동,22.0,1013.8
2016-04-23,-,19.5,8.4,65.0,0.0,49,남,8.6,1013.4
2016-04-22,-,25.3,13.4,72.0,0.0,48,남남동,11.9,1009.4
2016-04-21,-,17.0,16.9,63.0,30.0,100,북서,4.0,1001.3
2016-04-20,-,21.7,-0.3,66.0,0.0,23,남남동,15.5,1021.0
2016-04-19,-,21.4,-0.6,65.0,0.0,23,북서,13.3,1022.9
2016-04-18,-,19.6,-0.9,63.0,0.0,25,서,11.9,1014.8
2016-04-17,-,19.7,3.3,64.0,9.0,34,서북서,24.5,1007.3
2016-04-16,-,17.9,12.1,63.0,0.0,69,남남동,12.6,1013.5
2016-04-15,-,19.8,3.0,64.0,0.0,33,남동,17.3,1021.2
2016-04-14,-,25.5,8.4,71.0,0.0,34,서북서,12.6,1009.9
2016-04-13,-,15.1,15.0,59.0,13.5,100,남동,7.2,1007.1
2016-04-12,-,18.0,3.4,62.0,0.0,38,남,12.6,1016.8
2016-04-11,-,11.6,2.8,54.0,0.0,55,동남동,8.6,1021.9
2016-04-10,-,20.9,9.7,66.0,0.0,49,남동,21.2,1012.2
2016-04-09,-,21.4,7.5,66.0,0.0,41,남남동,18.4,1013.6
2016-04-08,-,23.5,6.7,68.0,0.0,34,남,14.4,1014.6
2016-04-07,-,15.6,11.5,60.0,39.5,77,서북서,7.2,1008.7
2016-04-06,-,19.6,-0.4,64.0,0.0,26,남동,21.2,1017.6
2016-04-05,-,20.7,1.0,65.0,0.0,27,북서,10.4,1014.8
2016-04-04,-,13.0,8.2,56.0,3.5,73,동남동,3.2,1014.3
2016-04-03,-,17.2,14.8,63.0,0.5,86,남동,5.4,1016.2
2016-04-02,-,17.9,11.6,63.0,0.0,67,남남동,15.5,1019.2
2016-04-01,-,23.5,4.9,68.0,0.0,30,남,14.8,1014.2
2016-03-31,-,18.4,6.2,18.4,0.0,45,남,9.7,1016.1
2016-03-30,-,22.3,-3.9,22.3,0.0,17,서북서,13.3,1018.7
2016-03-29,-,15.5,1.5,14.3,0.0,39,서남서,20.9,1021.6
2016-03-28,-,18.0,-6.0,17.8,0.0,19,서북서,14.0,1020.9
2016-03-27,-,15.1,-3.3,14.5,0.0,28,북서,12.2,1018.4
2016-03-26,-,8.6,4.2,7.0,0.5,74,남동,9.7,1021.3
2016-03-25,-,10.8,0.2,10.8,0.0,48,동남동,4.0,1024.2
2016-03-24,-,12.8,-3.1,12.8,0.3,33,남남서,4.7,1023.3
2016-03-23,-,16.4,4.0,15.6,0.0,44,남,18.0,1016.3
2016-03-22,-,17.8,4.0,17.7,0.0,40,남남동,12.6,1016.3
2016-03-21,-,14.7,4.0,13.4,0.0,49,남,18.7,1023.6
2016-03-20,-,11.8,2.2,9.6,0.0,52,남동,20.2,1021.8
2016-03-19,-,17.9,4.7,17.9,0.0,42,서남서,4.3,1013.6
2016-03-18,-,13.5,13.4,13.1,23.5,100,동남동,8.3,1011.2
2016-03-17,-,17.7,4.6,17.3,0.0,42,남남동,16.9,1020.1
2016-03-16,-,17.9,-3.5,17.9,0.0,23,남서,8.6,1020.3
2016-03-15,-,12.2,-3.6,9.9,0.0,33,남남동,22.7,1022.4
2016-03-14,-,12.6,-2.1,11.3,0.0,36,북서,13.7,1018.8
2016-03-13,-,9.9,-5.6,9.9,0.0,33,서,4.0,1022.4
2016-03-12,-,9.8,-11.5,7.7,0.0,21,서북서,15.1,1024.2
2016-03-11,-,7.5,-10.8,5.2,0.0,26,서북서,12.2,1022.9
2016-03-10,-,9.3,-12.5,7.3,0.0,20,북서,13.0,1021.5
2016-03-09,-,11.6,0.3,11.3,8.0,46,동남동,6.1,1018.2
2016-03-08,-,9.6,-0.6,8.9,0.0,49,북북서,6.5,1020.5
2016-03-07,-,17.1,3.7,17.1,0.0,41,서남서,8.3,1015.4
2016-03-06,-,16.3,16.2,16.3,9.0,100,서남서,2.5,1017.3
2016-03-05,-,15.6,11.3,15.0,0.0,76,남동,12.6,1021.9
2016-03-04,-,11.7,11.6,11.7,23.0,100,서북서,3.6,1026.0
2016-03-03,-,17.6,-2.1,17.4,0.0,26,남남서,14.0,1023.9
2016-03-02,-,13.2,-6.9,12.4,0.0,24,남,10.4,1024.8
2016-03-01,-,5.3,-13.6,2.5,0.0,24,북서,12.6,1026.4
2016-02-29,-,3.4,-10.6,-0.4,0.0,35,북서,15.8,1021.9
2016-02-28,-,14.4,6.2,13.3,0.2,58,남남동,15.8,1019.4
2016-02-27,-,14.7,-3.1,14.1,0.0,29,북서,11.2,1022.8
2016-02-26,-,8.5,-3.3,7.3,0.0,43,북서,7.9,1029.0
2016-02-25,-,7.3,-15.5,5.0,0.0,18,북서,12.2,1033.1
2016-02-24,-,6.3,-7.0,3.3,0.0,38,북서,15.5,1029.9
2016-02-23,-,12.3,-8.8,10.9,0.0,22,서북서,13.3,1025.7
2016-02-22,-,10.7,-6.2,9.8,0.0,30,남동,7.9,1028.7
2016-02-21,-,7.0,-15.7,3.8,0.0,18,북서,18.4,1029.4
2016-02-20,-,11.2,-3.7,9.9,0.0,35,북서,10.8,1017.1
2016-02-19,-,14.2,-11.3,13.9,0.0,16,북서,8.3,1026.2
2016-02-18,-,10.4,-7.8,8.9,0.0,27,남서,11.5,1022.7
2016-02-17,-,7.6,-15.2,5.4,0.0,18,북서,11.9,1024.0
2016-02-16,-,5.3,-11.7,2.0,0.0,28,서북서,15.8,1017.3
2016-02-15,-,2.5,-19.4,-1.8,0.0,18,북서,17.6,1018.0
2016-02-14,-,7.4,-6.0,4.3,0.0,38,북서,18.0,1009.8
2016-02-13,-,15.4,15.0,15.3,7.5,98,동남동,8.3,1009.1
2016-02-12,-,12.3,11.6,11.4,8.5,96,동남동,10.1,1020.3
2016-02-11,-,14.3,-1.7,13.6,0.0,33,북동,11.5,1023.1
2016-02-10,-,12.3,-15.4,11.3,0.0,13,남남동,10.8,1026.3
2016-02-09,-,9.8,-18.3,7.5,0.0,12,북서,16.2,1020.9
2016-02-08,-,8.0,-14.2,5.7,0.0,19,서,13.0,1017.9
2016-02-07,-,6.8,-10.0,4.9,0.0,29,서북서,9.4,1020.8
2016-02-06,-,5.2,-14.8,1.8,0.0,22,북서,16.2,1020.5
2016-02-05,-,8.5,-20.3,6.0,0.0,11,북서,15.8,1020.7
2016-02-04,-,6.7,-12.4,4.5,0.0,24,북서,10.8,1023.8
2016-02-03,-,6.3,-15.0,3.5,0.0,20,북서,14.0,1025.4
2016-02-02,-,4.9,-19.6,1.4,0.0,15,북서,16.6,1024.9
2016-02-01,-,5.2,-14.2,1.5,0.0,23,서북서,18.4,1025.0
2016-01-31,-,5.4,-3.9,2.4,0.0,51,북서,14.0,1026.7
2016-01-30,-,8.7,0.3,8.3,0.0,56,북,5.0,1024.1
2016-01-29,-,5.2,3.3,2.9,15.0,88,북서,10.1,1021.7
2016-01-28,-,3.4,-5.0,1.6,0.2,54,서북서,6.8,1027.5
2016-01-27,-,9.3,-8.3,7.9,0.0,28,남,9.4,1029.3
2016-01-26,-,6.9,-9.9,4.3,0.0,29,북서,13.3,1024.9
2016-01-25,-,1.0,-16.8,-3.2,0.0,25,북서,15.1,1026.4
2016-01-24,-,-4.6,-24.7,-11.0,0.0,19,서북서,19.8,1020.6
2016-01-23,-,-0.1,-19.3,-5.4,0.0,22,북서,20.2,1025.1
2016-01-22,-,5.2,-24.0,1.6,0.0,10,북서,18.0,1027.2
2016-01-21,-,1.2,-19.9,-2.5,0.0,19,북서,12.6,1024.5
2016-01-20,-,0.3,-18.9,-4.9,0.0,22,북서,20.2,1027.3
2016-01-19,-,-0.1,-21.0,-5.6,0.0,19,북서,21.6,1015.9
2016-01-18,-,5.3,-12.2,0.9,0.5,27,서북서,24.8,1008.5
2016-01-17,-,10.9,0.8,10.9,0.0,50,남남동,3.6,1014.5
2016-01-16,-,8.5,-5.7,8.5,0.0,36,남,3.2,1021.9
2016-01-15,-,8.0,-8.9,5.9,0.0,29,서북서,11.9,1020.5
2016-01-14,-,6.3,-9.6,4.3,0.0,31,북서,9.7,1021.0
2016-01-13,소낙눈 끝,2.0,-2.3,-4.0,0.5,73,북서,31.3,1020.8
2016-01-12,-,6.6,-24.1,3.1,0.0,9,서북서,19.8,1019.8
2016-01-11,-,7.4,-20.2,4.8,0.0,12,서북서,14.0,1022.5
2016-01-10,-,8.6,-9.8,6.9,0.0,26,북서,10.1,1024.7
2016-01-09,-,7.7,-9.7,5.0,0.0,28,북서,15.5,1023.7
2016-01-08,-,5.9,-12.1,2.5,0.0,26,북서,17.6,1020.8
2016-01-07,-,7.1,-11.6,4.2,0.0,25,북서,15.8,1021.7
2016-01-06,-,8.0,-9.9,6.0,0.0,27,북북서,11.5,1021.5
2016-01-05,-,5.1,-9.8,2.9,0.0,33,서북서,9.4,1024.8
2016-01-04,-,13.7,-4.5,12.8,0.0,28,북서,12.2,1020.6
2016-01-03,-,15.7,1.7,15.7,0.0,39,서북서,4.7,1018.4
2016-01-02,-,10.3,-2.4,10.3,0.0,41,서남서,2.9,1023.5
2016-01-01,-,9.0,-9.0,7.2,0.0,27,북서,11.5,1030.0
2015-12-31,-,9.3,-6.9,6.9,0.0,31,북서,16.2,1028.3
2015-12-30,-,8.9,-12.9,8.2,0.0,20,서,6.1,1028.2
2015-12-29,-,6.8,-18.9,4.1,0.0,14,서북서,14.4,1031.0
2015-12-28,-,4.5,-15.4,0.8,0.0,22,북서,17.3,1029.6
2015-12-27,-,8.6,-9.8,6.4,0.0,26,북서,13.7,1025.9
2015-12-26,-,11.6,-5.8,9.2,0.0,29,서북서,22.7,1018.3
2015-12-25,-,8.8,-15.7,6.7,0.0,16,북서,13.0,1019.0
2015-12-24,-,12.8,-1.1,11.7,0.0,38,북서,12.2,1016.7
2015-12-23,-,11.9,6.7,11.0,2.0,71,북서,9.4,1019.6
2015-12-22,-,13.8,0.0,13.8,0.0,39,서,5.8,1027.1
2015-12-21,-,13.0,3.8,12.0,3.0,54,북서,11.9,1024.6
2015-12-20,-,6.6,-2.5,6.6,0.0,52,서북서,3.2,1027.7
2015-12-19,-,10.6,-7.1,8.9,0.0,28,북서,13.0,1033.7
2015-12-18,-,7.2,-9.6,4.3,0.0,29,북서,16.6,1030.5
2015-12-17,-,3.8,-17.7,-0.1,0.0,19,북서,17.6,1025.3
2015-12-16,-,7.6,-6.9,4.6,0.0,35,북서,18.0,1016.1
2015-12-15,-,13.8,1.0,13.2,0.5,42,북북서,10.1,1016.4
2015-12-14,-,11.9,5.7,11.1,0.5,66,남동,8.6,1020.2
2015-12-13,-,14.3,-1.3,13.8,0.0,34,북서,9.7,1022.7
2015-12-12,-,14.3,-2.2,14.3,0.0,32,동남동,6.8,1023.0
2015-12-11,-,10.5,2.5,9.2,7.5,58,북서,10.1,1017.0
2015-12-10,-,11.1,10.6,10.1,6.5,97,북서,9.4,1016.8
2015-12-09,-,13.6,4.1,13.4,0.0,53,북서,6.8,1029.2
2015-12-08,-,16.2,1.8,16.2,0.0,38,남남서,6.5,1030.0
2015-12-07,-,16.8,2.3,16.8,0.0,38,남남서,5.0,1027.1
2015-12-06,-,9.5,-4.1,8.3,0.0,38,북서,8.6,1026.4
2015-12-05,-,9.8,-5.3,7.5,0.0,34,북서,16.6,1023.0
2015-12-04,-,9.4,-7.3,6.5,0.0,30,북서,21.6,1019.7
2015-12-03,-,9.1,-8.4,5.8,0.0,28,서북서,24.5,1012.4
2015-12-02,-,15.1,8.5,14.3,0.0,65,남동,13.7,1014.5
2015-12-01,-,17.0,2.1,17.0,0.0,37,남,5.0,1024.4
2015-11-30,-,15.9,-1.2,15.5,0.3,31,북서,11.9,1021.5
2015-11-29,-,14.0,-3.3,14.0,0.0,30,남남동,6.5,1026.1
2015-11-28,-,10.3,-4.1,8.4,0.0,36,북서,14.0,1029.4
2015-11-27,-,9.0,-7.2,6.4,0.0,31,북서,17.3,1022.7
2015-11-26,-,6.4,-10.8,2.2,0.0,28,서북서,25.9,1013.0
2015-11-25,-,8.8,5.1,6.8,0.2,78,북서,12.2,1017.0
2015-11-24,-,15.6,1.6,15.6,0.0,39,남남서,5.8,1022.8
2015-11-23,-,17.3,10.6,17.3,0.0,65,남동,6.8,1021.5
2015-11-22,-,18.3,6.7,18.3,0.0,47,동남동,7.6,1026.0
2015-11-21,-,14.4,6.4,13.9,0.0,59,서북서,10.1,1024.8
2015-11-20,-,19.3,3.8,19.3,0.1,36,북서,10.8,1022.0
2015-11-19,-,15.9,6.0,15.9,0.0,52,동남동,5.4,1022.0
2015-11-18,-,14.0,7.5,13.9,4.0,65,북서,6.8,1017.3
2015-11-17,-,17.8,16.4,17.8,0.1,92,서북서,4.7,1018.0
2015-11-16,-,19.7,9.8,19.7,0.0,53,남남동,11.2,1017.2
2015-11-15,-,19.5,7.8,19.5,0.0,47,북북서,7.6,1019.4
2015-11-14,-,18.9,15.3,18.9,0.0,80,서남서,4.7,1012.8
2015-11-13,-,13.2,12.0,13.0,8.5,93,북북서,6.5,1019.7
2015-11-12,-,18.6,6.7,18.3,0.0,46,남동,18.7,1028.9
2015-11-11,-,19.0,8.0,19.0,0.0,49,서북서,5.8,1027.5
2015-11-10,-,16.4,6.7,16.3,0.0,53,북서,10.1,1022.0
2015-11-09,-,18.5,11.5,18.5,3.5,64,북서,6.1,1015.1
2015-11-08,-,16.3,15.9,16.3,7.5,98,남동,4.3,1016.1
2015-11-07,-,15.9,15.5,15.9,5.5,98,서북서,5.0,1022.3
2015-11-06,-,21.5,6.9,21.5,0.0,39,동남동,3.6,1025.8
2015-11-05,-,23.0,4.4,23.0,0.0,30,서북서,6.1,1023.4
2015-11-04,-,22.2,5.9,22.2,0.0,35,남서,5.8,1027.6
2015-11-03,-,21.2,2.4,21.2,0.0,29,남,8.6,1028.3
2015-11-02,-,17.0,1.0,16.6,0.2,34,서북서,14.0,1020.7
2015-11-01,-,11.3,-1.1,10.6,0.0,42,서북서,7.6,1025.6
2015-10-31,-,14.8,-10.8,13.9,0.0,16,북서,14.4,1027.7
2015-10-30,-,16.4,-6.6,15.8,0.0,20,북서,15.5,1024.4
2015-10-29,-,19.4,3.5,19.4,0.0,35,북서,6.8,1021.3
2015-10-28,-,18.5,-4.9,18.4,0.0,20,북서,14.4,1019.3
2015-10-27,-,20.2,11.6,20.2,6.0,58,북서,13.3,1007.3
2015-10-26,-,20.0,4.8,20.0,0.0,37,남동,11.2,1020.7
2015-10-25,-,21.0,2.2,21.0,0.0,29,남동,16.9,1024.2
2015-10-24,-,24.0,9.9,24.0,0.0,41,북서,13.3,1016.2
2015-10-23,-,24.4,9.1,24.4,0.0,38,서,6.5,1018.2
2015-10-22,-,21.7,11.1,21.7,0.0,51,동,5.0,1021.7
2015-10-21,-,25.5,12.6,25.5,0.0,45,서,7.6,1017.6
2015-10-20,-,27.1,8.0,27.1,0.0,30,남동,8.3,1016.0
2015-10-19,-,26.8,8.7,26.8,0.0,32,남동,10.8,1016.5
2015-10-18,-,26.3,6.8,26.3,0.0,29,서북서,9.4,1018.6
2015-10-17,-,26.7,7.6,26.7,0.0,30,남남동,10.4,1019.5
2015-10-16,-,23.7,8.9,23.7,0.0,39,북서,5.0,1018.4
2015-10-15,-,24.9,9.5,24.9,0.0,38,남동,12.2,1019.3
2015-10-14,-,24.6,3.8,24.6,0.0,26,서북서,13.0,1019.4
2015-10-13,-,22.2,1.2,22.2,0.0,25,서북서,10.8,1020.0
2015-10-12,-,20.7,2.0,20.7,0.0,29,북서,14.8,1016.2
2015-10-11,-,18.5,0.5,18.4,0.0,30,서,15.1,1013.4
2015-10-10,-,22.2,4.2,22.2,0.0,31,서남서,14.4,1010.2
2015-10-09,-,24.9,5.1,24.9,0.0,28,서북서,8.6,1009.6
2015-10-08,-,24.0,7.5,24.0,0.0,35,북서,5.8,1012.3
2015-10-07,-,26.2,7.7,26.2,0.0,31,남동,8.6,1016.9
2015-10-06,-,26.1,11.4,26.1,0.0,40,남남동,13.3,1019.7
2015-10-05,-,26.1,7.6,26.1,0.0,31,남,8.6,1022.3
2015-10-04,-,25.7,7.2,25.7,0.0,31,남남동,9.7,1024.6
2015-10-03,-,26.0,7.5,26.0,0.0,31,서북서,9.7,1018.7
2015-10-02,-,22.2,-1.8,22.2,0.0,20,북서,14.4,1014.3
2015-10-01,-,25.1,24.2,25.1,26.5,95,서,23.8,998.0
2015-09-30,-,21.5,10.9,67.0,0.0,51,남동,9.4,1023.4
2015-09-29,-,27.8,11.3,74.0,0.0,36,동남동,6.1,1023.4
2015-09-28,-,30.0,5.9,74.0,0.0,22,남동,6.5,1017.9
2015-09-27,-,26.9,14.6,74.0,0.0,47,남동,16.6,1014.0
2015-09-26,-,28.2,17.0,76.0,0.0,51,남,11.5,1009.9
2015-09-25,-,26.1,15.1,73.0,0.0,51,서,4.0,1006.2
2015-09-24,-,22.9,17.5,71.0,1.0,72,북서,6.5,1006.2
2015-09-23,-,19.2,18.5,66.0,1.0,96,북서,10.4,1011.6
2015-09-22,-,26.2,13.9,73.0,0.0,47,남동,18.0,1016.4
2015-09-21,-,28.2,16.1,76.0,0.0,48,남,8.6,1014.0
2015-09-20,-,27.0,15.3,74.0,0.0,49,남남동,10.4,1011.7
2015-09-19,-,26.6,15.6,74.0,0.0,51,남서,7.9,1013.4
2015-09-18,-,26.7,13.4,73.0,0.0,44,남남서,4.7,1016.4
2015-09-17,-,19.7,18.7,67.0,38.5,94,북북서,8.3,1015.2
2015-09-16,-,24.2,13.4,71.0,0.0,51,동,5.0,1016.4
2015-09-15,-,24.8,10.6,71.0,0.0,41,서북서,5.0,1020.4
2015-09-14,-,24.8,7.8,70.0,0.0,34,동북동,6.8,1019.7
2015-09-13,-,25.4,6.0,70.0,0.0,29,서북서,14.0,1016.1
2015-09-12,-,21.9,20.8,71.0,1.5,94,북북서,3.6,1009.2
2015-09-11,-,28.1,12.8,74.0,0.0,39,남서,13.0,1009.9
2015-09-10,-,27.7,9.4,73.0,0.0,32,남남동,12.2,1013.3
2015-09-09,-,28.8,8.4,74.0,0.0,28,서남서,5.4,1013.3
2015-09-08,-,26.6,9.8,72.0,0.0,35,서,9.0,1014.8
2015-09-07,-,27.2,11.2,73.0,0.0,37,서남서,7.6,1011.4
2015-09-06,-,22.5,15.5,70.0,17.5,65,서북서,9.7,1005.5
2015-09-05,-,26.9,15.9,74.0,0.0,51,남동,13.3,1009.9
2015-09-04,-,29.2,17.7,77.0,0.0,50,남남서,9.7,1012.3
2015-09-03,-,26.6,20.4,76.0,0.5,69,서,4.7,1010.0
2015-09-02,-,28.5,19.4,77.0,0.5,58,남동,10.1,1013.2
2015-09-01,-,26.6,18.7,75.0,6.5,62,서북서,10.4,1009.9
2015-08-31,-,28.6,16.8,76.0,0.0,49,남동,8.6,1011.9
2015-08-30,-,30.5,17.5,78.0,0.0,46,남남동,7.6,1011.2
2015-08-29,-,28.0,18.1,76.0,0.0,55,남,5.4,1009.2
2015-08-28,-,29.4,19.7,78.0,0.0,56,남남동,15.5,1007.8
2015-08-27,-,28.8,17.0,77.0,0.0,49,남서,9.7,1007.6
2015-08-26,-,28.0,17.2,76.0,0.0,52,남남동,7.6,1005.7
2015-08-25,-,23.4,22.8,74.0,32.0,97,서북서,12.6,992.4
2015-08-24,-,27.1,18.6,76.0,0.0,60,북서,3.6,1007.1
2015-08-23,-,30.0,20.8,80.0,0.0,58,서남서,6.8,1007.1
2015-08-22,-,28.6,18.3,77.0,0.0,54,서북서,4.3,1005.7
2015-08-21,-,24.4,23.3,75.0,50.0,94,북서,4.0,1003.4
2015-08-20,-,28.0,20.2,77.0,0.0,63,북서,6.5,1009.9
2015-08-19,-,29.9,18.9,78.0,0.0,52,남동,8.6,1013.5
2015-08-18,-,29.1,17.2,77.0,0.0,49,서북서,4.7,1013.3
2015-08-17,-,31.0,16.5,78.0,3.5,42,남남서,3.6,1007.1
2015-08-16,-,31.4,17.6,79.0,0.0,44,남동,18.0,1006.8
2015-08-15,-,32.6,18.3,80.0,0.0,43,남남동,13.7,1008.5
2015-08-14,-,32.0,15.4,79.0,0.0,37,서북서,7.6,1005.6
2015-08-13,-,29.4,19.9,79.0,0.0,57,남남동,16.6,1005.3
2015-08-12,-,24.0,23.6,75.0,6.0,98,북북서,6.8,1003.4
2015-08-11,-,31.0,17.6,79.0,0.0,45,북서,8.6,1007.8
2015-08-10,-,34.2,16.5,81.0,0.0,35,서북서,10.1,1008.4
2015-08-09,-,34.5,21.8,84.0,0.0,48,남남동,16.2,1009.7
2015-08-08,-,35.9,22.1,85.0,0.0,45,남남서,11.9,1013.3
2015-08-07,-,35.7,21.5,84.0,0.0,44,남남서,11.9,1015.1
2015-08-06,-,34.6,21.2,84.0,0.0,46,남,13.0,1011.7
2015-08-05,-,34.7,22.0,84.0,0.0,48,남,11.9,1008.5
2015-08-04,-,32.3,19.5,81.0,0.0,47,서남서,18.0,1008.2
2015-08-03,-,33.4,17.5,81.0,0.0,39,남남서,14.4,1010.8
2015-08-02,-,32.6,21.7,82.0,0.0,53,남서,11.9,1011.7
2015-08-01,-,33.6,22.0,83.0,0.0,51,남동,16.9,1011.3
2015-07-31,-,34.1,23.1,84.0,0.0,53,남남동,13.3,1009.3
2015-07-30,-,32.8,24.2,84.0,0.0,61,남남동,16.2,1009.7
2015-07-29,-,33.2,24.6,85.0,0.0,61,남남동,10.8,1008.1
2015-07-28,-,33.2,21.0,82.0,0.0,49,서북서,11.9,1007.9
2015-07-27,-,32.9,20.4,82.0,0.0,48,서남서,19.1,1007.5
2015-07-26,-,33.5,20.6,82.0,0.0,47,남남동,13.3,1007.8
2015-07-25,-,30.8,19.8,80.0,0.0,52,서남서,11.5,1009.3
2015-07-24,-,26.8,26.1,80.0,1.5,96,남남동,9.0,1008.5
2015-07-23,-,28.1,23.8,80.0,53.5,78,서남서,16.2,1009.7
2015-07-22,-,26.4,26.0,79.0,0.5,98,남남동,7.2,1007.4
2015-07-21,-,28.2,22.8,79.0,3.5,73,남,7.2,1008.1
2015-07-20,-,27.0,21.7,77.0,0.0,73,동,1.8,1009.6
2015-07-19,-,28.0,17.8,76.0,0.1,54,남동,16.2,1011.2
2015-07-18,-,27.3,16.2,75.0,0.0,51,남남동,13.7,1010.2
2015-07-17,-,24.4,13.5,71.0,0.0,51,남동,13.0,1005.5
2015-07-16,-,26.5,14.5,73.0,0.0,48,서북서,9.7,1005.6
2015-07-15,-,28.6,20.8,78.0,0.0,63,북북동,4.7,1005.4
2015-07-14,-,28.5,21.7,79.0,0.0,67,남동,13.3,1004.6
2015-07-13,-,23.7,21.7,74.0,0.0,89,서,16.6,1000.2
2015-07-12,-,24.1,23.7,75.0,22.0,98,동남동,27.7,999.8
2015-07-11,-,28.3,21.5,78.0,0.0,67,남,15.5,1011.4
2015-07-10,-,30.3,20.8,80.0,0.0,57,남남동,8.3,1013.7
2015-07-09,-,26.2,20.9,76.0,14.0,73,서남서,4.3,1015.6
2015-07-08,-,22.4,22.0,72.0,21.0,98,남남동,2.9,1011.8
2015-07-07,-,19.8,19.4,68.0,6.5,98,북서,4.7,1010.9
2015-07-06,-,24.7,16.1,72.0,0.0,59,남동,16.9,1011.7
2015-07-05,-,26.3,16.2,74.0,0.0,54,남,13.3,1011.9
2015-07-04,-,24.2,13.7,71.0,0.0,52,남동,7.6,1010.7
2015-07-03,-,30.4,10.3,76.0,0.0,29,북서,6.5,1004.3
2015-07-02,-,25.9,15.2,73.0,0.0,52,남남동,16.9,1002.7
2015-07-01,-,26.4,19.0,75.0,0.1,64,남남동,16.6,996.4
2015-06-30,-,20.7,20.3,69.0,4.0,98,남남서,4.0,1000.9
2015-06-29,-,29.0,14.7,76.0,0.0,42,남남동,9.0,1007.5
2015-06-28,-,25.7,15.0,73.0,0.0,52,서남서,5.0,1010.9
2015-06-27,-,23.9,15.1,71.0,0.0,58,남동,9.4,1007.2
2015-06-26,-,24.9,22.3,75.0,15.0,86,서북서,5.4,993.6
2015-06-25,-,27.6,15.2,75.0,0.0,47,남동,7.6,1004.4
2015-06-24,-,27.2,14.5,74.0,0.0,46,남동,14.4,1009.6
2015-06-23,-,28.3,14.8,75.0,0.0,44,남동,15.1,1011.2
2015-06-22,-,26.3,16.2,74.0,0.0,54,남남동,16.2,1010.6
2015-06-21,-,24.7,15.8,72.0,0.0,58,남남서,9.4,1010.9
2015-06-20,-,21.9,15.7,69.0,0.5,68,남남동,10.4,1010.2
2015-06-19,-,26.4,14.1,73.0,0.0,47,북북서,4.3,1008.9
2015-06-18,-,25.0,15.0,72.0,0.0,54,서,6.1,1005.6
2015-06-17,-,24.7,13.8,71.0,0.0,51,남동,6.5,1005.7
2015-06-16,-,23.5,18.8,72.0,0.0,75,남,18.0,1006.0
2015-06-15,-,25.1,19.9,74.0,0.0,73,남남동,9.0,1008.4
2015-06-14,-,26.7,18.0,75.0,0.0,59,남동,19.1,1007.2
2015-06-13,-,24.2,19.6,73.0,0.0,76,남동,9.7,1008.6
2015-06-12,-,28.8,16.6,76.0,0.0,48,남남동,16.6,1004.3
2015-06-11,-,23.1,19.6,72.0,0.3,81,남동,10.4,1003.4
2015-06-10,-,30.1,14.6,77.0,0.0,39,남남동,15.8,1008.8
2015-06-09,-,27.5,13.0,74.0,0.0,41,서북서,11.2,1006.8
2015-06-08,-,23.1,17.0,71.0,0.5,69,정온,1.4,1008.1
2015-06-07,-,25.5,10.5,71.0,0.0,39,남남서,8.3,1014.8
2015-06-06,-,24.2,11.8,70.0,0.0,46,남,18.4,1014.4
2015-06-05,-,15.3,12.7,59.0,4.5,85,북북서,4.7,1006.4
2015-06-04,-,27.4,8.2,72.0,0.0,30,남남동,19.8,1010.4
2015-06-03,-,27.2,9.5,72.0,0.0,33,남남동,17.6,1005.2
2015-06-02,-,24.8,17.0,73.0,0.0,62,남남동,12.6,1008.9
2015-06-01,-,27.0,14.3,74.0,0.0,46,남남동,13.3,1010.1
2015-05-31,-,30.2,9.6,75.0,0.0,28,서북서,4.7,1007.5
2015-05-30,-,20.2,16.8,67.0,2.5,81,서북서,8.6,1004.7
2015-05-29,-,29.6,8.6,74.0,0.0,27,남남동,13.0,1007.1
2015-05-28,-,29.7,2.8,73.0,0.0,18,남동,13.7,1009.1
2015-05-27,-,29.9,9.9,75.0,0.0,29,남남동,14.4,1010.3
2015-05-26,-,32.7,3.5,76.0,0.0,16,서,12.6,1009.5
2015-05-25,-,26.3,10.8,72.0,0.0,38,남남동,19.8,1008.1
2015-05-24,-,26.8,7.2,72.0,0.0,29,남남동,16.9,1007.6
2015-05-23,-,26.7,9.0,72.0,0.0,33,남,9.4,1010.7
2015-05-22,-,26.0,8.0,71.0,0.0,32,남동,20.2,1013.6
2015-05-21,-,26.0,8.4,71.0,0.0,33,남남서,11.2,1013.4
2015-05-20,-,24.9,1.0,69.0,0.0,21,서,12.6,1006.4
2015-05-19,-,25.0,15.3,72.0,0.0,55,남남동,13.7,1005.8
2015-05-18,-,14.2,13.8,58.0,14.0,98,북서,5.0,1006.0
2015-05-17,-,24.9,5.6,69.0,0.0,29,남,15.5,1011.8
2015-05-16,-,22.0,14.6,69.0,0.5,63,남남동,14.8,1009.6
2015-05-15,-,21.2,16.9,69.0,0.0,77,남동,16.6,1009.2
2015-05-14,-,24.6,17.0,73.0,0.0,63,남남서,10.8,1009.7
2015-05-13,-,25.3,7.4,70.0,0.0,32,남서,19.1,1007.4
2015-05-12,-,19.7,6.0,64.0,17.5,41,서남서,15.8,1003.0
2015-05-11,-,19.6,9.4,65.0,0.0,52,남남동,14.8,1015.7
2015-05-10,-,23.2,9.5,69.0,0.0,42,남남동,14.4,1018.0
2015-05-09,-,21.1,10.5,67.0,0.3,51,남남동,15.1,1010.9
2015-05-08,-,23.8,4.1,68.0,0.0,28,남,18.7,1013.0
2015-05-07,-,23.8,3.6,68.0,0.0,27,남남동,15.5,1012.1
2015-05-06,-,20.4,7.0,65.0,0.0,42,남남동,11.2,1012.1
2015-05-05,-,22.4,2.4,67.0,0.0,27,남남동,17.6,1010.6
2015-05-04,-,25.3,-5.1,68.0,0.0,13,북서,17.3,1005.9
2015-05-03,-,17.1,16.7,63.0,23.0,98,동남동,10.4,1007.5
2015-05-02,-,26.0,14.7,73.0,0.0,50,남남동,14.8,1013.4
2015-05-01,구름많음,25.0,13.2,72.0,0.0,48,서남서,10.8,1011.2
2015-04-30,-,20.7,13.1,67.0,0.0,62,남동,16.6,1014.0
2015-04-29,-,16.5,15.8,62.0,16.5,96,남동,6.1,1013.8
2015-04-28,-,24.1,10.7,70.0,0.0,43,남남동,16.2,1014.6
2015-04-27,-,26.5,0.9,70.0,0.0,19,남남서,11.5,1016.4
2015-04-26,-,26.4,3.5,70.0,0.0,23,남남동,14.4,1018.0
2015-04-25,-,25.1,-7.4,68.0,0.0,11,서북서,16.9,1019.2
2015-04-24,-,22.0,9.5,67.0,0.0,45,남동,15.8,1018.4
2015-04-23,-,23.1,-1.1,67.0,0.0,20,남남서,11.2,1020.8
2015-04-22,-,22.6,3.6,67.0,0.0,29,남남동,15.8,1016.3
2015-04-21,-,18.8,8.1,64.0,0.0,50,남남동,19.1,1016.0
2015-04-20,-,12.2,10.4,54.0,7.0,89,북북서,5.4,1005.8
2015-04-19,-,15.7,15.3,60.0,19.5,98,동,10.8,1008.1
2015-04-18,-,21.4,-11.5,64.0,0.0,10,남동,13.0,1017.0
2015-04-17,맑음,17.2,-4.1,61.0,0.0,23,서남서,7.9,1016.3
2015-04-16,-,18.6,8.2,63.0,0.0,51,남서,16.2,1008.5
2015-04-15,-,19.0,3.5,63.0,0.0,36,서,16.9,1008.3
2015-04-14,-,15.6,-1.0,59.0,8.5,32,남,16.9,1007.9
2015-04-13,-,12.8,8.2,55.0,12.5,74,서북서,5.0,1015.4
2015-04-12,-,19.0,-8.2,62.0,0.0,15,동,10.8,1023.2
2015-04-11,-,19.5,-2.8,63.0,0.0,22,남동,24.5,1024.5
2015-04-10,-,19.6,0.0,64.0,0.0,27,남동,14.0,1020.2
2015-04-09,-,14.7,1.2,58.0,0.0,40,남동,16.6,1024.2
2015-04-08,-,11.6,1.5,54.0,0.0,50,동,4.7,1026.2
2015-04-07,-,10.6,1.9,53.0,0.0,55,동남동,8.3,1024.0
2015-04-06,-,12.3,10.3,54.0,9.5,88,남서,2.2,1017.0
2015-04-05,-,12.7,8.9,55.0,1.5,78,남,5.0,1014.8
2015-04-04,-,16.2,3.9,60.0,0.0,44,동남동,19.1,1015.1
2015-04-03,-,22.9,11.6,69.0,19.5,49,서북서,13.3,1003.8
2015-04-02,-,16.0,7.9,60.0,0.0,59,남동,16.9,1010.9
2015-04-01,-,12.1,6.1,55.0,0.2,67,동남동,7.6,1016.4
2015-03-31,-,14.3,13.9,13.5,0.2,98,남남동,11.9,1017.0
2015-03-30,-,20.1,2.8,20.1,0.0,32,남남동,19.8,1019.5
2015-03-29,-,21.4,1.0,21.4,0.0,26,북북서,10.8,1015.5
2015-03-28,-,19.5,-4.0,19.5,0.0,20,남남서,10.1,1016.9
2015-03-27,-,19.9,-13.9,19.9,0.0,9,서,11.2,1024.2
2015-03-26,-,18.2,-6.5,18.2,0.0,18,남남서,9.0,1031.4
2015-03-25,-,13.6,-6.6,12.2,0.0,24,남남동,16.9,1034.2
2015-03-24,-,12.1,-16.5,10.4,0.0,12,북서,15.8,1029.8
2015-03-23,-,13.5,-20.2,12.0,0.0,8,북서,16.9,1022.6
2015-03-22,-,18.5,-16.4,18.2,0.0,8,북서,18.7,1017.5
2015-03-21,-,21.8,3.9,21.8,0.0,31,남,6.1,1014.1
2015-03-20,-,21.2,-0.1,21.2,0.0,24,남남동,9.4,1016.4
2015-03-19,-,17.5,8.3,17.5,3.0,55,남,8.3,1013.8
2015-03-18,-,11.4,10.6,11.3,23.5,95,남남동,5.0,1010.7
2015-03-17,-,21.8,-2.8,21.8,0.0,19,남동,15.5,1016.2
2015-03-16,-,20.2,-2.8,20.2,0.0,21,남남동,8.3,1020.0
2015-03-15,-,16.3,-6.7,16.0,0.0,20,남남동,11.9,1020.4
2015-03-14,-,13.6,-15.3,12.5,0.0,12,남,14.0,1022.3
2015-03-13,-,11.5,-1.6,10.4,0.0,40,서북서,10.1,1019.2
2015-03-12,-,10.7,-18.6,9.4,0.0,11,서,10.4,1019.6
2015-03-11,-,7.7,-12.1,4.2,0.0,23,서,23.0,1019.3
2015-03-10,-,4.6,-26.9,0.8,0.0,8,북서,18.4,1020.3
2015-03-09,-,15.9,-9.9,15.0,0.0,16,북서,17.6,1014.0
2015-03-08,-,14.1,-4.1,12.4,0.0,28,남동,21.6,1022.3
2015-03-07,-,14.0,-4.7,13.6,0.0,27,남남서,8.6,1021.2
2015-03-06,-,10.7,-4.9,9.2,0.0,33,남동,11.5,1022.7
2015-03-05,-,8.9,-10.1,7.7,0.0,25,남남서,7.9,1025.6
2015-03-04,-,6.0,-15.9,2.2,0.0,19,북서,21.2,1017.9
2015-03-03,-,3.3,2.8,1.2,9.0,97,서북서,7.9,1012.3
2015-03-02,-,11.0,-13.9,10.0,0.0,16,서남서,9.0,1019.3
2015-03-01,-,8.0,-3.5,5.2,2.0,44,북서,17.3,1016.2
2015-02-28,-,7.5,-3.9,5.9,0.0,44,동남동,8.6,1026.4
2015-02-27,-,4.4,-20.0,1.1,0.0,15,북서,14.4,1025.5
2015-02-26,-,13.5,-7.8,12.1,0.0,22,북서,16.2,1014.5
2015-02-25,-,12.2,-1.0,10.8,0.0,40,남남동,13.3,1018.9
2015-02-24,-,11.4,-14.3,10.0,0.0,15,서북서,11.9,1016.6
2015-02-23,-,10.9,-8.9,9.4,0.0,24,북서,11.9,1017.6
2015-02-22,-,13.9,6.2,12.6,2.0,60,서북서,16.6,1013.7
2015-02-21,-,9.1,7.8,9.1,1.5,92,동남동,4.3,1019.7
2015-02-20,-,11.9,-5.6,10.6,0.0,29,남남동,11.9,1027.2
2015-02-19,-,10.1,-8.5,8.3,0.0,26,서북서,12.6,1025.3
2015-02-18,-,7.6,-6.5,4.9,0.0,36,서북서,15.1,1019.2
2015-02-17,-,8.8,-7.0,6.4,0.0,32,북서,15.5,1013.2
2015-02-16,-,7.5,2.7,7.5,8.5,72,서,2.2,1014.4
2015-02-15,-,8.4,-2.5,8.4,0.0,46,남남서,1.8,1022.1
2015-02-14,-,10.2,-13.1,8.5,0.0,18,서,12.2,1020.8
2015-02-13,-,6.1,-21.2,3.4,0.0,12,북서,13.0,1017.6
2015-02-12,-,8.6,-20.3,6.3,0.0,11,북서,14.0,1009.9
2015-02-11,-,10.5,-5.9,8.7,0.0,31,서,13.3,1012.9
2015-02-10,-,8.9,-10.6,7.1,0.0,24,서,11.5,1017.6
2015-02-09,-,0.7,-27.5,-4.8,0.0,10,서북서,23.4,1026.1
2015-02-08,-,0.9,-27.3,-4.4,0.0,10,북서,22.0,1021.6
2015-02-07,-,9.1,-9.9,6.8,0.0,25,서북서,15.1,1018.8
2015-02-06,-,8.7,-13.0,6.8,0.0,20,북서,11.5,1024.5
2015-02-05,-,6.9,-11.3,3.8,0.0,26,북서,16.9,1020.5
2015-02-04,-,8.9,-9.1,7.0,0.2,27,북서,11.9,1019.7
2015-02-03,-,10.6,-6.2,10.6,0.0,30,서남서,4.7,1027.2
2015-02-02,-,9.9,-10.8,9.0,0.0,22,남서,7.6,1029.1
2015-02-01,-,8.0,-19.7,6.0,0.0,12,서북서,11.2,1030.2
2015-01-31,-,4.2,-18.0,0.6,0.0,18,서북서,16.2,1028.7
2015-01-30,-,6.7,-11.0,2.9,0.0,27,북서,23.0,1020.8
2015-01-29,-,7.4,-2.3,4.8,0.0,50,남동,14.0,1025.4
2015-01-28,-,5.1,-10.6,2.8,0.0,31,북북서,10.1,1025.8
2015-01-27,-,7.9,-9.9,5.5,0.0,27,북서,14.0,1020.2
2015-01-26,-,10.0,7.7,8.4,6.0,86,북서,11.5,1016.5
2015-01-25,-,10.0,-1.4,10.0,0.0,45,서,3.6,1025.6
2015-01-24,-,8.5,-6.1,5.9,0.0,35,서북서,16.6,1024.9
2015-01-23,-,9.0,-6.4,8.2,0.0,33,북서,6.5,1021.6
2015-01-22,-,6.8,-0.4,4.3,2.5,60,북서,12.6,1015.9
2015-01-21,-,7.4,-3.7,6.3,0.0,45,북서,6.5,1020.8
2015-01-20,-,10.1,-8.0,9.7,0.0,27,남남동,5.8,1026.4
2015-01-19,-,9.6,-11.7,7.3,0.0,21,북서,15.8,1020.7
2015-01-18,-,8.3,-16.8,6.8,0.0,15,남남동,9.0,1021.6
2015-01-17,-,5.6,-22.6,1.8,0.0,11,북서,19.8,1025.2
2015-01-16,-,8.5,-5.3,5.7,0.0,37,북서,18.0,1017.4
2015-01-15,-,9.3,-1.4,6.6,0.5,47,북서,18.7,1020.1
2015-01-14,-,5.3,-1.4,3.9,0.5,62,서북서,6.5,1025.3
2015-01-13,-,9.1,-8.9,7.7,0.0,27,서남서,9.0,1033.1
2015-01-12,-,4.9,-14.0,2.0,0.0,24,서북서,13.0,1033.5
2015-01-11,-,9.3,-15.3,6.8,0.0,16,서북서,16.9,1019.7
2015-01-10,-,7.2,-16.2,4.5,0.0,17,서북서,14.8,1022.6
2015-01-09,-,5.1,-12.4,1.6,0.0,27,북서,16.6,1022.9
2015-01-08,-,3.3,-19.4,-0.1,0.0,17,북서,13.7,1022.8
2015-01-07,-,2.5,-28.5,-1.6,0.0,8,북서,16.9,1018.0
2015-01-06,-,9.1,-16.2,6.7,11.5,15,북서,15.8,1011.3
2015-01-05,-,10.4,-3.3,10.4,0.0,38,서북서,2.9,1017.9
2015-01-04,-,10.7,-5.3,9.1,0.0,32,서북서,12.6,1016.6
2015-01-03,-,3.5,-24.3,-0.0,0.0,11,북서,14.4,1022.2
2015-01-02,-,2.1,-15.4,-2.3,0.0,26,북서,17.6,1021.4
2015-01-01,-,-1.4,-25.5,-7.2,0.0,14,북서,21.6,1021.0
