날짜,평균,평년,현재일기,현재기온,이슬점온도,체감온도,강수량,습도,풍향,풍속,해면기압,태풍
2015-01-02,1287,1561,-,2.1,-15.4,-2.3,0.0,26.0,북서,17.6,1021.4,x
2015-01-05,1287,1449,-,10.4,-3.3,10.4,0.0,38.0,서북서,2.9,1017.9,x
2015-01-06,1303,1432,-,9.1,-16.2,6.7,11.5,15.0,북서,15.8,1011.3,x
2015-01-07,1277,1411,-,2.5,-28.5,-1.6,0.0,8.0,북서,16.9,1018.0,x
2015-01-08,1352,1407,-,3.3,-19.4,-0.1,0.0,17.0,북서,13.7,1022.8,x
2015-01-09,1333,1403,-,5.1,-12.4,1.6,0.0,27.0,북서,16.6,1022.9,x
2015-01-12,1329,1352,-,4.9,-14.0,2.0,0.0,24.0,서북서,13.0,1033.5,x
2015-01-13,1329,1340,-,9.1,-8.9,7.7,0.0,27.0,서남서,9.0,1033.1,x
2015-01-14,1329,1326,-,5.3,-1.4,3.9,0.5,62.0,서북서,6.5,1025.3,x
2015-01-15,1262,1321,-,9.3,-1.4,6.6,0.5,47.0,북서,18.7,1020.1,x
2015-01-16,1258,1314,-,8.5,-5.3,5.7,0.0,37.0,북서,18.0,1017.4,x
2015-01-19,1253,1268,-,9.6,-11.7,7.3,0.0,21.0,북서,15.8,1020.7,x
2015-01-20,1262,1254,-,10.1,-8.0,9.7,0.0,27.0,남남동,5.8,1026.4,x
2015-01-21,1254,1239,-,7.4,-3.7,6.3,0.0,45.0,북서,6.5,1020.8,x
2015-01-22,1233,1222,-,6.8,-0.4,4.3,2.5,60.0,북서,12.6,1015.9,x
2015-01-23,1241,1216,-,9.0,-6.4,8.2,0.0,33.0,북서,6.5,1021.6,x
2015-01-26,1228,1221,-,10.0,7.7,8.4,6.0,86.0,북서,11.5,1016.5,x
2015-01-27,1212,1231,-,7.9,-9.9,5.5,0.0,27.0,북서,14.0,1020.2,x
2015-01-28,1199,1241,-,5.1,-10.6,2.8,0.0,31.0,북북서,10.1,1025.8,x
2015-01-29,1203,1239,-,7.4,-2.3,4.8,0.0,50.0,남동,14.0,1025.4,x
2015-01-30,1203,1251,-,6.7,-11.0,2.9,0.0,27.0,북서,23.0,1020.8,x
2015-02-02,1210,1241,-,9.9,-10.8,9.0,0.0,22.0,남서,7.6,1029.1,x
2015-02-03,1214,1238,-,10.6,-6.2,10.6,0.0,30.0,서남서,4.7,1027.2,x
2015-02-04,1213,1238,-,8.9,-9.1,7.0,0.2,27.0,북서,11.9,1019.7,x
2015-02-05,1261,1239,-,6.9,-11.3,3.8,0.0,26.0,북서,16.9,1020.5,x
2015-02-06,1256,1240,-,8.7,-13.0,6.8,0.0,20.0,북서,11.5,1024.5,x
2015-02-09,1261,1231,-,0.7,-27.5,-4.8,0.0,10.0,서북서,23.4,1026.1,x
2015-02-10,1248,1229,-,8.9,-10.6,7.1,0.0,24.0,서,11.5,1017.6,x
2015-02-11,1248,1226,-,10.5,-5.9,8.7,0.0,31.0,서,13.3,1012.9,x
2015-02-12,1204,1222,-,8.6,-20.3,6.3,0.0,11.0,북서,14.0,1009.9,x
2015-02-13,1213,1227,-,6.1,-21.2,3.4,0.0,12.0,북서,13.0,1017.6,x
2015-02-16,1204,1270,-,7.5,2.7,7.5,8.5,72.0,서,2.2,1014.4,x
2015-02-17,1202,1282,-,8.8,-7.0,6.4,0.0,32.0,북서,15.5,1013.2,x
2015-02-23,1205,1323,-,10.9,-8.9,9.4,0.0,24.0,북서,11.9,1017.6,x
2015-02-24,1212,1325,-,11.4,-14.3,10.0,0.0,15.0,서북서,11.9,1016.6,x
2015-02-25,1229,1325,-,12.2,-1.0,10.8,0.0,40.0,남남동,13.3,1018.9,x
2015-02-26,1295,1320,-,13.5,-7.8,12.1,0.0,22.0,북서,16.2,1014.5,x
2015-02-27,1300,1308,-,4.4,-20.0,1.1,0.0,15.0,북서,14.4,1025.5,x
2015-03-02,1300,1281,-,11.0,-13.9,10.0,0.0,16.0,서남서,9.0,1019.3,x
2015-03-03,1297,1274,-,3.3,2.8,1.2,9.0,97.0,서북서,7.9,1012.3,x
2015-03-04,1297,1260,-,6.0,-15.9,2.2,0.0,19.0,북서,21.2,1017.9,x
2015-03-05,1288,1247,-,8.9,-10.1,7.7,0.0,25.0,남남서,7.9,1025.6,x
2015-03-06,1272,1245,-,10.7,-4.9,9.2,0.0,33.0,남동,11.5,1022.7,x
2015-03-09,1286,1243,-,15.9,-9.9,15.0,0.0,16.0,북서,17.6,1014.0,x
2015-03-10,1286,1246,-,4.6,-26.9,0.8,0.0,8.0,북서,18.4,1020.3,x
2015-03-11,1275,1250,-,7.7,-12.1,4.2,0.0,23.0,서,23.0,1019.3,x
2015-03-12,1246,1252,-,10.7,-18.6,9.4,0.0,11.0,서,10.4,1019.6,x
2015-03-13,1241,1255,-,11.5,-1.6,10.4,0.0,40.0,서북서,10.1,1019.2,x
2015-03-16,1248,1283,-,20.2,-2.8,20.2,0.0,21.0,남남동,8.3,1020.0,x
2015-03-17,1253,1288,-,21.8,-2.8,21.8,0.0,19.0,남동,15.5,1016.2,x
2015-03-18,1260,1297,-,11.4,10.6,11.3,23.5,95.0,남남동,5.0,1010.7,x
2015-03-19,1257,1305,-,17.5,8.3,17.5,3.0,55.0,남,8.3,1013.8,x
2015-03-20,1239,1310,-,21.2,-0.1,21.2,0.0,24.0,남남동,9.4,1016.4,x
2015-03-23,1261,1304,-,13.5,-20.2,12.0,0.0,8.0,북서,16.9,1022.6,x
2015-03-24,1261,1300,-,12.1,-16.5,10.4,0.0,12.0,북서,15.8,1029.8,x
2015-03-25,1250,1298,-,13.6,-6.6,12.2,0.0,24.0,남남동,16.9,1034.2,x
2015-03-26,1297,1295,-,18.2,-6.5,18.2,0.0,18.0,남남서,9.0,1031.4,x
2015-03-27,1283,1290,-,19.9,-13.9,19.9,0.0,9.0,서,11.2,1024.2,x
2015-03-30,1283,1287,-,20.1,2.8,20.1,0.0,32.0,남남동,19.8,1019.5,x
2015-03-31,1286,1298,-,14.3,13.9,13.5,0.2,98.0,남남동,11.9,1017.0,x
2015-04-01,1283,1307,-,12.1,6.1,55.0,0.2,67.0,동남동,7.6,1016.4,x
2015-04-02,1303,1314,-,16.0,7.9,60.0,0.0,59.0,남동,16.9,1010.9,x
2015-04-03,1271,1314,-,22.9,11.6,69.0,19.5,49.0,서북서,13.3,1003.8,x
2015-04-06,1283,1314,-,12.3,10.3,54.0,9.5,88.0,남서,2.2,1017.0,x
2015-04-07,1283,1325,-,10.6,1.9,53.0,0.0,55.0,동남동,8.3,1024.0,x
2015-04-08,1283,1337,-,11.6,1.5,54.0,0.0,50.0,동,4.7,1026.2,x
2015-04-09,1334,1348,-,14.7,1.2,58.0,0.0,40.0,남동,16.6,1024.2,x
2015-04-10,1338,1353,-,19.6,0.0,64.0,0.0,27.0,남동,14.0,1020.2,x
2015-04-13,1321,1378,-,12.8,8.2,55.0,12.5,74.0,서북서,5.0,1015.4,x
2015-04-14,1317,1379,-,15.6,-1.0,59.0,8.5,32.0,남,16.9,1007.9,x
2015-04-15,1317,1380,-,19.0,3.5,63.0,0.0,36.0,서,16.9,1008.3,x
2015-04-16,1354,1380,-,18.6,8.2,63.0,0.0,51.0,남서,16.2,1008.5,x
2015-04-17,1326,1380,맑음,17.2,-4.1,61.0,0.0,23.0,서남서,7.9,1016.3,x
2015-04-20,1334,1367,-,12.2,10.4,54.0,7.0,89.0,북북서,5.4,1005.8,x
2015-04-21,1346,1371,-,18.8,8.1,64.0,0.0,50.0,남남동,19.1,1016.0,x
2015-04-22,1344,1379,-,22.6,3.6,67.0,0.0,29.0,남남동,15.8,1016.3,x
2015-04-23,1363,1389,-,23.1,-1.1,67.0,0.0,20.0,남남서,11.2,1020.8,x
2015-04-24,1342,1402,-,22.0,9.5,67.0,0.0,45.0,남동,15.8,1018.4,x
2015-04-27,1341,1432,-,26.5,0.9,70.0,0.0,19.0,남남서,11.5,1016.4,x
2015-04-28,1341,1437,-,24.1,10.7,70.0,0.0,43.0,남남동,16.2,1014.6,x
2015-04-29,1336,1440,-,16.5,15.8,62.0,16.5,96.0,남동,6.1,1013.8,x
2015-04-30,1332,1446,-,20.7,13.1,67.0,0.0,62.0,남동,16.6,1014.0,x
2015-05-04,1330,1471,-,25.3,-5.1,68.0,0.0,13.0,북서,17.3,1005.9,x
2015-05-06,1341,1480,-,20.4,7.0,65.0,0.0,42.0,남남동,11.2,1012.1,x
2015-05-07,1309,1493,-,23.8,3.6,68.0,0.0,27.0,남남동,15.5,1012.1,x
2015-05-08,1318,1506,-,23.8,4.1,68.0,0.0,28.0,남,18.7,1013.0,x
2015-05-11,1308,1588,-,19.6,9.4,65.0,0.0,52.0,남남동,14.8,1015.7,x
2015-05-12,1322,1597,-,19.7,6.0,64.0,17.5,41.0,서남서,15.8,1003.0,x
2015-05-13,1322,1618,-,25.3,7.4,70.0,0.0,32.0,남서,19.1,1007.4,x
2015-05-14,1322,1624,-,24.6,17.0,73.0,0.0,63.0,남남서,10.8,1009.7,x
2015-05-15,1322,1631,-,21.2,16.9,69.0,0.0,77.0,남동,16.6,1009.2,x
2015-05-18,1374,1684,-,14.2,13.8,58.0,14.0,98.0,북서,5.0,1006.0,x
2015-05-19,1388,1684,-,25.0,15.3,72.0,0.0,55.0,남남동,13.7,1005.8,x
2015-05-20,1385,1707,-,24.9,1.0,69.0,0.0,21.0,서,12.6,1006.4,x
2015-05-21,1389,1746,-,26.0,8.4,71.0,0.0,33.0,남남서,11.2,1013.4,x
2015-05-22,1386,1786,-,26.0,8.0,71.0,0.0,32.0,남동,20.2,1013.6,x
2015-05-26,1434,1740,-,32.7,3.5,76.0,0.0,16.0,서,12.6,1009.5,x
2015-05-27,1438,1719,-,29.9,9.9,75.0,0.0,29.0,남남동,14.4,1010.3,x
2015-05-28,1438,1711,-,29.7,2.8,73.0,0.0,18.0,남동,13.7,1009.1,x
2015-05-29,1466,1737,-,29.6,8.6,74.0,0.0,27.0,남남동,13.0,1007.1,x
2015-06-01,1617,1740,-,27.0,14.3,74.0,0.0,46.0,남남동,13.3,1010.1,x
2015-06-02,1744,1765,-,24.8,17.0,73.0,0.0,62.0,남남동,12.6,1008.9,x
2015-06-03,1744,1780,-,27.2,9.5,72.0,0.0,33.0,남남동,17.6,1005.2,x
2015-06-04,1789,1784,-,27.4,8.2,72.0,0.0,30.0,남남동,19.8,1010.4,x
2015-06-05,1812,1796,-,15.3,12.7,59.0,4.5,85.0,북북서,4.7,1006.4,x
2015-06-08,1794,1747,-,23.1,17.0,71.0,0.5,69.0,정온,1.4,1008.1,x
2015-06-09,1808,1727,-,27.5,13.0,74.0,0.0,41.0,서북서,11.2,1006.8,x
2015-06-10,1808,1720,-,30.1,14.6,77.0,0.0,39.0,남남동,15.8,1008.8,x
2015-06-11,1836,1692,-,23.1,19.6,72.0,0.3,81.0,남동,10.4,1003.4,x
2015-06-12,1839,1695,-,28.8,16.6,76.0,0.0,48.0,남남동,16.6,1004.3,x
2015-06-15,1835,1719,-,25.1,19.9,74.0,0.0,73.0,남남동,9.0,1008.4,x
2015-06-16,1835,1702,-,23.5,18.8,72.0,0.0,75.0,남,18.0,1006.0,x
2015-06-17,1834,1704,-,24.7,13.8,71.0,0.0,51.0,남동,6.5,1005.7,x
2015-06-18,1797,1710,-,25.0,15.0,72.0,0.0,54.0,서,6.1,1005.6,x
2015-06-19,1797,1709,-,26.4,14.1,73.0,0.0,47.0,북북서,4.3,1008.9,x
2015-06-22,1838,1709,-,26.3,16.2,74.0,0.0,54.0,남남동,16.2,1010.6,x
2015-06-23,1850,1706,-,28.3,14.8,75.0,0.0,44.0,남동,15.1,1011.2,x
2015-06-24,1844,1702,-,27.2,14.5,74.0,0.0,46.0,남동,14.4,1009.6,x
2015-06-25,1828,1699,-,27.6,15.2,75.0,0.0,47.0,남동,7.6,1004.4,x
2015-06-26,1830,1701,-,24.9,22.3,75.0,15.0,86.0,서북서,5.4,993.6,x
2015-06-29,1882,1707,-,29.0,14.7,76.0,0.0,42.0,남남동,9.0,1007.5,x
2015-06-30,1888,1717,-,20.7,20.3,69.0,4.0,98.0,남남서,4.0,1000.9,o
2015-07-01,1881,1716,-,26.4,19.0,75.0,0.1,64.0,남남동,16.6,996.4,o
2015-07-02,1837,1720,-,25.9,15.2,73.0,0.0,52.0,남남동,16.9,1002.7,o
2015-07-03,1850,1730,-,30.4,10.3,76.0,0.0,29.0,북서,6.5,1004.3,o
2015-07-06,1957,1778,-,24.7,16.1,72.0,0.0,59.0,남동,16.9,1011.7,o
2015-07-07,1939,1793,-,19.8,19.4,68.0,6.5,98.0,북서,4.7,1010.9,o
2015-07-08,2033,1806,-,22.4,22.0,72.0,21.0,98.0,남남동,2.9,1011.8,o
2015-07-09,2254,1820,-,26.2,20.9,76.0,14.0,73.0,서남서,4.3,1015.6,o
2015-07-10,2249,1820,-,30.3,20.8,80.0,0.0,57.0,남남동,8.3,1013.7,o
2015-07-13,2304,1821,-,23.7,21.7,74.0,0.0,89.0,서,16.6,1000.2,o
2015-07-14,2286,1826,-,28.5,21.7,79.0,0.0,67.0,남동,13.3,1004.6,o
2015-07-15,2306,1825,-,28.6,20.8,78.0,0.0,63.0,북북동,4.7,1005.4,o
2015-07-16,2455,1827,-,26.5,14.5,73.0,0.0,48.0,서북서,9.7,1005.6,o
2015-07-17,2403,1824,-,24.4,13.5,71.0,0.0,51.0,남동,13.0,1005.5,o
2015-07-20,2404,1854,-,27.0,21.7,77.0,0.0,73.0,동,1.8,1009.6,o
2015-07-21,2400,1878,-,28.2,22.8,79.0,3.5,73.0,남,7.2,1008.1,o
2015-07-22,2380,1905,-,26.4,26.0,79.0,0.5,98.0,남남동,7.2,1007.4,o
2015-07-23,2302,1931,-,28.1,23.8,80.0,53.5,78.0,서남서,16.2,1009.7,o
2015-07-24,2302,1940,-,26.8,26.1,80.0,1.5,96.0,남남동,9.0,1008.5,o
2015-07-27,2240,2014,-,32.9,20.4,82.0,0.0,48.0,서남서,19.1,1007.5,x
2015-07-28,2244,2057,-,33.2,21.0,82.0,0.0,49.0,서북서,11.9,1007.9,x
2015-07-29,2213,2091,-,33.2,24.6,85.0,0.0,61.0,남남동,10.8,1008.1,x
2015-07-30,2133,2108,-,32.8,24.2,84.0,0.0,61.0,남남동,16.2,1009.7,x
2015-07-31,2139,2115,-,34.1,23.1,84.0,0.0,53.0,남남동,13.3,1009.3,x
2015-08-03,2133,2161,-,33.4,17.5,81.0,0.0,39.0,남남서,14.4,1010.8,x
2015-08-04,2114,2092,-,32.3,19.5,81.0,0.0,47.0,서남서,18.0,1008.2,x
2015-08-05,2114,2098,-,34.7,22.0,84.0,0.0,48.0,남,11.9,1008.5,x
2015-08-06,2039,2111,-,34.6,21.2,84.0,0.0,46.0,남,13.0,1011.7,x
2015-08-07,2035,2195,-,35.7,21.5,84.0,0.0,44.0,남남서,11.9,1015.1,x
2015-08-10,2026,2468,-,34.2,16.5,81.0,0.0,35.0,서북서,10.1,1008.4,x
2015-08-11,1992,2448,-,31.0,17.6,79.0,0.0,45.0,북서,8.6,1007.8,x
2015-08-12,1993,2450,-,24.0,23.6,75.0,6.0,98.0,북북서,6.8,1003.4,x
2015-08-13,1855,2462,-,29.4,19.9,79.0,0.0,57.0,남남동,16.6,1005.3,x
2015-08-17,1798,2300,-,31.0,16.5,78.0,3.5,42.0,남남서,3.6,1007.1,o
2015-08-18,1793,2224,-,29.1,17.2,77.0,0.0,49.0,서북서,4.7,1013.3,o
2015-08-19,1809,2195,-,29.9,18.9,78.0,0.0,52.0,남동,8.6,1013.5,o
2015-08-20,1876,2227,-,28.0,20.2,77.0,0.0,63.0,북서,6.5,1009.9,o
2015-08-21,1870,2229,-,24.4,23.3,75.0,50.0,94.0,북서,4.0,1003.4,o
2015-08-24,1870,2228,-,27.1,18.6,76.0,0.0,60.0,북서,3.6,1007.1,o
2015-08-25,1870,2237,-,23.4,22.8,74.0,32.0,97.0,서북서,12.6,992.4,o
2015-08-26,1883,2234,-,28.0,17.2,76.0,0.0,52.0,남남동,7.6,1005.7,x
2015-08-27,1861,2241,-,28.8,17.0,77.0,0.0,49.0,남서,9.7,1007.6,x
2015-08-28,1858,2247,-,29.4,19.7,78.0,0.0,56.0,남남동,15.5,1007.8,x
2015-08-31,1854,2193,-,28.6,16.8,76.0,0.0,49.0,남동,8.6,1011.9,x
2015-09-01,1832,2194,-,26.6,18.7,75.0,6.5,62.0,서북서,10.4,1009.9,x
2015-09-02,1813,2198,-,28.5,19.4,77.0,0.5,58.0,남동,10.1,1013.2,x
2015-09-03,1774,2207,-,26.6,20.4,76.0,0.5,69.0,서,4.7,1010.0,x
2015-09-04,1769,2212,-,29.2,17.7,77.0,0.0,50.0,남남서,9.7,1012.3,x
2015-09-07,1785,2209,-,27.2,11.2,73.0,0.0,37.0,서남서,7.6,1011.4,x
2015-09-08,1795,2213,-,26.6,9.8,72.0,0.0,35.0,서,9.0,1014.8,x
2015-09-09,1777,2217,-,28.8,8.4,74.0,0.0,28.0,서남서,5.4,1013.3,x
2015-09-10,1716,2233,-,27.7,9.4,73.0,0.0,32.0,남남동,12.2,1013.3,x
2015-09-11,1687,2232,-,28.1,12.8,74.0,0.0,39.0,남서,13.0,1009.9,x
2015-09-14,1702,2248,-,24.8,7.8,70.0,0.0,34.0,동북동,6.8,1019.7,x
2015-09-15,1679,2246,-,24.8,10.6,71.0,0.0,41.0,서북서,5.0,1020.4,x
2015-09-16,1669,2254,-,24.2,13.4,71.0,0.0,51.0,동,5.0,1016.4,x
2015-09-17,1597,2271,-,19.7,18.7,67.0,38.5,94.0,북북서,8.3,1015.2,x
2015-09-18,1577,2286,-,26.7,13.4,73.0,0.0,44.0,남남서,4.7,1016.4,x
2015-09-21,1504,2293,-,28.2,16.1,76.0,0.0,48.0,남,8.6,1014.0,x
2015-09-22,1505,2262,-,26.2,13.9,73.0,0.0,47.0,남동,18.0,1016.4,x
2015-09-23,1512,2248,-,19.2,18.5,66.0,1.0,96.0,북서,10.4,1011.6,x
2015-09-24,1537,2256,-,22.9,17.5,71.0,1.0,72.0,북서,6.5,1006.2,x
2015-09-25,1518,2283,-,26.1,15.1,73.0,0.0,51.0,서,4.0,1006.2,x
2015-09-30,1486,2387,-,21.5,10.9,67.0,0.0,51.0,남동,9.4,1023.4,x
2015-10-01,1496,2390,-,25.1,24.2,25.1,26.5,95.0,서,23.8,998.0,x
2015-10-02,1469,2398,-,22.2,-1.8,22.2,0.0,20.0,북서,14.4,1014.3,x
2015-10-05,1472,2447,-,26.1,7.6,26.1,0.0,31.0,남,8.6,1022.3,x
2015-10-06,1445,2445,-,26.1,11.4,26.1,0.0,40.0,남남동,13.3,1019.7,x
2015-10-07,1451,2449,-,26.2,7.7,26.2,0.0,31.0,남동,8.6,1016.9,x
2015-10-08,1543,2439,-,24.0,7.5,24.0,0.0,35.0,북서,5.8,1012.3,x
2015-10-12,1538,2439,-,20.7,2.0,20.7,0.0,29.0,북서,14.8,1016.2,x
2015-10-13,1538,2465,-,22.2,1.2,22.2,0.0,25.0,서북서,10.8,1020.0,x
2015-10-14,1449,2441,-,24.6,3.8,24.6,0.0,26.0,서북서,13.0,1019.4,x
2015-10-15,1383,2405,-,24.9,9.5,24.9,0.0,38.0,남동,12.2,1019.3,x
2015-10-16,1349,2381,-,23.7,8.9,23.7,0.0,39.0,북서,5.0,1018.4,x
2015-10-19,1357,2251,-,26.8,8.7,26.8,0.0,32.0,남동,10.8,1016.5,x
2015-10-20,1359,2221,-,27.1,8.0,27.1,0.0,30.0,남동,8.3,1016.0,x
2015-10-21,1350,2171,-,25.5,12.6,25.5,0.0,45.0,서,7.6,1017.6,x
2015-10-22,1356,2153,-,21.7,11.1,21.7,0.0,51.0,동,5.0,1021.7,x
2015-10-23,1350,2146,-,24.4,9.1,24.4,0.0,38.0,서,6.5,1018.2,x
2015-10-26,1362,2095,-,20.0,4.8,20.0,0.0,37.0,남동,11.2,1020.7,x
2015-10-27,1361,2136,-,20.2,11.6,20.2,6.0,58.0,북서,13.3,1007.3,x
2015-10-28,1361,2143,-,18.5,-4.9,18.4,0.0,20.0,북서,14.4,1019.3,x
2015-10-29,1336,2132,-,19.4,3.5,19.4,0.0,35.0,북서,6.8,1021.3,x
2015-10-30,1330,2196,-,16.4,-6.6,15.8,0.0,20.0,북서,15.5,1024.4,x
2015-11-02,1360,1800,-,17.0,1.0,16.6,0.2,34.0,서북서,14.0,1020.7,x
2015-11-03,1354,1856,-,21.2,2.4,21.2,0.0,29.0,남,8.6,1028.3,x
2015-11-04,1315,1831,-,22.2,5.9,22.2,0.0,35.0,남서,5.8,1027.6,x
2015-11-05,1360,1762,-,23.0,4.4,23.0,0.0,30.0,서북서,6.1,1023.4,x
2015-11-06,1354,1751,-,21.5,6.9,21.5,0.0,39.0,동남동,3.6,1025.8,x
2015-11-09,1353,1673,-,18.5,11.5,18.5,3.5,64.0,북서,6.1,1015.1,x
2015-11-10,1347,1722,-,16.4,6.7,16.3,0.0,53.0,북서,10.1,1022.0,x
2015-11-11,1340,1682,-,19.0,8.0,19.0,0.0,49.0,서북서,5.8,1027.5,x
2015-11-12,1353,1693,-,18.6,6.7,18.3,0.0,46.0,남동,18.7,1028.9,x
2015-11-13,1343,1670,-,13.2,12.0,13.0,8.5,93.0,북북서,6.5,1019.7,x
2015-11-16,1354,1724,-,19.7,9.8,19.7,0.0,53.0,남남동,11.2,1017.2,x
2015-11-17,1354,1664,-,17.8,16.4,17.8,0.1,92.0,서북서,4.7,1018.0,x
2015-11-18,1364,1521,-,14.0,7.5,13.9,4.0,65.0,북서,6.8,1017.3,x
2015-11-19,1340,1524,-,15.9,6.0,15.9,0.0,52.0,동남동,5.4,1022.0,x
2015-11-20,1338,1550,-,19.3,3.8,19.3,0.1,36.0,북서,10.8,1022.0,x
2015-11-23,1354,1502,-,17.3,10.6,17.3,0.0,65.0,남동,6.8,1021.5,x
2015-11-24,1354,1528,-,15.6,1.6,15.6,0.0,39.0,남남서,5.8,1022.8,x
2015-11-25,1359,1530,-,8.8,5.1,6.8,0.2,78.0,북서,12.2,1017.0,x
2015-11-26,1370,1534,-,6.4,-10.8,2.2,0.0,28.0,서북서,25.9,1013.0,x
2015-11-27,1370,1535,-,9.0,-7.2,6.4,0.0,31.0,북서,17.3,1022.7,x
2015-11-30,1377,1545,-,15.9,-1.2,15.5,0.3,31.0,북서,11.9,1021.5,x
2015-12-01,1387,1551,-,17.0,2.1,17.0,0.0,37.0,남,5.0,1024.4,x
2015-12-02,1397,1558,-,15.1,8.5,14.3,0.0,65.0,남동,13.7,1014.5,x
2015-12-03,1408,1574,-,9.1,-8.4,5.8,0.0,28.0,서북서,24.5,1012.4,x
2015-12-07,1432,1631,-,16.8,2.3,16.8,0.0,38.0,남남서,5.0,1027.1,x
2015-12-08,1432,1639,-,16.2,1.8,16.2,0.0,38.0,남남서,6.5,1030.0,x
2015-12-09,1432,1658,-,13.6,4.1,13.4,0.0,53.0,북서,6.8,1029.2,x
2015-12-10,1360,1655,-,11.1,10.6,10.1,6.5,97.0,북서,9.4,1016.8,x
2015-12-11,1373,1693,-,10.5,2.5,9.2,7.5,58.0,북서,10.1,1017.0,x
2015-12-14,1375,1783,-,11.9,5.7,11.1,0.5,66.0,남동,8.6,1020.2,x
2015-12-15,1326,1785,-,13.8,1.0,13.2,0.5,42.0,북북서,10.1,1016.4,x
2015-12-16,1333,1783,-,7.6,-6.9,4.6,0.0,35.0,북서,18.0,1016.1,x
2015-12-17,1340,1578,-,3.8,-17.7,-0.1,0.0,19.0,북서,17.6,1025.3,x
2015-12-18,1333,1566,-,7.2,-9.6,4.3,0.0,29.0,북서,16.6,1030.5,x
2015-12-21,1324,1517,-,13.0,3.8,12.0,3.0,54.0,북서,11.9,1024.6,x
2015-12-22,1331,1622,-,13.8,0.0,13.8,0.0,39.0,서,5.8,1027.1,x
2015-12-23,1326,1611,-,11.9,6.7,11.0,2.0,71.0,북서,9.4,1019.6,x
2015-12-24,1351,1598,-,12.8,-1.1,11.7,0.0,38.0,북서,12.2,1016.7,x
2015-12-28,1359,1564,-,4.5,-15.4,0.8,0.0,22.0,북서,17.3,1029.6,x
2015-12-29,1355,1613,-,6.8,-18.9,4.1,0.0,14.0,서북서,14.4,1031.0,x
2015-12-30,1309,1630,-,8.9,-12.9,8.2,0.0,20.0,서,6.1,1028.2,x
2015-12-31,1306,1608,-,9.3,-6.9,6.9,0.0,31.0,북서,16.2,1028.3,x
2016-01-04,1305,1544,-,13.7,-4.5,12.8,0.0,28.0,북서,12.2,1020.6,x
2016-01-05,1315,1571,-,5.1,-9.8,2.9,0.0,33.0,서북서,9.4,1024.8,x
2016-01-06,1337,1549,-,8.0,-9.9,6.0,0.0,27.0,북북서,11.5,1021.5,x
2016-01-07,1279,1524,-,7.1,-11.6,4.2,0.0,25.0,북서,15.8,1021.7,x
2016-01-08,1251,1529,-,5.9,-12.1,2.5,0.0,26.0,북서,17.6,1020.8,x
2016-01-11,1270,1494,-,7.4,-20.2,4.8,0.0,12.0,서북서,14.0,1022.5,x
2016-01-12,1270,1470,-,6.6,-24.1,3.1,0.0,9.0,서북서,19.8,1019.8,x
2016-01-13,1269,1445,소낙눈 끝,2.0,-2.3,-4.0,0.5,73.0,북서,31.3,1020.8,x
2016-01-14,1315,1420,-,6.3,-9.6,4.3,0.0,31.0,북서,9.7,1021.0,x
2016-01-15,1315,1405,-,8.0,-8.9,5.9,0.0,29.0,서북서,11.9,1020.5,x
2016-01-18,1342,1358,-,5.3,-12.2,0.9,0.5,27.0,서북서,24.8,1008.5,x
2016-01-19,1336,1337,-,-0.1,-21.0,-5.6,0.0,19.0,북서,21.6,1015.9,x
2016-01-20,1336,1320,-,0.3,-18.9,-4.9,0.0,22.0,북서,20.2,1027.3,x
2016-01-21,1336,1306,-,1.2,-19.9,-2.5,0.0,19.0,북서,12.6,1024.5,x
2016-01-22,1345,1291,-,5.2,-24.0,1.6,0.0,10.0,북서,18.0,1027.2,x
2016-01-25,1424,1289,-,1.0,-16.8,-3.2,0.0,25.0,북서,15.1,1026.4,x
2016-01-26,1506,1292,-,6.9,-9.9,4.3,0.0,29.0,북서,13.3,1024.9,x
2016-01-27,1542,1301,-,9.3,-8.3,7.9,0.0,28.0,남,9.4,1029.3,x
2016-01-28,1688,1309,-,3.4,-5.0,1.6,0.2,54.0,서북서,6.8,1027.5,x
2016-01-29,1752,1302,-,5.2,3.3,2.9,15.0,88.0,북서,10.1,1021.7,x
2016-02-01,1811,1310,-,5.2,-14.2,1.5,0.0,23.0,서북서,18.4,1025.0,x
2016-02-02,1900,1311,-,4.9,-19.6,1.4,0.0,15.0,북서,16.6,1024.9,x
2016-02-03,1910,1307,-,6.3,-15.0,3.5,0.0,20.0,북서,14.0,1025.4,x
2016-02-04,2126,1306,-,6.7,-12.4,4.5,0.0,24.0,북서,10.8,1023.8,x
2016-02-05,2079,1305,-,8.5,-20.3,6.0,0.0,11.0,북서,15.8,1020.7,x
2016-02-11,1985,1278,-,14.3,-1.7,13.6,0.0,33.0,북동,11.5,1023.1,x
2016-02-12,1926,1272,-,12.3,11.6,11.4,8.5,96.0,동남동,10.1,1020.3,x
2016-02-15,1905,1297,-,2.5,-19.4,-1.8,0.0,18.0,북서,17.6,1018.0,x
2016-02-16,1879,1312,-,5.3,-11.7,2.0,0.0,28.0,서북서,15.8,1017.3,x
2016-02-17,1879,1328,-,7.6,-15.2,5.4,0.0,18.0,북서,11.9,1024.0,x
2016-02-18,1742,1341,-,10.4,-7.8,8.9,0.0,27.0,남서,11.5,1022.7,x
2016-02-19,1739,1353,-,14.2,-11.3,13.9,0.0,16.0,북서,8.3,1026.2,x
2016-02-22,1751,1358,-,10.7,-6.2,9.8,0.0,30.0,남동,7.9,1028.7,x
2016-02-23,1744,1359,-,12.3,-8.8,10.9,0.0,22.0,서북서,13.3,1025.7,x
2016-02-24,1733,1364,-,6.3,-7.0,3.3,0.0,38.0,북서,15.5,1029.9,x
2016-02-25,1721,1370,-,7.3,-15.5,5.0,0.0,18.0,북서,12.2,1033.1,x
2016-02-26,1712,1370,-,8.5,-3.3,7.3,0.0,43.0,북서,7.9,1029.0,x
2016-02-29,1729,1343,-,3.4,-10.6,-0.4,0.0,35.0,북서,15.8,1021.9,x
2016-03-02,1770,1331,-,13.2,-6.9,12.4,0.0,24.0,남,10.4,1024.8,x
2016-03-03,1827,1314,-,17.6,-2.1,17.4,0.0,26.0,남남서,14.0,1023.9,x
2016-03-04,1813,1292,-,11.7,11.6,11.7,23.0,100.0,서북서,3.6,1026.0,x
2016-03-07,1813,1266,-,17.1,3.7,17.1,0.0,41.0,서남서,8.3,1015.4,x
2016-03-08,1809,1261,-,9.6,-0.6,8.9,0.0,49.0,북북서,6.5,1020.5,x
2016-03-09,1825,1259,-,11.6,0.3,11.3,8.0,46.0,동남동,6.1,1018.2,x
2016-03-10,1915,1263,-,9.3,-12.5,7.3,0.0,20.0,북서,13.0,1021.5,x
2016-03-11,1928,1266,-,7.5,-10.8,5.2,0.0,26.0,서북서,12.2,1022.9,x
2016-03-14,1934,1272,-,12.6,-2.1,11.3,0.0,36.0,북서,13.7,1018.8,x
2016-03-15,1918,1289,-,12.2,-3.6,9.9,0.0,33.0,남남동,22.7,1022.4,x
2016-03-16,1918,1307,-,17.9,-3.5,17.9,0.0,23.0,남서,8.6,1020.3,x
2016-03-17,1931,1315,-,17.7,4.6,17.3,0.0,42.0,남남동,16.9,1020.1,x
2016-03-18,1921,1325,-,13.5,13.4,13.1,23.5,100.0,동남동,8.3,1011.2,x
2016-03-21,1915,1335,-,14.7,4.0,13.4,0.0,49.0,남,18.7,1023.6,x
2016-03-22,1844,1333,-,17.8,4.0,17.7,0.0,40.0,남남동,12.6,1016.3,x
2016-03-23,1892,1329,-,16.4,4.0,15.6,0.0,44.0,남,18.0,1016.3,x
2016-03-24,1907,1326,-,12.8,-3.1,12.8,0.3,33.0,남남서,4.7,1023.3,x
2016-03-25,1901,1324,-,10.8,0.2,10.8,0.0,48.0,동남동,4.0,1024.2,x
2016-03-28,1904,1317,-,18.0,-6.0,17.8,0.0,19.0,서북서,14.0,1020.9,x
2016-03-29,1909,1321,-,15.5,1.5,14.3,0.0,39.0,서남서,20.9,1021.6,x
2016-03-30,1912,1326,-,22.3,-3.9,22.3,0.0,17.0,서북서,13.3,1018.7,x
2016-03-31,1921,1334,-,18.4,6.2,18.4,0.0,45.0,남,9.7,1016.1,x
2016-04-01,1898,1341,-,23.5,4.9,68.0,0.0,30.0,남,14.8,1014.2,x
2016-04-04,1908,1334,-,13.0,8.2,56.0,3.5,73.0,동남동,3.2,1014.3,x
2016-04-05,1908,1337,-,20.7,1.0,65.0,0.0,27.0,북서,10.4,1014.8,x
2016-04-06,1928,1341,-,19.6,-0.4,64.0,0.0,26.0,남동,21.2,1017.6,x
2016-04-07,1891,1351,-,15.6,11.5,60.0,39.5,77.0,서북서,7.2,1008.7,x
2016-04-08,1881,1364,-,23.5,6.7,68.0,0.0,34.0,남,14.4,1014.6,x
2016-04-11,1891,1387,-,11.6,2.8,54.0,0.0,55.0,동남동,8.6,1021.9,x
2016-04-12,1957,1396,-,18.0,3.4,62.0,0.0,38.0,남,12.6,1016.8,x
2016-04-14,2078,1400,-,25.5,8.4,71.0,0.0,34.0,서북서,12.6,1009.9,x
2016-04-15,2114,1398,-,19.8,3.0,64.0,0.0,33.0,남동,17.3,1021.2,x
2016-04-18,2162,1395,-,19.6,-0.9,63.0,0.0,25.0,서,11.9,1014.8,x
2016-04-19,2181,1387,-,21.4,-0.6,65.0,0.0,23.0,북서,13.3,1022.9,x
2016-04-20,2197,1383,-,21.7,-0.3,66.0,0.0,23.0,남남동,15.5,1021.0,x
2016-04-21,2197,1382,-,17.0,16.9,63.0,30.0,100.0,북서,4.0,1001.3,x
2016-04-22,2199,1385,-,25.3,13.4,72.0,0.0,48.0,남남동,11.9,1009.4,x
2016-04-25,2208,1404,-,25.0,2.4,69.0,0.0,23.0,남남동,12.2,1017.3,x
2016-04-26,2188,1410,-,24.2,9.3,70.0,0.0,39.0,남동,22.0,1015.0,x
2016-04-27,2174,1412,-,14.3,10.6,58.0,14.0,79.0,서,5.8,1007.5,x
2016-04-28,2115,1393,-,17.0,10.5,62.0,4.0,66.0,정온,1.4,1007.5,x
2016-04-29,2104,1390,-,20.7,3.8,65.0,0.0,33.0,남남동,16.9,1013.8,x
2016-05-02,2118,1395,-,24.0,17.9,72.0,0.0,69.0,남,11.5,1015.8,x
2016-05-03,2098,1397,-,18.5,18.1,65.0,67.0,98.0,서남서,14.8,995.7,x
2016-05-04,2098,1401,-,25.7,-0.4,69.0,0.0,18.0,서북서,38.2,1003.7,x
2016-05-09,2197,1425,-,24.0,10.6,70.0,0.0,43.0,남,6.8,1009.9,x
2016-05-10,2192,1431,-,15.9,15.8,61.0,18.5,100.0,북북서,2.5,1004.2,x
2016-05-11,2192,1420,-,20.3,13.0,66.0,0.1,63.0,남남동,15.1,1010.2,x
2016-05-12,2224,1411,-,24.6,7.2,70.0,0.0,33.0,남서,15.8,1014.6,x
2016-05-13,2219,1422,-,22.9,12.5,69.0,0.0,52.0,남남서,3.2,1019.6,x
2016-05-16,2255,1451,-,21.2,5.9,66.0,7.5,37.0,서북서,11.9,1010.7,x
2016-05-17,2227,1550,-,26.8,5.6,71.0,0.0,26.0,서북서,7.9,1015.0,x
2016-05-18,2230,1559,-,28.9,11.4,75.0,0.0,34.0,남남동,9.0,1017.9,x
2016-05-19,2211,1561,-,30.4,10.3,76.0,0.0,29.0,남,9.0,1017.5,x
2016-05-20,2179,1574,-,28.1,10.7,74.0,0.0,34.0,남남서,10.1,1017.7,x
2016-05-23,2185,1632,-,27.8,15.7,75.0,0.0,48.0,남남동,13.0,1013.7,x
2016-05-24,2185,1589,-,19.6,19.5,67.0,11.5,100.0,남동,7.9,1006.9,x
2016-05-25,2185,1601,-,25.2,11.0,71.0,0.0,41.0,서,8.6,1009.4,x
2016-05-26,2161,1604,-,28.0,15.2,75.0,0.0,46.0,남남동,14.8,1008.7,x
2016-05-27,2152,1628,-,28.7,11.7,74.0,0.1,35.0,남동,15.5,1011.3,x
2016-05-30,2134,1689,-,28.3,13.7,75.0,0.0,41.0,남남동,18.0,1006.6,x
2016-05-31,2092,1696,-,30.8,12.6,77.0,0.0,33.0,서북서,11.5,1006.6,x
2016-06-01,2054,1699,-,25.7,8.6,71.0,0.0,34.0,남동,18.0,1007.8,x
2016-06-02,1991,1699,-,27.4,10.9,73.0,0.0,36.0,남,14.8,1011.0,x
2016-06-03,1952,1722,-,28.4,13.4,75.0,0.0,40.0,남남동,18.0,1010.9,x
2016-06-07,1971,1732,-,26.3,18.1,75.0,0.0,61.0,남,11.5,1010.8,x
2016-06-08,1910,1714,-,23.4,20.5,73.0,0.0,84.0,남동,12.6,1010.1,x
2016-06-09,1862,1665,-,27.1,18.6,76.0,0.0,60.0,남,7.6,1011.0,x
2016-06-10,1820,1649,-,29.0,18.1,77.0,0.0,52.0,남,11.9,1012.9,x
2016-06-13,1815,1620,-,28.4,19.0,77.0,0.0,57.0,남동,14.0,1001.9,x
2016-06-14,1809,1610,-,27.0,19.6,76.0,0.0,64.0,남,11.9,1004.9,x
2016-06-15,1820,1618,-,24.7,20.1,74.0,0.0,76.0,남,6.1,1003.6,x
2016-06-16,1778,1613,-,28.5,16.7,76.0,12.0,49.0,북서,9.0,998.1,x
2016-06-17,1737,1616,-,30.6,13.3,77.0,0.0,35.0,북서,11.2,1008.7,x
2016-06-20,1736,1615,-,27.8,24.8,80.0,0.0,84.0,남남서,5.0,1007.2,x
2016-06-21,1746,1616,-,24.1,22.8,75.0,6.5,93.0,서,2.2,1009.6,x
2016-06-22,1748,1615,-,24.3,22.7,75.0,1.0,91.0,남남동,7.2,1006.1,x
2016-06-23,1753,1616,-,28.2,18.8,77.0,0.0,57.0,남남동,15.1,1007.5,x
2016-06-24,1756,1615,-,24.0,23.9,75.0,37.5,100.0,남남서,7.9,996.1,x
2016-06-27,1756,1620,-,22.5,22.4,73.0,0.0,100.0,남동,8.6,1010.5,x
2016-06-28,1733,1622,-,26.0,15.0,73.0,0.0,51.0,남동,10.4,1012.0,x
2016-06-29,1743,1632,-,25.9,19.5,75.0,1.0,68.0,남,2.5,1012.1,x
2016-06-30,1759,1634,-,26.2,24.6,78.0,0.0,91.0,남남동,19.8,1012.2,x
2016-07-01,1755,1626,-,23.5,23.4,74.0,13.5,100.0,남남동,15.1,1009.3,x
2016-07-04,1765,1647,-,24.9,24.9,77.0,29.5,100.0,남동,11.5,1012.0,x
2016-07-05,1801,1661,-,29.7,26.4,83.0,0.3,83.0,남남동,12.6,1014.0,x
2016-07-06,1797,1676,-,29.7,25.8,82.0,0.5,80.0,남남동,11.2,1015.4,x
2016-07-07,1826,1707,-,31.5,26.0,84.0,0.0,73.0,남남동,13.7,1014.8,x
2016-07-08,1812,1729,-,28.7,24.6,81.0,2.0,79.0,서북서,6.8,1010.4,x
2016-07-11,1801,1743,-,27.1,24.5,79.0,0.0,86.0,남동,14.8,1005.2,x
2016-07-12,1819,1745,-,26.0,24.9,78.0,0.1,94.0,남남동,8.6,1003.6,x
2016-07-13,1826,1746,-,30.6,24.0,82.0,0.2,68.0,서남서,7.2,999.8,x
2016-07-14,1761,1759,-,33.8,22.2,83.0,0.0,51.0,북서,6.5,1000.3,x
2016-07-15,1761,1775,-,32.2,20.4,81.0,0.0,50.0,남동,5.8,1004.5,x
2016-07-18,1768,1805,-,32.3,24.3,84.0,0.0,63.0,남남동,8.3,1009.7,x
2016-07-19,1752,1821,-,30.4,23.3,81.0,0.0,66.0,남동,16.2,1011.9,x
2016-07-20,1752,1838,-,31.7,20.3,81.0,0.0,51.0,남동,13.7,1013.2,x
2016-07-21,1791,1852,-,30.7,22.3,81.0,0.0,61.0,남동,9.4,1012.8,x
2016-07-22,1789,1870,-,31.7,21.2,81.0,0.0,54.0,남동,16.6,1011.6,x
2016-07-25,1802,1899,-,31.3,26.7,85.0,1.0,77.0,동남동,5.0,1010.4,x
2016-07-26,1802,1932,-,32.2,25.2,84.0,0.0,67.0,서남서,14.4,1007.9,x
2016-07-27,1831,1953,-,32.5,25.0,84.0,0.0,65.0,서남서,16.6,1006.2,x
2016-07-28,1832,1975,-,32.1,24.9,84.0,0.0,66.0,서남서,15.1,1007.5,x
2016-07-29,1839,2004,-,32.4,26.6,85.0,0.0,72.0,남남동,18.0,1010.4,x
2016-08-01,1864,2032,-,32.1,25.6,84.0,0.0,69.0,남남동,14.4,1009.5,x
2016-08-02,1846,2059,-,30.7,25.7,83.0,0.0,75.0,남남동,11.5,1008.8,x
2016-08-03,1867,2073,-,27.3,23.7,79.0,0.1,81.0,남남동,6.8,1009.8,x
2016-08-04,1840,1840,-,30.9,23.2,82.0,0.0,64.0,남동,16.2,1009.8,x
2016-08-05,1840,1851,-,34.0,24.2,85.0,0.0,57.0,남서,8.6,1009.9,x
2016-08-08,1828,1867,-,32.9,24.6,84.0,0.0,62.0,남남동,12.2,1006.2,x
2016-08-09,1828,1723,-,31.4,23.7,82.0,0.0,64.0,남동,5.8,1008.7,x
2016-08-10,1858,2279,-,32.8,25.6,85.0,0.0,66.0,남남동,12.6,1009.9,x
2016-08-11,1843,2163,-,35.7,22.6,85.0,0.0,47.0,서북서,11.9,1008.9,x
2016-08-12,1847,2202,-,34.3,26.5,87.0,0.0,64.0,남,15.8,1006.6,x
2016-08-16,1837,2066,-,31.4,22.9,82.0,0.0,61.0,동,5.4,1001.4,x
2016-08-17,1867,2070,-,32.3,23.5,83.0,0.0,60.0,남,16.9,1003.4,x
2016-08-18,1934,2079,-,33.4,22.1,83.0,0.0,52.0,남동,10.4,1005.8,x
2016-08-19,1963,2052,-,33.4,22.1,83.0,0.0,52.0,남동,9.4,1006.9,x
2016-08-22,1930,2060,-,32.6,21.7,82.0,0.0,53.0,서북서,4.0,1005.7,x
2016-08-23,1997,2054,-,31.4,21.2,81.0,0.2,55.0,동북동,4.3,1007.1,x
2016-08-24,1979,2062,-,33.1,16.4,80.0,0.0,37.0,남동,15.8,1006.7,x
2016-08-25,2000,2061,-,33.2,23.2,84.0,0.0,56.0,남남동,14.4,1004.7,x
2016-08-26,2043,2054,-,21.6,17.7,69.0,0.0,79.0,북북서,7.9,1009.3,x
2016-08-29,2254,2025,-,23.9,14.5,71.0,0.5,56.0,북북서,8.3,1000.1,x
2016-08-30,2438,1982,-,23.5,14.2,70.0,0.0,56.0,북서,22.7,992.3,x
2016-08-31,2597,1988,-,29.1,9.7,74.0,0.0,30.0,서북서,28.1,993.2,x
2016-09-01,2775,1985,-,28.4,21.4,78.0,0.0,66.0,남,15.5,1004.6,x
2016-09-02,2747,1982,-,19.7,19.0,67.0,17.5,96.0,동남동,6.1,1008.6,x
2016-09-05,2842,1990,-,27.6,22.5,78.0,0.0,74.0,남,4.0,1009.9,x
2016-09-06,2966,1964,-,27.9,23.2,79.0,0.0,76.0,남,4.0,1008.8,x
2016-09-07,2926,1949,-,27.4,21.6,78.0,0.0,71.0,남,8.3,1005.3,x
2016-09-08,2945,1944,-,28.4,15.9,76.0,15.0,47.0,서북서,6.5,1006.3,x
2016-09-09,2914,1947,-,27.8,20.8,78.0,0.0,66.0,남동,9.4,1009.2,x
2016-09-12,2962,1956,-,20.3,19.6,68.0,10.0,96.0,북북서,4.3,1016.2,o
2016-09-13,3053,1957,-,28.3,18.3,77.0,0.0,55.0,동남동,7.6,1017.7,o
2016-09-19,3085,1913,-,22.5,14.8,69.0,0.0,62.0,서남서,7.6,1010.5,o
2016-09-20,2989,1930,-,25.0,10.8,71.0,0.0,41.0,서남서,7.6,1014.7,o
2016-09-21,3030,1910,-,23.6,12.8,70.0,0.0,51.0,남서,5.4,1020.1,x
2016-09-22,3009,1863,-,21.9,17.2,70.0,0.4,75.0,북북서,5.0,1017.7,x
2016-09-23,2962,1843,-,24.3,16.7,72.0,0.0,63.0,남동,6.8,1016.4,x
2016-09-26,2965,1838,-,25.0,21.7,75.0,0.1,82.0,정온,1.4,1016.2,x
2016-09-27,2976,1832,-,28.0,23.1,79.0,0.5,75.0,북서,7.6,1014.8,o
2016-09-28,2934,1832,-,22.6,21.9,72.0,14.0,96.0,북서,8.6,1013.6,o
2016-09-29,2947,1834,-,18.3,15.7,64.0,4.0,85.0,북북서,6.1,1018.2,o
2016-09-30,2920,1820,-,17.0,16.9,63.0,20.5,100.0,서북서,8.6,1015.4,o
2016-10-04,3028,1794,-,26.3,18.1,26.3,0.0,61.0,동,7.9,1015.4,o
2016-10-05,3069,1789,-,24.7,18.3,24.7,140.5,68.0,서북서,22.7,1004.9,o
2016-10-06,3166,1789,-,26.8,16.1,26.8,0.0,52.0,남남서,6.8,1019.3,x
2016-10-07,3301,1772,-,21.5,15.3,21.5,0.0,68.0,남동,7.9,1020.7,x
2016-10-10,3392,1769,-,20.3,11.7,20.3,0.0,58.0,남동,9.7,1018.6,x
2016-10-11,3471,1768,-,18.9,12.6,18.9,0.0,67.0,서북서,7.6,1018.4,x
2016-10-12,3464,1762,-,22.9,10.9,22.9,0.0,47.0,남동,5.8,1020.6,x
2016-10-13,3420,1782,-,20.8,12.7,20.8,0.0,60.0,서북서,5.0,1022.5,x
2016-10-14,3365,1765,-,24.4,9.9,24.4,0.0,40.0,남남동,7.6,1023.9,x
2016-10-17,3336,1709,-,24.5,18.1,24.5,0.0,68.0,서,9.4,1015.4,x
2016-10-18,3435,1683,-,21.9,15.4,21.9,0.0,67.0,북서,4.7,1019.0,x
2016-10-19,3468,1662,-,23.3,13.1,23.3,0.0,53.0,북서,9.7,1016.6,x
2016-10-20,3452,1644,-,23.5,12.1,23.5,0.0,49.0,동,6.1,1018.4,x
2016-10-21,3385,1646,-,17.0,12.5,17.0,0.0,75.0,서,4.7,1021.6,x
2016-10-24,3360,1652,-,20.6,8.8,20.6,0.0,47.0,남동,8.3,1018.3,x
2016-10-25,3368,1648,-,19.4,17.7,19.4,1.0,90.0,서남서,11.5,1010.3,x
2016-10-26,3374,1645,-,19.3,12.7,19.3,0.0,66.0,동북동,11.9,1017.1,x
2016-10-27,3374,1663,-,18.9,12.1,18.9,0.0,65.0,남동,5.4,1023.6,x
2016-10-28,3374,1667,-,15.1,14.9,14.8,3.5,99.0,북서,9.4,1012.1,x
2016-10-31,3332,1579,-,11.1,5.6,9.9,0.0,69.0,북서,10.4,1025.1,x
2016-11-01,3140,1567,-,12.2,-7.8,10.7,0.0,24.0,서북서,14.4,1026.6,x
2016-11-02,3035,1560,-,12.9,-8.3,11.5,0.0,22.0,북서,15.1,1024.8,x
2016-11-03,2785,1609,-,15.9,3.6,15.7,0.0,44.0,북서,10.1,1021.9,x
2016-11-04,2735,1618,-,18.7,2.4,18.7,0.0,34.0,서남서,9.0,1016.9,x
2016-11-07,2692,1626,-,18.3,6.1,18.3,0.0,45.0,남,6.1,1020.8,x
2016-11-08,2518,1515,-,16.4,2.0,15.9,0.2,38.0,서북서,14.0,1019.3,x
2016-11-09,2514,1529,-,14.2,1.7,13.5,0.0,43.0,북서,10.8,1026.4,x
2016-11-10,2390,1519,-,12.7,5.8,12.7,0.0,63.0,서남서,5.0,1019.3,x
2016-11-11,2405,1495,-,16.6,5.2,16.5,0.0,47.0,북서,10.4,1018.0,x
2016-11-14,2436,1358,-,17.9,16.2,17.9,3.5,90.0,북북서,5.8,1015.1,x
2016-11-15,2433,1416,-,18.5,-5.5,18.3,0.0,19.0,북서,17.3,1017.0,x
2016-11-16,2437,1401,-,14.2,-4.0,13.6,0.0,28.0,북서,10.1,1021.2,x
2016-11-17,2383,1377,-,17.7,2.0,17.7,0.0,35.0,북,4.3,1023.3,x
2016-11-18,2392,1358,-,18.4,12.8,18.3,0.0,70.0,동북동,14.0,1018.4,x
2016-11-21,2401,1341,-,15.4,10.7,15.4,0.0,74.0,북,5.4,1017.2,x
2016-11-22,2397,1344,-,12.4,3.3,11.0,0.0,54.0,북서,14.0,1017.0,x
2016-11-23,2406,1339,-,12.0,1.0,10.4,0.0,47.0,북서,14.4,1020.8,x
2016-11-24,2460,1335,-,7.5,-11.8,4.2,0.0,24.0,북서,20.2,1023.0,x
2016-11-25,2430,1334,-,9.9,-4.8,7.6,0.0,35.0,북서,16.2,1025.6,x
2016-11-28,2430,1329,-,10.3,-4.1,8.2,0.0,36.0,서북서,15.5,1025.5,x
2016-11-29,2430,1326,-,11.9,-5.6,10.6,0.0,29.0,북서,12.2,1031.5,x
2016-11-30,2440,1323,-,11.1,8.3,10.5,0.5,83.0,남동,6.8,1024.0,x
2016-12-01,2418,1325,-,13.0,1.9,11.7,0.0,47.0,북서,14.0,1022.2,x
2016-12-05,2375,1383,-,15.8,5.0,15.8,0.0,49.0,북서,8.3,1015.9,x
2016-12-06,2358,1389,-,8.6,-10.3,6.2,0.0,25.0,서북서,14.8,1024.6,x
2016-12-07,2374,1396,-,7.7,-6.1,6.3,0.0,37.0,북서,7.9,1020.7,x
2016-12-08,2431,1414,-,7.6,-0.3,6.6,0.0,57.0,남서,6.5,1017.6,x
2016-12-09,2434,1438,-,12.7,-2.0,11.2,0.0,36.0,북서,15.5,1016.1,x
2016-12-12,2438,1456,-,9.6,-0.3,8.0,0.0,50.0,서북서,11.2,1022.8,x
2016-12-13,2543,1483,-,9.6,3.7,8.1,0.0,67.0,북서,10.1,1015.6,x
2016-12-14,2550,1491,-,8.4,0.1,5.7,0.0,56.0,북서,16.9,1016.8,x
2016-12-15,2734,1505,-,5.7,-8.9,2.2,0.0,34.0,북서,18.4,1018.8,x
2016-12-16,2772,1530,-,4.6,-16.4,0.5,0.0,20.0,북서,20.5,1025.4,x
2016-12-19,2816,1379,-,8.1,7.9,7.1,3.0,99.0,서북서,6.8,1024.9,x
2016-12-20,2916,1359,-,14.7,9.2,14.7,0.0,70.0,북서,6.5,1025.2,x
2016-12-21,2922,1359,-,15.3,11.4,15.3,0.0,78.0,동남동,5.8,1024.1,x
2016-12-22,2941,1450,-,11.9,7.6,10.3,41.0,75.0,서북서,14.4,1007.7,x
2016-12-23,2984,1449,-,6.8,-4.0,3.4,0.0,46.0,북서,19.8,1016.4,x
2016-12-26,3001,1412,-,6.4,6.3,4.8,6.5,100.0,북서,7.9,1018.0,x
2016-12-27,3015,1395,-,7.7,-2.3,4.2,2.0,49.0,북서,22.7,1017.5,x
2016-12-28,3012,1389,-,7.0,-4.4,4.8,0.0,44.0,서북서,11.5,1027.9,x
2016-12-29,2957,1417,-,0.9,-12.8,-2.5,0.3,35.0,북서,11.2,1029.2,x
2016-12-30,2926,1441,-,5.6,-12.9,2.5,0.0,25.0,북서,15.1,1030.5,x
2017-01-02,3116,1445,-,13.7,2.2,12.8,0.0,46.0,북서,12.2,1021.0,x
2017-01-03,3085,1383,-,11.1,-5.0,9.7,0.0,32.0,북서,11.5,1022.9,x
2017-01-04,3055,1334,-,10.8,0.2,9.2,0.0,48.0,북서,12.6,1022.6,x
2017-01-05,3085,1308,-,9.8,4.3,,0.0,69.0,보통,0.0,1026.3,x
2017-01-06,3096,1303,-,11.4,0.1,11.1,0.0,46.0,서남서,5.8,1026.0,x
2017-01-09,3072,1284,-,10.2,-2.8,7.5,0.0,40.0,북서,20.9,1013.9,x
2017-01-10,3043,1276,-,6.3,-8.0,2.8,0.0,35.0,북서,19.4,1019.7,x
2017-01-11,3022,1265,-,3.4,-13.4,-0.1,0.0,28.0,북서,14.0,1023.2,x
2017-01-12,2892,1257,-,7.2,-3.0,3.5,0.0,48.0,서북서,23.4,1015.4,x
2017-01-13,2775,1249,-,5.2,-7.6,2.3,0.0,39.0,북서,13.3,1012.9,x
2017-01-16,2687,1233,-,5.2,-10.5,1.9,0.0,31.0,서북서,15.5,1026.4,x
2017-01-17,2666,1225,-,6.9,-7.5,4.7,0.0,35.0,서북서,11.2,1030.1,x
2017-01-18,2590,1222,-,7.1,-6.9,4.1,0.0,36.0,북서,16.9,1027.8,x
2017-01-19,2560,1221,-,7.6,-4.5,5.4,0.0,42.0,북서,11.9,1021.6,x
2017-01-20,2532,1223,-,3.5,-8.5,-0.9,0.0,41.0,북서,20.5,1016.9,x
2017-01-23,2600,1219,-,1.1,-15.0,-3.3,0.0,29.0,서북서,16.2,1027.7,x
2017-01-24,2523,1220,-,2.9,-15.2,-1.0,0.0,25.0,북서,15.8,1031.5,x
2017-01-25,2502,1230,-,5.4,-14.6,2.2,0.0,22.0,북서,15.5,1031.6,x
2017-01-26,2531,1251,-,8.6,-12.5,8.6,0.0,21.0,서남서,4.0,1027.0,x
2017-01-31,2501,1329,-,5.9,-5.1,3.4,0.0,45.0,북서,11.5,1025.8,x
2017-02-01,2454,1320,-,6.5,-9.0,2.5,0.0,32.0,북서,24.5,1024.1,x
2017-02-02,2471,1327,-,8.6,-14.4,5.9,0.0,18.0,서북서,16.9,1026.2,x
2017-02-03,2460,1307,-,9.7,-8.4,7.8,0.0,27.0,북서,13.0,1024.6,x
2017-02-06,2407,1310,-,7.4,-10.8,4.6,0.0,26.0,북서,15.8,1018.7,x
2017-02-07,2376,1310,-,8.3,-7.4,7.7,0.0,32.0,서남서,5.4,1023.4,x
2017-02-08,2376,1299,-,8.1,-4.7,6.4,0.0,40.0,북서,9.7,1016.1,x
2017-02-09,2396,1303,-,4.4,-13.4,0.1,0.0,26.0,북서,22.0,1009.9,x
2017-02-10,2396,1303,-,2.0,-15.5,-2.4,0.0,26.0,북서,18.0,1014.3,x
2017-02-13,2423,1301,-,8.5,-10.4,6.2,0.0,25.0,북서,13.7,1029.3,x
2017-02-14,2373,1309,-,8.7,-9.7,5.8,0.0,26.0,북서,19.1,1030.9,x
2017-02-15,2373,1320,-,12.8,-7.8,12.7,0.0,23.0,남남서,6.1,1028.9,x
2017-02-16,2317,1329,-,13.7,6.0,12.0,0.0,60.0,서남서,20.2,1020.8,x
2017-02-17,2296,1332,-,15.7,4.0,14.9,1.5,46.0,북서,15.8,1016.5,x
2017-02-20,2299,1341,-,12.4,-9.9,10.4,0.5,20.0,북서,20.2,1009.5,x
2017-02-21,2288,1345,-,9.8,-3.5,9.1,0.0,39.0,남서,6.5,1030.2,x
2017-02-22,2290,1346,-,5.3,5.0,4.3,3.5,98.0,서북서,5.4,1013.9,x
2017-02-23,2268,1346,-,8.1,-6.4,5.2,0.0,35.0,북서,17.6,1013.9,x
2017-02-24,2268,1350,-,6.4,-11.7,3.0,0.0,26.0,북서,18.4,1021.9,x
2017-02-27,2262,1351,-,9.5,2.3,8.2,0.0,61.0,남동,9.0,1025.8,x
2017-02-28,2262,1345,-,13.4,-0.2,13.2,0.0,39.0,남남동,6.8,1023.9,x
2017-03-02,2248,1345,-,10.0,-0.5,7.7,0.5,48.0,북북서,16.9,1012.1,x
2017-03-03,2248,1346,-,11.2,-7.1,9.6,0.0,27.0,서,13.3,1018.8,x
2017-03-06,2248,1328,-,9.4,-11.8,6.3,0.0,21.0,북서,23.0,1012.1,x
2017-03-07,2255,1329,-,7.6,-9.3,5.4,0.0,29.0,서북서,12.2,1012.8,x
2017-03-08,2261,1329,-,6.8,-9.1,3.3,0.0,31.0,서북서,20.2,1013.3,x
2017-03-09,2258,1332,-,11.0,-6.8,8.9,0.0,28.0,서남서,16.9,1012.8,x
2017-03-10,2244,1326,-,12.7,-9.1,11.7,0.0,21.0,북서,10.8,1017.8,x
2017-03-13,2249,1326,-,14.9,0.0,14.1,0.0,36.0,남남동,13.3,1015.7,x
2017-03-14,2240,1327,-,14.0,-1.6,13.2,0.0,34.0,북서,11.5,1014.5,x
2017-03-15,2240,1329,-,12.4,-6.6,10.8,0.0,26.0,북서,15.5,1021.9,x
2017-03-16,2229,1334,-,11.0,2.5,9.0,0.0,56.0,남남동,16.6,1020.6,x
2017-03-17,2217,1335,-,16.1,-2.9,15.8,0.0,27.0,남남서,10.8,1022.1,x
2017-03-20,2192,1349,-,14.2,4.7,13.8,0.0,53.0,동남동,9.0,1018.2,x
2017-03-21,2169,1347,-,16.4,1.6,15.9,3.0,37.0,북서,13.3,1012.2,x
2017-03-22,2108,1345,-,13.7,-4.5,12.9,0.0,28.0,북서,11.2,1020.0,x
2017-03-23,2098,1342,-,16.4,-2.6,16.1,0.0,27.0,남남서,11.9,1018.1,x
2017-03-24,2081,1343,-,12.0,1.3,10.1,0.0,48.0,남동,17.3,1022.1,x
2017-03-27,2100,1338,-,11.2,2.2,10.1,0.1,54.0,북서,9.7,1019.2,x
2017-03-28,2101,1337,-,14.7,-2.7,14.4,0.0,30.0,서,8.6,1022.7,x
2017-03-29,2114,1332,-,9.5,7.4,8.7,2.0,87.0,북서,6.8,1022.7,x
2017-03-30,2120,1330,-,18.6,3.9,18.5,0.0,38.0,남남동,15.8,1019.9,x
2017-03-31,2126,1332,-,11.1,4.7,10.9,0.0,65.0,북북동,5.4,1018.2,x
2017-04-03,2124,1321,-,21.3,-1.9,65.0,0.0,21.0,서북서,11.2,1021.1,x
2017-04-04,2124,1304,-,19.9,1.7,64.0,0.0,30.0,남남동,25.6,1023.8,x
2017-04-05,2126,1301,-,14.3,12.8,58.0,6.0,91.0,남남동,19.1,1021.3,x
2017-04-06,2112,1295,-,16.5,15.3,62.0,62.0,93.0,서남서,16.9,1012.1,x
2017-04-07,2143,1295,-,21.9,12.7,68.0,0.0,56.0,남,14.0,1013.6,x
2017-04-10,2153,1306,-,17.8,4.3,62.0,0.0,41.0,동,10.8,1011.9,x
2017-04-11,2139,1321,-,15.9,8.1,60.0,15.0,60.0,북서,19.1,1004.0,x
2017-04-12,2135,1333,-,19.0,-3.8,63.0,0.0,21.0,북서,13.3,1013.2,x
2017-04-13,2093,1340,-,20.2,3.3,65.0,0.0,33.0,남,16.6,1016.9,x
2017-04-14,2079,1346,-,18.9,10.4,64.0,0.0,58.0,서남서,22.7,1015.0,x
2017-04-17,2082,1360,-,17.9,17.8,64.0,26.0,100.0,서,5.0,996.0,x
2017-04-18,2062,1360,-,19.2,11.4,65.0,0.0,61.0,남남서,14.0,999.3,x
2017-04-19,2047,1357,-,21.0,1.7,65.0,0.0,28.0,서,13.7,1009.5,x
2017-04-20,2017,1352,-,19.4,9.8,65.0,0.0,54.0,남,11.5,1010.3,x
2017-04-21,1984,1355,-,19.9,7.9,65.0,0.0,46.0,남,18.7,1009.1,x
2017-04-24,1966,1380,-,20.6,6.5,65.0,0.0,40.0,남남동,15.5,1020.5,x
2017-04-25,1963,1395,-,21.2,14.3,68.0,0.3,65.0,남서,11.5,1019.9,x
2017-04-26,1958,1408,-,16.1,12.8,61.0,4.5,81.0,남동,9.0,1015.2,x
2017-04-27,1986,1413,-,20.3,2.5,65.0,0.0,31.0,북서,10.4,1010.8,x
2017-04-28,1958,1409,-,22.1,6.3,67.0,0.0,36.0,남,16.2,1006.0,x
2017-05-02,1980,1417,-,22.3,8.7,68.0,0.0,42.0,남동,19.1,1023.2,x
2017-05-04,1964,1430,-,24.4,14.1,71.0,0.0,53.0,남남동,11.9,1016.3,x
2017-05-08,1974,1463,-,27.2,4.8,71.0,0.0,24.0,서북서,12.2,1013.3,x
2017-05-10,1981,1487,-,20.2,15.1,67.0,0.0,73.0,북서,9.7,1009.9,x
2017-05-11,2064,1484,-,26.0,15.9,74.0,0.0,54.0,서북서,13.3,1011.2,x
2017-05-12,2072,1477,-,19.5,18.5,67.0,4.0,94.0,북서,3.2,1012.3,x
2017-05-15,1980,1520,-,23.8,5.6,68.0,0.0,31.0,북서,16.6,1010.9,x
2017-05-16,1976,1534,-,21.0,11.6,67.0,0.0,55.0,남남동,11.5,1010.2,x
2017-05-17,1970,1608,-,21.9,13.7,68.0,0.0,60.0,남동,13.7,1011.3,x
2017-05-18,1948,1607,-,28.9,9.0,74.0,0.0,29.0,서북서,10.4,1014.8,x
2017-05-19,1952,1588,-,29.1,11.6,75.0,0.0,34.0,남남동,15.8,1014.9,x
2017-05-22,1880,1809,-,25.4,14.2,72.0,0.0,50.0,남,17.3,1014.4,x
2017-05-23,1880,1707,-,24.5,14.2,71.0,0.0,53.0,남서,11.9,1010.8,x
2017-05-24,1880,1647,-,24.5,17.7,73.0,0.0,66.0,남남동,16.2,1007.6,x
2017-05-25,1895,1698,-,30.3,9.2,75.0,0.0,27.0,서,13.3,1003.6,x
2017-05-26,1883,1695,-,23.4,6.1,68.0,0.0,33.0,서북서,7.9,1006.7,x
2017-05-29,1876,1797,-,31.2,15.5,78.0,0.0,39.0,남,12.6,1010.5,x
2017-05-30,1879,1811,-,32.1,14.2,78.0,0.0,34.0,남남동,12.2,1009.1,x
2017-05-31,1862,1808,-,26.5,12.8,73.0,0.0,43.0,서남서,8.6,1003.0,x
2017-06-01,1804,1815,-,30.1,18.2,78.0,0.0,49.0,서북서,9.7,997.2,x
2017-06-02,1813,1816,-,24.1,13.6,71.0,0.0,52.0,남동,18.4,1003.8,x
2017-06-05,1820,1814,-,25.0,11.5,71.0,0.0,43.0,남동,20.5,1015.9,x
2017-06-07,1840,1825,-,22.4,18.3,71.0,14.0,78.0,서남서,14.4,1004.4,x
2017-06-08,1829,1821,-,27.7,9.4,73.0,0.0,32.0,북서,11.5,1009.0,x
2017-06-09,1856,1783,-,29.3,13.0,75.0,0.0,37.0,남남동,14.8,1006.9,x
2017-06-12,1871,1768,-,22.5,11.5,69.0,0.0,50.0,남동,20.9,1015.5,x
2017-06-13,1870,1763,-,23.7,14.1,71.0,0.0,55.0,남,16.6,1014.4,x
2017-06-14,1870,1740,-,25.5,14.9,73.0,0.0,52.0,남남동,23.4,1009.2,x
2017-06-15,1766,1772,-,32.6,11.1,78.0,0.0,27.0,북서,11.2,1005.9,x
2017-06-16,1741,1759,-,26.8,14.8,74.0,0.0,48.0,남동,19.4,1011.1,x
2017-06-19,1729,1751,-,29.3,18.7,78.0,0.0,53.0,남동,11.9,1008.3,x
2017-06-20,1752,1745,-,25.4,18.8,74.0,0.0,67.0,남동,13.7,1006.0,x
2017-06-21,1753,1746,-,25.3,18.2,74.0,0.0,65.0,남남동,18.0,1006.9,x
2017-06-22,1777,1748,-,27.4,18.3,76.0,0.0,58.0,남남동,19.4,1008.4,x
2017-06-23,1764,1753,-,28.0,18.6,77.0,0.0,57.0,남,16.2,1007.0,x
2017-06-26,1774,1754,-,25.6,19.2,75.0,0.0,68.0,남동,13.0,1008.1,x
2017-06-27,1774,1761,-,27.3,17.7,76.0,0.1,56.0,남남동,9.0,1010.8,x
2017-06-28,1763,1762,-,28.8,19.7,78.0,0.0,58.0,남,14.4,1012.4,x
2017-06-29,1779,1772,-,23.3,20.4,73.0,0.0,84.0,동남동,7.6,1013.3,x
2017-06-30,1779,1776,-,27.8,21.3,78.0,3.5,68.0,서남서,11.5,1009.4,x
2017-07-03,1786,1781,-,27.1,22.7,78.0,0.3,77.0,서,18.7,,o
2017-07-04,1797,1799,-,29.9,23.8,81.0,10.0,70.0,서남서,13.3,,o
2017-07-05,1807,1816,-,32.3,19.8,81.0,0.0,48.0,남서,9.0,1008.3,x
2017-07-06,1805,1831,-,27.7,23.0,79.0,0.0,76.0,남남동,14.0,,x
2017-07-07,1794,1860,-,26.3,24.7,78.0,1.0,91.0,남남동,8.3,,x
2017-07-10,1784,1882,-,25.5,24.6,77.0,2.7,95.0,남동,9.4,1005.9,x
2017-07-11,1784,1873,-,27.6,23.4,79.0,0.4,78.0,남남서,10.4,1010.1,x
2017-07-12,1789,1858,-,33.7,22.4,84.0,0.0,52.0,서남서,11.5,1009.2,x
2017-07-13,1776,1846,-,31.0,24.6,83.0,0.0,69.0,남남동,17.6,1007.3,x
2017-07-14,1770,1843,-,30.7,25.5,83.0,0.0,74.0,남남동,12.6,1009.1,x
2017-07-17,1783,1829,-,29.9,22.5,80.0,0.0,65.0,서북서,4.3,1011.8,x
2017-07-18,1817,1847,-,29.6,24.6,82.0,1.0,75.0,남서,4.7,1009.4,x
2017-07-19,1822,1842,-,32.0,20.9,81.0,0.0,52.0,북,4.3,1005.0,x
2017-07-20,1949,1840,-,30.3,25.1,82.0,0.0,74.0,남남동,19.4,1007.2,x
2017-07-21,1951,1835,-,34.8,24.4,86.0,0.0,55.0,남남서,9.7,1008.4,o
2017-07-24,2119,1842,-,31.8,24.6,83.0,0.0,66.0,서,8.6,1002.0,o
2017-07-25,2304,1846,-,32.4,24.1,84.0,17.5,62.0,북북동,2.9,1001.6,o
2017-07-26,2435,1852,-,31.3,19.6,80.0,0.0,50.0,북동,8.6,1005.9,o
2017-07-27,2429,1856,-,30.9,18.2,79.0,0.0,47.0,남남서,8.3,1008.0,o
2017-07-28,2397,1855,-,31.1,20.9,81.0,0.0,55.0,남남동,11.5,1008.1,o
2017-07-31,2356,1856,-,30.6,22.7,81.0,0.0,63.0,남동,8.3,1009.0,o
2017-08-01,2362,1855,-,30.7,24.1,82.0,0.0,68.0,남,13.0,1009.9,o
2017-08-02,2409,1850,-,31.2,20.7,81.0,0.0,54.0,남동,8.6,1008.2,o
2017-08-03,2546,1864,-,32.3,20.5,81.0,0.0,50.0,남동,16.2,1005.8,o
2017-08-04,2561,1857,-,33.9,22.3,84.0,0.0,51.0,남동,15.5,1005.7,o
2017-08-07,2745,1851,-,35.4,21.2,84.0,0.0,44.0,서북서,17.3,997.4,o
2017-08-08,2818,1849,-,32.1,21.9,82.0,0.0,55.0,남남동,13.0,999.5,o
2017-08-09,2753,1762,-,27.7,24.1,79.0,28.6,81.0,남남동,9.0,996.7,x
2017-08-10,2779,1758,-,30.0,23.1,81.0,3.8,67.0,북서,12.6,999.5,x
2017-08-11,2888,1846,-,30.4,23.0,81.0,0.0,65.0,남남동,13.7,1005.9,x
2017-08-14,2817,1768,-,22.9,21.7,73.0,12.2,93.0,남동,8.3,1006.4,x
2017-08-16,2798,1816,-,27.3,23.1,78.0,0.4,78.0,서남서,6.1,1005.5,x
2017-08-17,2833,1824,-,29.4,19.7,78.0,0.0,56.0,동북동,5.0,1006.0,x
2017-08-18,2843,1824,-,29.0,22.7,80.0,1.7,69.0,남남서,9.7,1011.2,x
2017-08-21,2872,1837,-,28.7,25.3,81.0,3.5,82.0,남,17.3,1009.6,x
2017-08-22,2894,1854,-,27.3,24.7,79.0,3.4,86.0,서남서,9.0,1014.1,x
2017-08-23,2909,1855,-,33.0,22.7,83.0,0.0,55.0,남서,10.4,1010.7,x
2017-08-24,2917,1848,-,31.5,23.8,83.0,0.0,64.0,서남서,18.0,1007.7,x
2017-08-25,2917,1854,-,31.3,21.7,81.0,1.0,57.0,남,8.3,1007.5,x
2017-08-28,2925,1872,-,30.0,19.3,79.0,0.0,53.0,남남동,11.2,1011.1,x
2017-08-29,2883,1880,-,31.3,14.8,78.0,0.0,37.0,서,13.7,1011.0,x
2017-08-30,2883,1896,-,27.2,10.8,73.0,0.0,36.0,서북서,7.2,1011.2,x
2017-08-31,2940,1909,-,28.2,10.8,74.0,0.0,34.0,서남서,7.2,1009.6,x
2017-09-01,2940,1913,-,28.7,9.8,74.0,0.0,31.0,서남서,6.8,1011.6,x
2017-09-04,2940,1906,-,27.7,15.3,75.0,0.0,47.0,서북서,6.1,1014.9,x
2017-09-05,2948,1901,-,23.9,18.5,72.0,0.0,72.0,서북서,9.7,1010.9,x
2017-09-06,2945,1902,-,24.1,19.3,73.0,0.3,75.0,서북서,7.6,1007.2,x
2017-09-07,2940,1903,-,21.6,17.1,69.0,5.1,76.0,북서,10.1,1006.5,x
2017-09-08,2904,1901,-,28.3,17.4,76.0,0.0,52.0,서,11.5,1010.1,x
2017-09-11,2862,1888,-,21.0,19.6,69.0,142.3,92.0,북서,11.5,1003.2,o
2017-09-12,2818,1880,-,27.6,15.9,75.0,0.0,49.0,북서,15.8,1012.5,o
2017-09-13,2780,1883,-,27.4,8.2,72.0,0.0,30.0,서북서,12.2,1017.3,o
2017-09-14,2738,1890,-,25.9,14.3,73.0,0.0,49.0,남동,9.7,1018.0,o
2017-09-15,2691,1883,-,23.6,10.6,69.0,0.0,44.0,남서,7.9,1018.1,o
2017-09-18,2700,1872,-,26.6,15.0,74.0,0.0,49.0,서,7.6,1008.5,o
2017-09-19,2685,1875,-,26.8,14.8,74.0,0.0,48.0,서,12.2,1010.3,x
2017-09-20,2653,1886,-,26.2,9.9,72.0,0.0,36.0,북서,10.4,1010.7,x
2017-09-21,2657,1887,-,24.9,13.7,72.0,0.0,50.0,남동,13.0,1013.9,x
2017-09-22,2619,1890,-,27.4,14.4,74.0,0.0,45.0,남서,6.8,1012.1,x
2017-09-25,2565,1910,-,29.0,18.7,78.0,0.0,54.0,남,9.0,1013.8,x
2017-09-26,2539,1918,-,29.0,13.2,75.0,0.0,38.0,남동,15.8,1012.1,x
2017-09-27,2517,1934,-,19.1,18.4,66.0,11.1,96.0,북서,10.4,1003.2,x
2017-09-28,2324,1945,-,25.2,12.7,72.0,0.0,46.0,서,11.2,1009.1,x
2017-09-29,2327,1956,-,21.5,1.6,66.0,0.0,27.0,북서,14.0,1017.8,x
2017-10-10,2242,1987,-,28.2,15.1,28.2,0.0,45.0,북서,9.0,1017.8,x
2017-10-11,2160,1990,-,23.6,16.8,23.6,0.0,66.0,서,6.1,1015.1,x
2017-10-12,2073,1984,-,15.0,13.0,14.4,1.1,88.0,북서,11.5,1017.9,x
2017-10-13,2053,1987,-,20.1,1.9,20.1,0.0,30.0,서북서,11.5,1019.0,x
2017-10-16,1982,1914,-,18.0,8.8,18.0,0.0,55.0,동북동,11.2,1023.3,x
2017-10-17,1966,1896,-,20.4,11.8,20.4,0.0,58.0,서남서,4.3,1023.1,x
2017-10-18,1847,1870,-,18.1,10.6,18.1,0.0,62.0,서북서,5.4,1021.7,x
2017-10-19,1773,1864,-,21.1,11.4,21.1,0.0,54.0,남서,4.7,1016.9,x
2017-10-20,1759,1861,-,21.0,10.7,21.0,0.0,52.0,서북서,5.8,1017.0,x
2017-10-23,1667,1897,-,16.3,3.3,16.1,0.0,42.0,남동,10.4,1017.1,x
2017-10-24,1644,1911,-,16.5,6.0,16.2,0.0,50.0,서북서,11.9,1023.1,x
2017-10-25,1623,1899,-,18.4,4.8,18.4,0.0,41.0,서,9.0,1023.8,x
2017-10-26,1578,1898,-,19.4,8.6,19.4,0.0,50.0,서북서,7.6,1020.4,x
2017-10-27,1524,1937,-,22.6,10.0,22.6,0.0,45.0,남동,11.5,1018.3,x
2017-10-30,1456,2116,-,14.9,-1.2,13.9,0.0,33.0,서북서,15.1,1023.2,x
2017-10-31,1428,1802,-,16.4,-5.4,16.1,0.0,22.0,서북서,11.5,1024.3,x
2017-11-01,1393,1689,-,19.3,-4.9,19.3,0.0,19.0,북서,10.1,1020.5,x
2017-11-02,1350,1684,-,19.6,7.3,19.6,0.0,45.0,서,5.8,1016.9,x
2017-11-03,1349,1868,-,21.3,7.8,21.3,0.0,42.0,북서,12.6,1016.8,x
2017-11-06,1356,1907,-,18.8,1.7,18.8,0.0,32.0,동남동,4.3,1023.0,x
2017-11-07,1356,1885,-,18.8,8.1,18.8,0.0,50.0,북서,4.3,1020.6,x
2017-11-08,1347,1797,-,21.5,6.1,21.5,0.0,37.0,북서,18.4,1015.6,x
2017-11-09,1411,1817,-,18.2,3.6,18.2,0.0,38.0,서,10.4,1023.3,x
2017-11-10,1411,1823,-,19.3,11.0,19.2,0.0,59.0,서,17.6,1014.2,x
2017-11-13,1401,1772,-,15.2,3.6,15.2,0.0,46.0,서남서,4.0,1015.9,x
2017-11-14,1404,1708,-,16.6,-3.5,16.1,0.0,25.0,북서,14.4,1016.5,x
2017-11-15,1395,1753,-,12.3,-3.1,10.1,0.0,34.0,서북서,22.3,1018.6,x
2017-11-16,1393,1736,-,10.4,-6.0,9.3,0.0,31.0,북서,9.0,1023.4,x
2017-11-17,1402,1720,-,12.4,3.5,12.3,0.0,55.0,서남서,5.8,1018.6,x
2017-11-20,1400,1684,-,9.6,-10.0,7.8,0.0,24.0,북서,12.2,1024.4,x
2017-11-21,1400,1668,-,12.4,-0.5,11.2,0.0,41.0,남남동,11.9,1025.4,x
2017-11-22,1400,1663,-,11.0,-1.7,11.0,0.0,41.0,서,4.0,1016.8,x
2017-11-23,1407,1656,-,6.7,-4.4,3.6,0.0,45.0,서북서,16.6,1020.0,x
2017-11-24,1407,1654,-,9.4,-6.4,6.4,0.0,32.0,서북서,22.3,1022.1,x
2017-11-27,1405,1656,-,16.5,4.8,16.5,0.0,46.0,남동,7.9,1024.8,x
2017-11-28,1405,1658,-,17.0,8.6,16.6,0.0,58.0,서,13.7,1020.9,x
2017-11-29,1403,1662,-,15.2,4.2,14.9,0.0,48.0,서북서,9.4,1021.4,x
2017-11-30,1420,1662,-,9.0,-15.5,6.6,0.0,16.0,북서,15.5,1022.6,x
2017-12-04,1412,1694,-,10.5,-3.9,8.5,0.0,36.0,북서,15.5,1017.8,x
2017-12-05,1412,1709,-,3.7,-15.5,0.7,0.0,23.0,북서,11.9,1020.6,x
2017-12-06,1408,1712,-,7.2,-6.9,5.2,0.0,36.0,북서,10.4,1024.2,x
2017-12-07,1408,1722,-,9.5,-2.4,7.6,0.0,43.0,북서,12.6,1019.9,x
2017-12-08,1408,1744,-,3.5,-16.8,-0.7,0.0,21.0,북서,18.7,1020.4,x
2017-12-11,1413,1936,-,3.3,-11.8,-1.3,0.0,32.0,서북서,22.0,1018.7,x
2017-12-12,1413,1955,-,-1.2,-20.2,-6.1,0.0,22.0,서북서,16.2,1026.7,x
2017-12-13,1413,2143,-,3.2,-21.8,-0.2,0.0,14.0,북북서,13.7,1027.9,x
2017-12-14,1502,2164,-,4.8,-17.5,2.1,0.0,18.0,서북서,11.5,1028.9,x
2017-12-15,1513,2189,-,7.5,-16.0,4.7,0.0,17.0,북서,16.2,1023.6,x
2017-12-18,1628,1947,-,6.5,-7.8,4.5,0.0,35.0,서북서,9.7,1027.0,x
2017-12-19,1620,1903,-,5.4,-10.0,2.0,0.0,32.0,북서,16.6,1027.7,x
2017-12-20,1618,1906,-,5.3,-12.7,2.1,0.0,26.0,북서,15.1,1030.7,x
2017-12-21,1626,1906,-,7.5,-8.9,5.2,0.0,30.0,북서,12.2,1029.5,x
2017-12-22,1632,1875,-,7.6,-5.8,5.1,0.0,38.0,서북서,13.7,1026.0,x
2017-12-26,1645,1743,-,5.8,-4.1,3.1,0.0,49.0,북서,13.0,1021.2,x
2017-12-27,1637,1720,-,2.0,-19.9,-2.1,0.0,18.0,북서,15.8,1027.2,x
2017-12-28,1568,1751,-,4.6,-8.8,1.9,0.0,37.0,북서,11.5,1027.6,x
2017-12-29,1578,1649,-,10.5,-1.8,9.0,0.0,42.0,북서,11.5,1023.7,x
2018-01-02,1581,1639,-,7.7,-8.4,6.1,0.0,31.0,북서,9.0,1026.6,x
2018-01-03,1578,1538,-,5.4,-15.2,1.8,0.0,21.0,북서,18.0,1027.1,x
2018-01-04,1695,1529,-,5.0,-12.9,3.2,0.0,26.0,서,7.9,1024.0,x
2018-01-05,1704,1556,-,7.0,-10.3,4.1,0.0,28.0,서북서,15.5,1016.5,x
2018-01-08,1694,1534,-,3.6,3.0,1.1,2.4,96.0,북서,9.7,1007.0,x
2018-01-09,1694,1521,-,4.0,-10.1,0.1,0.0,35.0,서북서,18.0,1012.3,x
2018-01-10,1694,1515,-,-0.1,-7.6,-4.1,0.8,57.0,북서,13.0,1016.2,x
2018-01-11,1576,1510,-,-2.5,-15.9,-8.0,0.0,35.0,북서,17.6,1024.2,x
2018-01-12,1569,1508,-,-2.6,-18.2,-8.5,0.0,29.0,북서,19.8,1028.2,x
2018-01-15,1570,1492,-,13.7,1.3,13.7,0.2,43.0,서,5.8,1022.3,x
2018-01-16,1565,1481,-,6.1,5.8,4.3,6.1,98.0,북서,8.6,1016.1,x
2018-01-17,1564,1465,-,6.3,4.7,3.2,5.2,90.0,북서,15.8,1016.5,x
2018-01-18,1581,1451,-,9.4,2.2,7.2,0.0,61.0,북서,15.1,1021.5,x
2018-01-19,1566,1444,-,8.5,-8.1,6.1,0.0,30.0,북서,14.8,1021.2,x
2018-01-22,1589,1448,-,5.3,1.9,4.4,0.1,79.0,서북서,5.0,1014.9,x
2018-01-23,1594,1444,-,-1.2,-19.2,-7.0,0.0,24.0,북서,21.6,1020.1,x
2018-01-24,1583,1438,-,-4.8,-20.9,-11.4,0.0,27.0,북서,20.5,1024.6,x
2018-01-25,1615,1447,-,-2.7,-23.2,-8.2,0.0,19.0,북서,17.3,1024.1,x
2018-01-26,1618,1462,-,-3.3,-23.7,-9.3,0.0,19.0,북서,19.1,1023.7,x
2018-01-29,1635,1512,-,0.5,-15.1,-3.5,0.0,30.0,북서,13.7,1020.1,x
2018-01-30,1651,1519,-,1.5,-16.9,-2.5,0.0,24.0,북서,14.4,1025.0,x
2018-01-31,1665,1506,-,4.9,-10.4,2.2,0.0,32.0,북서,11.9,1026.1,x
2018-04-02,2636,1501,-,22.7,12.0,69.0,0.0,51.0,서남서,19.4,1016.4,x
2018-04-03,2618,1493,-,25.0,13.8,72.0,0.0,50.0,남남서,13.0,1017.0,x
2018-04-04,2575,1489,-,10.4,8.9,51.0,3.0,91.0,동남동,9.7,1019.8,x
2018-04-05,2582,1485,-,11.1,6.4,53.0,1.0,73.0,남동,4.0,1018.0,x
2018-04-06,2514,1483,-,15.7,5.0,60.0,20.5,49.0,북서,11.9,1010.0,x
2018-04-09,2521,1488,-,19.5,0.0,63.0,0.0,27.0,북북서,13.0,1017.0,x
2018-04-10,2527,1493,-,19.9,11.1,65.0,0.0,57.0,남서,12.2,1016.4,x
2018-04-11,2577,1508,-,24.1,10.0,70.0,1.1,41.0,서,16.2,1008.3,x
2018-04-12,2494,1521,-,22.0,-0.7,66.0,0.0,22.0,남서,10.1,1016.7,x
2018-04-13,2445,1527,-,15.7,-0.1,59.0,0.0,34.0,남동,20.2,1025.0,x
2018-04-16,2463,1551,-,17.4,4.3,62.0,0.0,42.0,남,13.3,1019.3,x
2018-04-17,2494,1550,-,19.2,7.9,64.0,0.0,48.0,남,15.5,1019.5,x
2018-04-18,2523,1544,-,20.0,8.3,65.0,0.0,47.0,남남동,20.9,1016.7,x
2018-04-19,2668,1537,-,21.8,8.9,67.0,0.0,44.0,남동,16.6,1016.4,x
2018-04-20,2672,1529,-,26.1,6.1,71.0,0.0,28.0,남,14.8,1020.3,x
2018-04-23,2697,1523,-,12.1,11.4,54.0,12.2,96.0,남서,3.6,1016.8,x
2018-04-24,2669,1542,-,14.4,11.7,58.0,31.4,84.0,북서,6.8,1008.8,x
2018-04-25,2687,1547,-,19.4,1.8,64.0,0.0,31.0,남남서,10.8,1012.9,x
2018-04-26,2752,1559,-,20.1,10.7,66.0,0.0,55.0,남남동,13.0,1013.9,x
2018-04-27,2755,1561,-,23.7,5.0,68.0,0.0,30.0,북서,11.9,1013.0,x
2018-04-30,2782,1550,-,23.0,15.8,70.0,0.0,64.0,남서,13.3,1015.4,x
2018-05-02,2895,1551,-,17.0,15.6,62.0,8.3,92.0,남동,8.6,1005.0,x
2018-05-03,2988,1558,-,18.9,0.9,63.0,0.0,30.0,서북서,34.6,1007.4,x
2018-05-04,3026,1563,-,19.8,4.6,64.0,0.0,37.0,서,19.1,1013.3,x
2018-05-08,3011,1569,-,17.6,10.4,63.0,0.0,63.0,서남서,7.2,1013.8,x
2018-05-09,3024,1576,-,16.6,7.5,61.0,0.0,55.0,북서,6.8,1021.9,x
2018-05-10,3024,1582,-,19.0,12.7,65.0,0.0,67.0,남남동,20.5,1022.4,x
2018-05-11,3022,1569,-,23.3,9.2,69.0,0.0,41.0,남서,12.2,1017.4,x
2018-05-14,3021,1623,-,24.6,15.2,72.0,0.0,56.0,남남동,16.9,1011.4,x
2018-05-15,3000,1623,-,28.6,14.4,75.0,0.0,42.0,남동,15.8,1011.4,x
2018-05-16,3008,1627,-,23.8,21.4,74.0,0.7,87.0,서남서,10.4,1008.9,x
2018-05-17,3017,1691,-,21.6,21.2,71.0,0.9,98.0,남동,10.1,1008.0,x
2018-05-18,3004,1686,-,20.9,18.4,69.0,1.9,86.0,남동,11.5,1005.4,x
2018-05-21,2981,1804,-,23.4,13.5,70.0,0.0,54.0,남남동,10.8,1018.4,x
2018-05-23,2921,1853,-,26.4,11.3,72.0,23.8,39.0,북서,14.0,1005.3,x
2018-05-24,2804,1792,-,25.9,13.7,73.0,0.0,47.0,남남동,14.8,1009.2,x
2018-05-25,2700,1826,-,27.5,10.6,73.0,0.0,35.0,남서,10.1,1007.7,x
2018-05-28,2640,1876,-,20.7,18.0,68.0,0.0,85.0,남,7.2,1011.8,x
2018-05-29,2640,1896,-,25.4,18.5,74.0,0.0,66.0,남남동,15.8,1011.6,x
2018-05-30,2640,1904,-,28.4,18.1,77.0,0.0,54.0,남서,14.4,1008.7,x
2018-05-31,2616,1890,-,24.8,12.3,71.0,0.0,46.0,남동,7.9,1010.4,x
2018-06-01,2379,1889,-,26.7,15.4,74.0,0.0,50.0,남,15.5,1014.7,x
2018-06-04,2345,1884,-,28.4,16.6,76.0,0.0,49.0,서남서,14.0,1012.4,x
2018-06-05,2332,1883,-,20.5,17.8,68.0,4.7,85.0,남,7.6,1013.5,x
2018-06-07,2318,1898,-,26.6,19.7,76.0,0.0,66.0,남동,16.6,1010.9,x
2018-06-08,2275,1902,-,27.4,18.3,76.0,0.0,58.0,남남동,14.8,1006.6,x
2018-06-11,2284,1923,-,20.8,15.3,68.0,27.2,71.0,동남동,3.2,1001.0,x
2018-06-12,2280,1906,-,20.8,15.1,68.0,0.0,70.0,남,11.5,1004.9,x
2018-06-14,2233,1863,-,25.2,15.5,73.0,0.0,55.0,동남동,7.6,1008.9,x
2018-06-15,2216,1841,-,24.0,13.2,71.0,0.0,51.0,남서,6.5,1011.5,x
2018-06-18,2242,1827,-,27.8,18.4,76.0,0.0,57.0,남남서,10.4,1007.2,x
2018-06-19,2225,1823,-,25.5,18.1,74.0,0.0,64.0,남남동,9.4,1006.0,x
2018-06-20,2167,1821,-,27.7,18.6,76.0,0.2,58.0,남남동,15.5,1002.3,x
2018-06-21,2082,1817,-,31.3,12.1,77.0,0.0,31.0,서북서,10.1,1005.3,x
2018-06-22,2052,1814,-,29.3,15.0,76.0,0.0,42.0,남,15.5,1008.3,x
2018-06-25,2036,1803,-,28.1,21.3,78.0,0.0,67.0,남동,14.8,1011.5,x
2018-06-26,2011,1799,-,25.6,22.8,76.0,1.0,85.0,서,16.6,1009.1,x
2018-06-27,2026,1793,-,27.5,23.3,79.0,12.9,78.0,서남서,13.0,1004.4,x
2018-06-28,2047,1778,-,21.0,20.5,70.0,83.2,97.0,동남동,3.6,1001.4,x
2018-06-29,2063,1778,-,26.2,22.4,77.0,4.9,80.0,남남동,10.8,1005.0,o
2018-07-02,2073,1764,-,27.6,22.3,78.0,27.5,73.0,남,13.7,1007.4,o
2018-07-03,2120,1762,-,26.4,21.3,76.0,0.1,74.0,북,16.9,995.1,o
2018-07-04,2126,1764,-,31.0,21.4,81.0,0.0,57.0,서,6.1,997.9,o
2018-07-05,2094,1771,-,26.0,24.0,78.0,6.5,89.0,남남서,3.6,1003.7,x
2018-07-06,2061,1774,-,23.0,19.5,72.0,0.6,81.0,서남서,5.8,1007.2,x
2018-07-09,2017,1794,-,22.4,20.6,72.0,5.7,90.0,남서,2.2,1016.8,x
2018-07-10,2053,1795,-,28.5,21.5,79.0,0.0,66.0,남남동,9.0,1014.8,x
2018-07-11,2056,1790,-,31.9,22.8,82.0,0.0,59.0,남서,11.9,1015.9,x
2018-07-12,2072,1786,-,33.4,24.8,85.0,0.0,61.0,서북서,9.7,1013.3,x
2018-07-13,2069,1784,-,32.3,21.1,82.0,0.0,52.0,남서,4.3,1011.5,x
2018-07-16,2092,1770,-,34.9,22.2,84.0,0.0,48.0,남남서,11.5,1012.0,x
2018-07-17,2105,1764,-,33.3,24.4,84.0,0.0,60.0,남남동,14.8,1011.4,x
2018-07-18,2140,1782,-,34.6,25.1,86.0,0.0,58.0,남,6.5,1011.3,x
2018-07-19,2195,1781,-,35.2,24.1,86.0,0.0,53.0,남,13.0,1010.0,x
2018-07-20,2208,1788,-,37.3,24.0,87.0,0.0,47.0,남남동,9.4,1008.4,x
2018-07-23,2157,1824,-,35.2,22.8,85.0,0.0,49.0,남남서,11.5,1008.6,x
2018-07-24,2195,1849,-,34.8,25.0,86.0,0.0,57.0,남남동,15.5,1007.7,x
2018-07-25,2198,1866,-,36.8,23.2,86.0,0.0,46.0,서북서,10.1,1006.7,x
2018-07-26,2365,1892,-,35.2,26.2,87.0,0.0,60.0,남남동,13.3,1006.7,x
2018-07-27,2407,1899,-,34.6,27.0,87.0,0.0,65.0,남,13.7,1006.5,x
2018-07-30,2772,1908,-,35.1,23.4,85.0,5.3,51.0,서북서,6.8,1004.0,x
2018-07-31,2900,1910,-,36.1,22.9,86.0,0.0,47.0,남남동,6.8,1004.1,x
2018-08-01,2951,1920,-,36.2,22.0,85.0,0.0,44.0,남동,11.9,1003.4,x
2018-08-02,3066,1935,-,35.5,22.0,85.0,0.0,46.0,남동,17.6,1006.5,x
2018-08-03,3050,1907,-,35.0,24.9,86.0,0.0,56.0,남남동,14.8,1009.2,x
2018-08-06,3149,1873,-,33.8,24.6,85.0,0.0,59.0,남남동,11.5,1005.7,x
2018-08-07,3273,1873,-,33.0,22.4,83.0,0.0,54.0,남동,9.0,1007.8,x
2018-08-08,3418,1866,-,31.0,23.3,82.0,0.0,64.0,남,16.2,1006.6,x
2018-08-09,3632,1885,-,33.6,24.1,85.0,0.0,58.0,남남동,16.9,1004.2,x
2018-08-10,3645,1919,-,27.5,24.5,79.0,0.1,84.0,남남동,7.6,1004.5,x
2018-08-13,3687,1932,-,37.2,22.9,86.0,0.0,44.0,남남서,10.4,1011.0,x
2018-08-14,3689,1905,-,36.7,24.9,87.0,0.0,51.0,남남동,11.9,1009.6,x
2018-08-16,3639,1897,-,26.9,24.9,79.0,3.7,89.0,남남서,3.6,1009.7,o
2018-08-17,3633,1909,-,30.3,17.0,78.0,0.0,45.0,남남동,8.6,1012.4,o
2018-08-20,3626,1934,-,31.0,20.8,80.0,0.0,55.0,남,13.3,1007.7,o
2018-08-21,3590,1944,-,34.9,20.4,83.0,0.0,43.0,남남서,6.1,1004.4,o
2018-08-22,3546,1972,-,33.3,22.7,83.0,0.0,54.0,남동,18.4,1005.2,o
2018-08-23,3703,1982,-,29.1,23.2,80.0,0.1,71.0,남동,15.8,999.6,o
2018-08-24,3894,1981,-,30.5,24.6,82.0,8.5,71.0,서,14.8,1000.5,o
2018-08-27,4047,2015,-,26.7,25.2,79.0,2.4,92.0,남동,5.4,1012.8,x
2018-08-28,4033,2012,-,32.0,24.3,83.0,0.1,64.0,남남동,10.8,1013.0,x
2018-08-29,3879,2022,-,30.9,22.2,81.0,0.0,60.0,서남서,16.6,1011.9,x
2018-08-30,3896,2047,-,29.1,24.4,81.0,5.0,76.0,서남서,13.7,1010.8,x
2018-08-31,3913,2069,-,23.9,23.3,75.0,10.4,97.0,남남동,5.0,1010.8,x
2018-09-03,3880,2092,-,27.9,22.6,79.0,0.0,73.0,남동,10.8,1001.8,x
2018-09-04,3705,2077,-,29.1,21.0,79.0,0.8,62.0,서북서,11.5,994.0,x
2018-09-05,3688,2069,-,28.2,19.1,77.0,0.0,58.0,서남서,12.6,1003.4,x
2018-09-06,3668,2070,-,27.7,18.4,76.0,0.0,57.0,남,4.7,1006.6,x
2018-09-07,3653,2062,-,24.0,20.5,73.0,15.3,81.0,남남서,6.1,1006.2,x
2018-09-10,3610,2064,-,26.7,11.5,73.0,0.0,39.0,서남서,7.2,1020.3,x
2018-09-11,3675,2054,-,24.2,14.8,71.0,0.0,56.0,북동,5.8,1020.2,x
2018-09-12,3652,2042,-,28.2,19.1,77.0,0.0,58.0,남동,10.1,1017.1,x
2018-09-13,3543,2042,-,21.7,20.5,71.0,7.9,93.0,서북서,3.6,1017.9,x
2018-09-14,3460,2043,-,22.7,22.1,73.0,26.6,97.0,북서,3.6,1014.8,x
2018-09-17,3503,2022,-,26.8,18.6,75.0,0.0,61.0,북서,9.7,1016.2,x
2018-09-18,3525,2009,-,27.1,20.6,77.0,0.0,68.0,남남동,10.1,1015.3,x
2018-09-19,3491,2008,-,25.1,20.1,74.0,0.0,74.0,남동,8.6,1013.9,x
2018-09-20,3515,2014,-,22.0,20.8,71.0,11.5,93.0,남,4.0,1008.9,x
2018-09-21,3558,2005,-,20.5,19.8,69.0,26.0,96.0,서북서,11.2,1006.6,o
2018-09-27,3650,1991,-,25.1,13.6,72.0,0.0,49.0,동남동,9.0,1017.0,o
2018-09-28,3607,1976,-,24.7,14.7,72.0,0.0,54.0,동북동,7.9,1017.5,o
2018-10-01,3497,1938,-,21.0,6.1,21.0,0.0,38.0,서북서,24.8,1007.9,o
2018-10-02,3407,1929,-,23.0,10.0,23.0,0.0,44.0,서,8.6,1016.6,x
2018-10-04,3268,1926,-,24.2,13.1,24.2,0.0,50.0,동남동,13.0,1022.2,x
2018-10-05,3133,1928,-,20.2,19.8,20.2,37.5,98.0,서북서,4.3,1015.5,x
2018-10-08,3050,1944,-,23.2,8.0,23.2,0.0,38.0,북서,9.0,1017.5,x
2018-10-10,2964,1922,-,19.8,10.7,19.8,0.1,56.0,북서,11.9,1015.1,x
2018-10-11,2881,1901,-,17.8,1.2,17.5,0.0,33.0,북서,15.8,1020.4,x
2018-10-12,2828,1867,-,18.9,4.2,18.9,0.0,38.0,서,6.8,1024.6,x
2018-10-15,2796,1783,-,22.0,7.0,22.0,0.0,38.0,서북서,12.6,1018.2,x
2018-10-16,2789,1744,-,17.4,10.7,17.4,0.0,65.0,북서,10.4,1015.6,x
2018-10-17,2742,1704,-,21.9,6.9,21.9,0.0,38.0,서북서,6.1,1014.3,x
2018-10-18,2617,1657,-,20.1,5.3,20.1,0.0,38.0,서북서,11.2,1016.6,x
2018-10-19,2605,1655,-,20.1,7.4,20.1,0.0,44.0,서북서,15.1,1022.4,x
2018-10-22,2556,1680,-,21.7,11.9,21.7,0.0,54.0,남서,4.3,1019.6,x
2018-10-23,2478,1687,-,21.5,9.3,21.5,0.0,46.0,북서,8.6,1016.2,x
2018-10-24,2502,1710,-,21.4,6.8,21.4,0.0,39.0,서북서,10.1,1019.0,x
2018-10-25,2383,1648,맑음,21.9,7.3,21.9,0.0,39.0,남남동,7.9,1020.5,x
2018-10-26,2364,1749,-,17.9,14.0,17.9,0.0,78.0,동남동,5.4,1011.0,x
2018-10-29,2245,1756,구름많음,17.2,8.3,17.2,0.0,56.0,서북서,9.0,1012.3,x
2018-10-30,2151,1813,맑음,15.0,-0.7,14.2,0.0,34.0,서북서,13.7,1019.2,x
2018-10-31,2108,1701,-,16.4,2.0,16.2,0.0,38.0,서북서,11.2,1021.8,x
2018-11-01,1953,1521,-,16.6,0.6,16.1,0.0,34.0,서북서,14.0,1024.7,x
2018-11-02,1941,1505,-,19.3,2.1,19.3,0.0,32.0,서남서,6.8,1027.0,x
2018-11-05,1866,1577,-,22.1,7.1,22.1,0.0,38.0,남남동,6.8,1021.5,x
2018-11-06,1844,1577,-,21.8,9.6,21.8,0.0,46.0,남동,6.1,1024.2,x
2018-11-07,1832,1564,-,19.5,11.5,19.5,0.0,60.0,동남동,4.3,1023.5,x
2018-11-08,1783,1556,-,17.6,17.1,17.6,7.3,97.0,동,9.0,1014.8,x
2018-11-09,1740,1589,-,18.0,6.5,17.9,0.0,47.0,서북서,13.3,1017.6,x
2018-11-12,1721,1588,-,16.2,9.3,16.0,2.6,64.0,서북서,10.4,1016.9,x
2018-11-13,1700,1571,-,16.9,8.3,16.9,0.0,57.0,동남동,6.5,1017.7,x
2018-11-14,1674,1528,-,18.5,5.3,18.5,0.0,42.0,북서,5.8,1022.2,x
2018-11-15,1604,1525,-,18.7,6.1,18.7,0.0,44.0,서남서,6.1,1024.1,x
2018-11-16,1592,1516,-,13.5,8.9,12.9,0.0,74.0,서북서,9.4,1020.4,x
2018-11-19,1588,1497,-,15.4,-3.5,14.6,0.0,27.0,서북서,14.8,1021.0,x
2018-11-20,1573,1484,-,15.3,-6.3,15.0,0.0,22.0,서북서,10.1,1024.3,x
2018-11-21,1573,1477,-,12.5,-2.1,12.5,0.0,36.0,남남서,2.5,1021.9,x
2018-11-22,1585,1479,-,10.5,-12.2,8.4,0.0,19.0,북서,16.2,1023.4,x
2018-11-23,1585,1482,-,9.8,-9.8,7.1,0.0,24.0,북서,20.5,1027.3,x
2018-11-26,1564,1486,-,16.9,4.8,16.9,0.0,45.0,남남서,5.0,1024.2,x
2018-11-27,1563,1485,-,16.9,0.5,16.5,0.0,33.0,북서,13.7,1021.1,x
2018-11-28,1577,1484,-,15.8,0.0,15.6,0.0,34.0,북서,10.1,1020.9,x
2018-11-29,1535,1481,-,14.7,-3.6,14.7,0.0,28.0,서남서,5.0,1025.3,x
2018-11-30,1541,1480,-,15.9,1.9,15.9,0.0,39.0,서북서,6.8,1024.6,x
2018-12-03,1526,1492,-,16.6,15.6,16.6,12.2,94.0,동,2.2,1016.8,x
2018-12-04,1526,1499,-,15.5,11.4,15.2,8.0,77.0,북서,10.1,1013.7,x
2018-12-05,1524,1503,-,12.7,-0.9,11.6,0.0,39.0,북서,11.5,1023.6,x
2018-12-06,1475,1505,-,7.3,3.1,4.5,3.5,75.0,북서,15.8,1019.5,x
2018-12-10,1496,1581,-,7.1,-12.1,4.5,0.0,24.0,북서,14.0,1031.3,x
2018-12-11,1496,1670,-,3.3,1.8,0.0,1.0,90.0,북서,13.0,1024.0,x
2018-12-12,1496,1715,-,6.0,-10.3,2.9,0.0,30.0,북서,15.8,1026.6,x
2018-12-13,1440,1823,-,7.5,-4.6,5.4,0.0,42.0,서북서,11.2,1026.3,x
2018-12-14,1440,2012,-,4.9,-13.0,1.2,0.0,26.0,북서,17.6,1031.7,x
2018-12-17,1440,1895,구름조금,9.0,-0.8,7.0,0.0,50.0,북서,12.6,1017.0,x
2018-12-18,1511,1895,-,9.3,-2.6,7.8,0.0,43.0,북북서,9.7,1020.6,x
2018-12-19,1513,1870,-,14.7,-0.6,14.4,0.0,35.0,서,8.6,1020.7,x
2018-12-20,1516,1840,-,10.5,2.0,10.5,0.0,56.0,서북서,3.2,1022.4,x
2018-12-21,1524,1850,-,12.0,4.2,11.7,0.0,59.0,북서,6.5,1021.9,x
2018-12-24,1521,1598,-,7.5,-15.3,4.2,0.0,18.0,북서,19.8,1024.7,x
2018-12-26,1523,1594,-,10.2,-8.4,7.9,0.0,26.0,북서,17.6,1020.1,x
2018-12-27,1492,1572,-,3.2,-21.8,-1.3,0.0,14.0,서북서,20.5,1023.9,x
2018-12-28,1488,1610,-,0.1,-16.2,-4.4,0.0,28.0,북서,15.8,1026.9,x
2018-12-31,1498,1441,-,6.4,-9.1,4.4,0.0,32.0,서북서,9.7,1033.1,x
2019-01-02,1475,1440,-,5.5,-10.3,1.9,0.0,31.0,서북서,18.0,1030.4,x
2019-01-03,1459,1428,-,6.5,-14.9,3.0,0.0,20.0,서북서,19.8,1032.5,x
2019-01-04,1457,1426,-,2.9,-12.6,2.9,0.0,31.0,북동,3.6,1029.8,x
2019-01-07,1456,1444,-,7.5,-14.0,4.9,0.0,20.0,북서,14.4,1025.8,x
2019-01-08,1454,1438,-,7.4,-9.0,5.0,0.0,30.0,북서,13.3,1023.8,x
2019-01-09,1454,1420,-,3.5,-11.3,-0.3,0.0,33.0,서북서,16.2,1031.4,x
2019-01-10,1395,1411,-,8.1,-11.3,5.4,0.0,24.0,북서,16.6,1022.1,x
2019-01-11,1393,1403,-,9.9,-3.4,8.8,0.0,39.0,서북서,8.3,1024.6,x
2019-01-14,1406,1381,-,10.8,-5.6,9.1,0.0,31.0,북서,13.7,1023.5,x
2019-01-15,1393,1384,-,10.2,-4.6,8.9,0.0,35.0,북서,9.7,1020.1,x
2019-01-16,1367,1384,-,3.5,-15.2,-0.7,0.0,24.0,서북서,18.7,1023.3,x
2019-01-17,1429,1375,-,6.5,-7.1,2.9,0.0,37.0,북서,20.2,1020.1,x
2019-01-18,1414,1375,-,9.0,-7.6,6.7,0.0,30.0,북서,15.1,1025.5,x
2019-01-21,1413,1385,-,7.0,-7.8,4.4,0.0,34.0,북서,14.0,1020.3,x
2019-01-22,1435,1389,-,10.3,-5.3,9.4,0.0,33.0,서,7.9,1018.8,x
2019-01-23,1415,1387,-,11.2,-3.3,9.7,0.0,36.0,북서,12.6,1018.0,x
2019-01-24,1424,1382,-,10.1,-12.5,8.5,0.0,19.0,서북서,11.5,1022.6,x
2019-01-25,1421,1390,-,6.6,-11.5,4.9,0.0,26.0,북북서,8.6,1019.8,x
2019-01-28,1398,1449,-,10.7,-9.0,8.5,0.0,24.0,서북서,17.3,1018.0,x
2019-01-29,1386,1461,-,10.6,-2.8,10.0,0.0,39.0,동남동,6.8,1026.8,x
2019-01-30,1399,1473,-,12.6,-10.4,11.7,0.0,19.0,북서,10.1,1022.7,x
2019-01-31,1409,1481,-,-0.6,-1.0,-5.0,7.9,97.0,북서,14.4,1016.5,x
2019-02-01,1422,1495,맑음,3.9,-6.1,0.3,0.0,48.0,북서,15.8,1022.9,x
2019-02-07,1400,1661,-,11.5,1.9,10.1,0.0,52.0,북서,12.2,1015.9,x
2019-02-08,1403,1698,-,6.7,-10.5,4.0,0.0,28.0,북서,14.0,1023.0,x
2019-02-11,1412,1711,-,5.4,-11.6,2.1,0.0,28.0,북서,15.8,1027.9,x
2019-02-12,1394,1693,-,7.3,-8.3,4.5,0.0,32.0,북서,15.8,1031.5,x
2019-02-13,1394,1684,-,8.2,-10.2,5.5,0.0,26.0,북서,16.9,1028.4,x
2019-02-14,1399,1677,-,9.6,-1.4,8.4,0.0,46.0,남동,8.6,1029.6,x
2019-02-15,1399,1672,-,10.3,1.1,9.5,0.7,53.0,서북서,7.6,1020.3,x
2019-02-18,1399,1654,-,9.1,-10.9,9.1,0.0,23.0,서남서,3.2,1024.5,x
2019-02-19,1386,1644,-,6.5,5.7,3.9,30.8,95.0,북서,13.0,1013.8,x
2019-02-20,1372,1636,-,9.0,-2.6,6.0,0.0,44.0,북서,20.9,1023.0,x
2019-02-21,1293,1632,-,11.5,0.0,11.2,0.0,45.0,남남서,6.1,1024.9,x
2019-02-22,1299,1631,구름많음,13.5,0.8,13.5,0.0,42.0,남서,4.3,1018.8,x
2019-02-25,1318,1634,-,16.2,-4.9,15.8,0.0,23.0,서,12.6,1018.2,x
2019-02-26,1316,1639,-,11.4,-14.3,9.7,0.0,15.0,서남서,14.4,1022.6,x
2019-02-27,1326,1644,-,12.9,2.7,11.6,0.0,50.0,남동,14.4,1020.3,x
2019-02-28,1354,1647,맑음,13.6,-4.6,13.6,0.0,28.0,북,4.3,1016.4,x
2019-03-04,1346,1666,-,17.8,0.0,17.8,0.0,30.0,남서,7.2,1011.9,x
2019-03-05,1350,1669,-,16.6,0.6,16.5,0.0,34.0,남남서,9.7,1020.0,x
2019-03-06,1344,1674,-,10.4,7.8,9.5,1.7,84.0,서북서,7.9,1014.4,x
2019-03-07,1349,1677,-,12.5,0.8,12.5,0.0,45.0,남서,4.3,1018.4,x
2019-03-08,1339,1676,-,15.4,4.4,14.4,0.0,48.0,남,16.9,1024.2,x
2019-03-11,1339,1673,-,14.7,4.3,13.8,0.0,50.0,남남동,13.7,1008.2,x
2019-03-12,1342,1673,-,14.0,0.5,12.4,0.0,40.0,서남서,20.2,1009.8,x
2019-03-13,1346,1671,-,9.5,-6.0,5.7,0.0,33.0,서북서,33.5,1018.9,x
2019-03-14,1345,1671,-,12.5,-11.9,11.4,0.0,17.0,서,11.9,1022.9,x
2019-03-15,1339,1665,-,12.9,0.6,12.5,0.0,43.0,서북서,7.6,1017.2,x
2019-03-18,1327,1674,-,14.4,0.2,13.5,0.0,38.0,서,13.7,1019.5,x
2019-03-19,1327,1674,-,21.7,1.3,21.7,0.0,26.0,북서,15.1,1014.8,x
2019-03-20,1327,1669,-,15.7,12.2,15.4,0.0,80.0,남동,10.4,1014.2,x
2019-03-21,1282,1653,-,21.3,9.5,21.3,5.1,47.0,북서,16.9,1003.8,x
2019-03-22,1272,1645,-,14.1,-2.3,12.8,0.0,32.0,서북서,16.9,1015.7,x
2019-03-25,1270,1638,-,14.4,0.2,14.2,0.0,38.0,남남서,7.9,1017.6,x
2019-03-26,1252,1636,-,20.1,-1.7,20.1,0.0,23.0,북서,17.3,1016.7,x
2019-03-27,1246,1635,-,19.0,0.0,18.7,0.0,28.0,서남서,20.9,1014.2,x
2019-03-28,1330,1634,-,16.5,8.4,15.8,0.0,59.0,남남동,16.2,1013.2,x
2019-03-29,1320,1633,-,17.3,10.1,16.6,0.0,63.0,남남동,19.1,1012.4,x
2019-04-01,1326,1639,-,12.1,-8.4,56.0,0.0,23.0,북서,18.4,1020.9,x
2019-04-02,1333,1641,-,13.8,-6.4,57.0,0.0,24.0,북북서,12.6,1021.1,x
2019-04-03,1337,1642,-,15.5,-9.4,59.0,0.0,17.0,북서,11.9,1022.3,x
2019-04-04,1328,1642,-,20.9,-3.6,64.0,0.0,19.0,서,9.7,1016.6,x
2019-04-05,1329,1642,-,21.4,3.5,66.0,0.0,31.0,서북서,24.8,1007.2,x
2019-04-08,1323,1653,-,21.8,-0.2,66.0,0.0,23.0,북서,16.6,1012.6,x
2019-04-09,1318,1658,-,14.4,1.9,58.0,0.0,43.0,남동,24.1,1017.8,x
2019-04-10,1315,1662,-,11.2,6.3,53.0,6.6,72.0,북서,12.6,1009.5,x
2019-04-11,1330,1675,-,13.2,5.3,56.0,0.0,59.0,남,10.1,1015.3,x
2019-04-12,1337,1693,-,17.7,0.3,62.0,3.1,31.0,서,12.6,1017.6,x
2019-04-15,1342,1716,-,20.5,-2.6,64.0,0.0,21.0,서북서,15.1,1017.8,x
2019-04-16,1342,1727,-,22.5,2.5,67.0,0.0,27.0,남남동,16.9,1017.0,x
2019-04-17,1348,1733,-,24.4,5.1,69.0,0.0,29.0,남서,9.7,1011.6,x
2019-04-18,1357,1732,-,22.5,7.8,68.0,0.0,39.0,서남서,15.8,1011.4,x
2019-04-19,1364,1736,-,15.6,7.6,60.0,0.0,59.0,동북동,4.7,1018.9,x
2019-04-22,1351,1758,-,24.1,12.0,70.0,0.0,47.0,남동,20.5,1015.9,x
2019-04-23,1348,1765,-,17.8,13.3,63.0,0.3,75.0,남동,5.4,1015.6,x
2019-04-24,1345,1766,-,21.4,18.5,69.0,6.6,84.0,서북서,4.3,1005.8,x
2019-04-25,1295,1771,-,16.9,8.3,61.0,0.9,57.0,북서,2.9,1009.2,x
2019-04-26,1286,1773,-,11.8,9.6,54.0,2.9,87.0,북북서,4.7,1012.2,x
2019-04-29,1313,1761,-,12.3,11.5,54.0,9.5,95.0,북서,9.0,1013.4,x
2019-04-30,1338,1762,-,18.7,13.1,64.0,0.0,70.0,남동,2.9,1008.8,x
2019-05-02,1482,1760,-,20.9,12.8,67.0,0.0,60.0,남남동,20.5,1011.8,x
2019-05-03,1517,1767,-,24.8,7.4,70.0,0.0,33.0,남남동,14.4,1016.8,x
2019-05-07,1504,1775,-,21.8,2.4,66.0,0.0,28.0,서북서,13.0,1015.6,x
2019-05-08,1528,1785,-,23.8,1.9,68.0,0.0,24.0,서남서,11.5,1011.5,x
2019-05-09,1549,1755,-,26.4,3.5,70.0,0.0,23.0,북서,6.8,1008.7,x
2019-05-10,1561,1727,-,25.4,6.0,70.0,0.0,29.0,남남동,15.5,1012.5,x
2019-05-13,1576,1741,-,24.8,13.9,72.0,0.0,51.0,남,12.6,1015.7,x
2019-05-14,1576,1783,-,25.8,17.1,74.0,0.0,59.0,남남동,21.2,1012.7,x
2019-05-15,1594,1735,-,27.2,13.5,74.0,0.0,43.0,남남서,14.0,1013.5,x
2019-05-16,1543,1973,-,29.5,14.8,76.0,0.0,41.0,남남서,12.2,1012.4,x
2019-05-17,1543,1935,-,24.7,13.8,71.0,0.0,51.0,남동,13.0,1013.2,x
2019-05-20,1536,1992,-,22.3,11.0,68.0,1.8,49.0,서북서,16.9,1003.9,x
2019-05-21,1639,1975,-,24.8,4.5,69.0,0.0,27.0,서북서,15.8,1006.1,x
2019-05-22,1672,2036,-,26.7,4.4,71.0,0.0,24.0,서남서,17.6,1006.9,x
2019-05-23,1682,2023,-,29.3,9.9,74.0,0.0,30.0,서북서,20.2,1007.9,x
2019-05-24,1653,1885,-,29.6,16.7,77.0,0.0,46.0,남동,13.3,1012.0,x
2019-05-27,1682,1933,-,19.9,18.7,67.0,71.2,93.0,남남서,21.6,1007.5,x
2019-05-28,1680,1937,-,23.7,7.7,69.0,0.0,36.0,서북서,12.6,1010.5,x
2019-05-29,1675,1932,-,29.3,8.3,74.0,0.0,27.0,서북서,11.5,1008.7,x
2019-05-30,1652,1880,-,28.7,10.8,74.0,0.0,33.0,남남서,10.1,1010.3,x
2019-05-31,1675,1853,-,22.0,12.5,68.0,0.5,55.0,남서,11.9,1010.6,x
2019-06-03,1636,1846,-,28.8,17.3,77.0,0.0,50.0,남남동,14.0,1007.8,x
2019-06-04,1621,1848,-,28.1,18.4,77.0,0.0,56.0,남남동,16.9,1008.9,x
2019-06-05,1551,1834,-,30.0,17.7,78.0,0.0,48.0,남,14.4,1012.5,x
2019-06-07,1560,1813,-,20.4,19.5,68.0,23.0,95.0,정온,0.7,1000.0,x
2019-06-10,1560,1811,-,24.0,13.5,71.0,0.0,52.0,서북서,4.7,1006.7,x
2019-06-11,1560,1819,-,24.2,15.4,72.0,0.0,58.0,남,11.5,1008.8,x
2019-06-12,1543,1820,-,24.9,16.0,72.0,0.0,58.0,남남동,13.3,1011.0,x
2019-06-13,1677,1812,-,27.5,16.4,75.0,0.0,51.0,남남동,9.4,1010.3,x
2019-06-14,1669,1785,-,20.4,17.2,68.0,0.1,82.0,북서,10.8,1005.6,x
2019-06-17,1666,1770,-,26.1,18.2,75.0,0.0,62.0,남남서,10.8,1012.1,x
2019-06-18,1670,1770,-,26.2,19.3,75.0,0.1,66.0,서북서,8.3,1010.5,x
2019-06-19,1669,1768,-,28.1,19.0,77.0,0.0,58.0,남,14.8,1006.2,x
2019-06-20,1658,1764,-,30.1,19.7,79.0,0.0,54.0,남남서,12.6,1006.4,x
2019-06-21,1658,1763,-,29.3,19.6,78.0,0.0,56.0,남남동,14.8,1004.2,x
2019-06-24,1658,1747,-,23.8,16.8,72.0,0.0,65.0,남남동,15.1,1014.0,x
2019-06-25,1658,1736,-,26.3,19.1,75.0,0.0,65.0,남,14.0,1015.6,x
2019-06-26,1661,1722,-,19.1,18.2,66.0,26.0,95.0,정온,1.4,1011.0,x
2019-06-27,1623,1716,-,25.3,23.3,76.0,25.5,89.0,남남동,5.8,1000.4,x
2019-06-28,1622,1698,-,25.9,20.6,76.0,0.0,73.0,남동,11.2,1003.5,x
2019-07-01,1625,1705,-,25.9,22.9,77.0,0.1,84.0,남남동,5.8,1006.4,x
2019-07-02,1625,1712,-,29.5,21.1,79.0,0.0,61.0,남남서,9.7,1008.6,x
2019-07-03,1625,1721,-,26.1,21.3,76.0,0.0,75.0,남동,9.0,1007.6,x
2019-07-04,1609,1728,-,29.1,20.5,79.0,0.0,60.0,남남동,16.9,1006.0,x
2019-07-05,1609,1733,-,30.0,21.3,80.0,0.0,60.0,남남동,11.2,1003.2,x
2019-07-08,1623,1755,-,28.5,18.5,77.0,0.1,55.0,동남동,8.6,1006.4,x
2019-07-09,1623,1762,-,24.5,18.1,73.0,0.0,68.0,동,4.7,1006.8,x
2019-07-10,1628,1761,-,22.5,20.0,71.0,0.2,86.0,서북서,7.6,1005.9,x
2019-07-11,1630,1756,-,27.9,22.1,78.0,6.0,71.0,동남동,6.5,1002.9,x
2019-07-12,1636,1756,-,28.5,18.8,77.0,0.0,56.0,북서,6.1,1006.0,x
2019-07-15,1622,1760,-,26.8,20.8,77.0,0.0,70.0,남동,13.0,1008.5,x
2019-07-16,1607,1759,-,27.8,20.3,77.0,0.0,64.0,남동,9.4,1011.6,o
2019-07-17,1599,1771,-,28.9,19.2,78.0,0.0,56.0,남동,12.2,1012.7,o
2019-07-18,1615,1801,-,23.0,21.6,73.0,45.5,92.0,남동,8.6,1010.9,o
2019-07-19,1615,1814,-,23.8,23.1,74.0,41.5,96.0,북북서,2.9,1008.2,o
2019-07-22,1622,1865,-,32.5,25.3,84.0,0.0,66.0,남남서,8.6,1006.3,x
2019-07-23,1630,1860,-,32.3,25.1,84.0,0.0,66.0,서남서,10.4,1005.5,x
2019-07-24,1624,1883,-,30.7,23.1,81.0,0.0,64.0,서남서,12.6,1005.8,x
2019-07-25,1562,1898,-,27.3,24.9,79.0,0.2,87.0,남남서,8.6,1007.3,x
2019-07-26,1634,1903,-,26.2,25.3,79.0,0.5,95.0,남,6.8,1006.7,x
2019-07-29,1599,1899,-,31.9,24.7,84.0,1.0,66.0,남서,12.2,1011.0,x
2019-07-30,1576,1908,-,32.0,24.3,83.0,0.0,64.0,서남서,16.6,1009.9,x
2019-07-31,1572,1899,-,32.9,24.3,84.0,0.0,61.0,남서,14.0,1011.4,x
2019-08-01,1531,2311,-,32.6,24.8,84.0,0.0,64.0,남남동,16.6,1012.0,x
2019-08-02,1533,2352,-,34.5,26.1,87.0,0.0,62.0,남,11.2,1010.8,x
2019-08-05,1547,2194,-,35.1,25.2,86.0,0.0,57.0,남남동,10.1,1009.0,o
2019-08-06,1526,2215,-,28.3,22.9,79.0,0.0,73.0,북북서,8.6,1004.6,o
2019-08-07,1542,2224,-,31.2,25.5,84.0,0.5,72.0,남남동,18.7,1007.3,o
2019-08-08,1570,2280,-,34.4,25.2,86.0,0.0,59.0,남,11.9,1008.4,o
2019-08-09,1575,2158,-,33.7,24.8,85.0,0.0,60.0,남남동,11.5,1007.5,o
2019-08-12,1567,2272,-,32.4,25.4,84.0,0.0,67.0,남남동,14.0,1002.9,o
2019-08-13,1571,2145,-,33.2,23.8,84.0,0.0,58.0,북북동,6.8,1001.7,o
2019-08-14,1565,2113,-,32.4,23.9,83.0,0.0,61.0,서북서,7.2,998.2,o
2019-08-16,1556,2108,-,29.9,23.0,81.0,0.0,67.0,서북서,8.3,996.1,o
2019-08-19,1546,2077,-,30.7,23.6,82.0,0.0,66.0,남,13.3,1009.0,x
2019-08-20,1542,2094,-,29.6,21.0,79.0,0.0,60.0,동북동,5.4,1009.9,x
2019-08-21,1553,2091,-,29.8,24.6,82.0,0.3,74.0,남서,5.0,1009.4,x
2019-08-22,1581,2115,-,26.6,24.8,79.0,31.0,90.0,서,9.4,1005.2,x
2019-08-23,1589,2132,흐림,28.7,20.4,78.0,0.0,61.0,서,8.3,1009.2,x
2019-08-26,1602,2176,구름많음,28.7,21.7,79.0,0.0,66.0,남남서,11.2,1012.9,x
2019-08-27,1602,2171,-,22.8,21.9,73.0,6.0,95.0,북서,7.9,1007.4,x
2019-08-28,1602,2161,-,27.5,22.4,78.0,1.0,74.0,북서,4.0,1007.9,x
2019-08-29,1660,2173,-,24.2,22.6,75.0,2.5,91.0,동,4.0,1007.2,x
2019-08-30,1653,2196,구름많음,29.9,18.9,78.0,0.0,52.0,서북서,9.4,1008.7,x
2019-09-02,1665,2283,-,22.1,21.5,72.0,14.5,97.0,서,4.3,1016.9,o
2019-09-03,1619,2262,-,26.1,23.1,77.0,6.5,84.0,서북서,4.7,1015.6,o
2019-09-04,1654,2265,-,26.8,23.2,78.0,1.0,81.0,남,13.3,1013.9,o
2019-09-05,1797,2265,구름많음,29.6,24.0,81.0,0.0,72.0,남남동,13.7,1012.2,o
2019-09-06,1856,2271,-,29.2,24.3,81.0,0.0,75.0,동남동,13.7,1008.9,o
2019-09-09,1978,2263,-,31.4,23.2,82.0,0.0,62.0,남동,16.6,1009.8,x
2019-09-10,2021,2237,-,29.1,24.6,81.0,0.0,77.0,남남동,11.5,1013.6,x
2019-09-11,2053,2218,흐림,27.5,23.9,79.0,0.0,81.0,남동,10.1,1014.1,x
2019-09-16,2171,2142,-,28.5,17.9,77.0,0.0,53.0,서남서,4.3,1009.6,x
2019-09-17,2161,2152,-,29.4,13.5,76.0,0.0,38.0,북서,5.4,1013.9,x
2019-09-18,2164,2143,-,31.2,9.9,76.0,0.0,27.0,서북서,9.0,1013.7,x
2019-09-19,1970,2146,-,25.1,12.3,71.0,0.0,45.0,남동,10.4,1017.4,o
2019-09-20,2020,2172,-,26.3,14.7,73.0,0.0,49.0,남남동,6.8,1016.2,o
2019-09-23,2075,2184,-,20.7,16.3,68.0,0.5,76.0,남남동,3.2,1015.0,o
2019-09-24,2063,2176,맑음,25.6,15.3,73.0,0.0,53.0,서,5.0,1017.7,x
2019-09-25,2010,2178,구름많음,25.3,15.6,73.0,0.0,55.0,남동,15.1,1020.9,x
2019-09-26,2026,2156,-,27.2,17.6,75.0,0.0,56.0,남동,8.3,1022.9,x
2019-09-27,2034,2175,-,26.1,19.9,75.0,0.0,69.0,남동,13.0,1021.9,x
2019-09-30,2068,2126,구름많음,29.3,22.7,80.0,0.0,68.0,남남동,11.9,1016.4,o
2019-10-01,2086,2129,-,23.4,22.0,23.4,9.0,92.0,서북서,6.8,1020.2,o
2019-10-02,2177,2123,-,23.4,22.3,23.4,27.5,94.0,동남동,9.7,1011.4,o
2019-10-04,2422,2124,-,26.4,18.2,26.4,0.0,61.0,남남동,14.0,1013.5,x
2019-10-07,2567,2147,-,20.4,14.9,20.4,0.0,71.0,남남동,7.2,1016.5,x
2019-10-08,2628,2169,-,23.2,12.4,23.2,0.0,51.0,서북서,13.3,1016.1,x
2019-10-10,2777,2150,-,24.2,9.7,24.2,0.0,40.0,북서,9.7,1014.0,x
2019-10-11,2776,2125,-,27.6,13.1,27.6,0.0,41.0,동남동,4.3,1012.1,x
2019-10-14,2791,2023,-,23.8,11.4,23.8,0.0,46.0,서북서,13.3,1021.6,x
2019-10-15,2805,2000,-,19.0,10.2,19.0,0.0,57.0,북북동,4.7,1027.9,x
2019-10-16,2818,1958,-,21.0,9.5,21.0,0.0,48.0,서남서,9.0,1025.0,x
2019-10-17,2814,1924,-,19.4,12.8,19.4,0.0,66.0,북서,9.4,1023.8,x
2019-10-18,2813,1901,-,15.6,14.6,15.5,14.0,94.0,북북서,8.6,1020.0,x
2019-10-21,2842,1902,맑음,24.6,11.5,24.6,0.0,44.0,남,5.4,1016.5,x
2019-10-22,2842,1909,-,23.0,14.2,23.0,0.0,58.0,남서,5.4,1016.2,x
2019-10-23,2841,1904,-,20.8,14.2,20.8,0.0,66.0,남서,5.8,1016.8,x
2019-10-24,2869,1903,-,20.9,15.4,20.9,0.0,71.0,북북서,7.2,1015.9,x
2019-10-25,2866,1768,-,24.4,13.5,24.4,0.0,51.0,북서,11.5,1015.1,x
2019-10-28,2858,1800,-,20.3,5.1,20.3,0.0,37.0,남서,12.2,1016.5,x
2019-10-29,2862,1851,-,20.2,7.8,20.2,0.0,45.0,북서,8.3,1014.4,x
2019-10-30,2858,1881,-,20.0,2.7,20.0,0.0,32.0,서북서,11.2,1020.0,x
2019-10-31,2920,1824,-,21.0,5.7,21.0,0.0,37.0,북서,12.6,1019.6,x
2019-11-01,2838,1577,-,23.0,7.9,23.0,0.0,38.0,서북서,15.8,1019.8,x
2019-11-04,2737,1530,-,18.2,8.4,18.2,0.0,53.0,남남서,2.9,1021.8,x
2019-11-05,2726,1590,맑음,19.9,6.2,19.9,0.0,41.0,서북서,13.3,1017.8,x
2019-11-06,2728,1587,-,17.8,3.2,17.8,0.0,38.0,남서,8.6,1015.2,x
2019-11-07,2736,1569,-,18.6,5.4,18.5,0.0,42.0,서북서,15.1,1015.3,x
2019-11-08,2680,1574,-,18.0,4.1,18.0,0.0,40.0,북서,12.6,1017.9,x
2019-11-11,2620,1623,-,19.0,6.7,18.7,0.0,45.0,서북서,20.5,1009.9,x
2019-11-12,2558,1609,-,19.0,3.5,19.0,0.0,36.0,남서,6.1,1020.5,x
2019-11-13,2562,1585,-,15.4,4.7,14.8,0.0,49.0,서북서,12.2,1016.1,x
2019-11-14,2555,1555,-,9.7,-9.9,6.9,0.0,24.0,북서,20.5,1023.0,x
2019-11-15,2535,1547,-,17.1,1.0,17.1,0.0,34.0,남남동,4.3,1019.4,x
2019-11-18,2538,1527,-,14.1,5.9,13.8,14.5,58.0,북서,8.3,1015.5,x
2019-11-19,2503,1524,-,8.4,-4.1,6.8,0.0,41.0,북북서,9.7,1023.4,x
2019-11-20,2511,1523,-,10.7,-6.6,8.8,0.0,29.0,북서,14.4,1029.0,x
2019-11-21,2508,1523,-,15.1,-1.5,14.7,0.0,32.0,서,10.1,1030.0,x
2019-11-22,2556,1524,-,18.6,6.7,18.6,0.0,46.0,동,6.5,1026.4,x
2019-11-25,2533,1527,-,14.4,6.2,14.1,0.0,58.0,서북서,8.6,1025.7,x
2019-11-26,2533,1529,-,,,,,,-,,,x
2019-11-27,2522,1525,-,,,,,,-,,,x
2019-11-28,2504,1521,-,,,,,,-,,,x
2019-11-29,2504,1517,-,,,,,,-,,,x
2019-12-02,2526,1522,-,,,,,,-,,,x
2019-12-03,2546,1527,-,,,,,,-,,,x
2019-12-04,2554,1531,-,,,,,,-,,,x
2019-12-05,2556,1533,-,,,,,,-,,,x
2019-12-09,2583,1575,-,12.1,-4.1,11.2,0.0,32.0,북서,9.4,1023.5,x
2019-12-10,2678,1589,-,16.5,5.1,16.5,0.0,47.0,서북서,7.9,1020.1,x
2019-12-11,2764,1680,-,17.6,5.8,17.4,0.0,46.0,서남서,13.7,1014.2,x
2019-12-12,2866,1714,-,8.4,-11.5,6.8,0.0,23.0,북서,9.4,1027.4,x
2019-12-13,2911,1750,-,9.6,-6.7,8.5,0.0,31.0,서북서,8.3,1027.2,x
2019-12-16,2972,2042,-,16.1,4.7,16.1,0.0,47.0,남남서,7.6,1023.0,x
2019-12-17,2992,1861,-,14.8,8.9,14.8,0.0,68.0,서,5.8,1012.7,x
2019-12-18,3021,1856,-,13.8,-3.0,12.7,0.0,31.0,서북서,14.4,1019.9,x
2019-12-19,3055,1854,-,11.2,-11.6,9.3,0.0,19.0,북서,15.8,1020.7,x
2019-12-20,3049,1817,-,9.0,-4.5,7.2,0.0,38.0,북서,11.5,1027.4,x
2019-12-23,3082,1609,-,12.0,-0.2,10.7,0.0,43.0,북서,12.2,1019.8,x
2019-12-24,3073,1618,-,10.9,-0.5,9.2,0.0,45.0,서북서,13.3,1025.4,x
2019-12-26,3068,1596,-,6.1,0.6,3.0,0.0,68.0,북서,15.8,1012.9,x
2019-12-27,3022,1582,-,8.1,-12.3,5.4,0.0,22.0,북서,16.2,1022.1,x
2019-12-30,2987,1480,-,13.3,7.5,12.5,1.0,68.0,북서,10.4,1019.7,x
2019-12-31,3023,1473,-,2.5,-18.2,-1.9,0.0,20.0,서북서,18.7,1031.1,x
