date,avg_moo,avgY_moo
2010-01-04,1092,1334
2010-01-05,1129,1314
2010-01-06,1151,1287
2010-01-07,1162,1275
2010-01-08,1112,1255
2010-01-11,1094,1206
2010-01-12,1094,1204
2010-01-13,1094,1210
2010-01-14,1128,1210
2010-01-15,1147,1210
2010-01-18,1147,1196
2010-01-19,1147,1191
2010-01-20,1155,1193
2010-01-21,1099,1193
2010-01-22,1067,1194
2010-01-25,1050,1193
2010-01-26,1038,1192
2010-01-27,1038,1187
2010-01-28,1070,1178
2010-01-29,1066,1169
2010-02-01,1075,1146
2010-02-02,1081,1147
2010-02-03,1081,1146
2010-02-04,1163,1141
2010-02-05,1187,1135
2010-02-08,1153,1131
2010-02-09,1163,1131
2010-02-10,1142,1135
2010-02-11,1156,1130
2010-02-12,1131,1124
2010-02-16,1112,1110
2010-02-17,1096,1106
2010-02-18,1152,1100
2010-02-19,1182,1095
2010-02-22,1222,1089
2010-02-23,1210,1092
2010-02-24,1236,1100
2010-02-25,1200,1103
2010-02-26,1203,1107
2010-03-02,1220,1118
2010-03-03,1220,1114
2010-03-04,1254,1113
2010-03-05,1254,1109
2010-03-08,1233,1096
2010-03-09,1233,1097
2010-03-10,1250,1096
2010-03-11,1244,1094
2010-03-12,1266,1094
2010-03-15,1263,1096
2010-03-16,1251,1099
2010-03-17,1237,1101
2010-03-18,1275,1101
2010-03-19,1283,1101
2010-03-22,1312,1101
2010-03-23,1316,1100
2010-03-24,1333,1099
2010-03-25,1275,1097
2010-03-26,1287,1092
2010-03-29,1323,1088
2010-03-30,1343,1088
2010-03-31,1262,1085
2010-04-01,1340,1080
2010-04-02,1374,1074
2010-04-05,1390,1061
2010-04-06,1417,1064
2010-04-07,1432,1071
2010-04-08,1502,1082
2010-04-09,1524,1092
2010-04-12,1532,1119
2010-04-13,1532,1121
2010-04-14,1552,1121
2010-04-15,1574,1120
2010-04-16,1546,1118
2010-04-19,1588,1115
2010-04-20,1588,1122
2010-04-21,1588,1125
2010-04-22,1638,1128
2010-04-23,1637,1134
2010-04-26,1691,1211
2010-04-27,1668,1252
2010-04-28,1675,1254
2010-04-29,1688,1256
2010-04-30,1735,1264
2010-05-03,1756,1256
2010-05-04,1739,1219
2010-05-06,1812,1234
2010-05-07,1850,1229
2010-05-10,1900,1269
2010-05-11,1919,1284
2010-05-12,1935,1289
2010-05-13,1918,1289
2010-05-14,1924,1250
2010-05-17,1938,1219
2010-05-18,1940,1219
2010-05-19,1951,1218
2010-05-20,1993,1242
2010-05-24,1989,1240
2010-05-25,1985,1237
2010-05-26,2001,1230
2010-05-27,1990,1224
2010-05-28,1994,1206
2010-05-31,2025,1197
2010-06-01,2026,1199
2010-06-03,2064,1209
2010-06-04,2087,1227
2010-06-07,2020,1248
2010-06-08,2024,1256
2010-06-09,2019,1259
2010-06-10,2008,1260
2010-06-11,1995,1262
2010-06-14,1993,1273
2010-06-15,1983,1276
2010-06-16,1970,1278
2010-06-17,1991,1279
2010-06-18,1976,1282
2010-06-21,1972,1293
2010-06-22,1956,1307
2010-06-23,1945,1293
2010-06-24,1900,1284
2010-06-25,1904,1288
2010-06-28,1896,1299
2010-06-29,1946,1324
2010-06-30,1941,1337
2010-07-01,1943,1344
2010-07-02,1988,1342
2010-07-05,1993,1376
2010-07-06,2027,1377
2010-07-07,2030,1408
2010-07-08,2094,1409
2010-07-09,2101,1409
2010-07-12,2148,1421
2010-07-13,2183,1427
2010-07-14,2157,1495
2010-07-15,2267,1514
2010-07-16,2226,1524
2010-07-19,2295,1589
2010-07-20,2338,1619
2010-07-21,2302,1629
2010-07-22,2435,1638
2010-07-23,2437,1623
2010-07-26,2515,1646
2010-07-27,2594,1771
2010-07-28,2635,1732
2010-07-29,2676,1772
2010-07-30,2748,1817
2010-08-02,2731,1792
2010-08-03,2752,1781
2010-08-04,2826,1793
2010-08-05,2913,1805
2010-08-06,2938,1798
2010-08-09,2909,1722
2010-08-10,2898,1757
2010-08-11,2905,1761
2010-08-12,2810,1745
2010-08-13,2811,1699
2010-08-16,2814,1695
2010-08-17,2811,1719
2010-08-18,2794,1731
2010-08-19,2651,1740
2010-08-20,2628,1743
2010-08-23,2716,1754
2010-08-24,2660,1758
2010-08-25,2703,1765
2010-08-26,2821,1807
2010-08-27,2796,1802
2010-08-30,2763,1803
2010-08-31,2730,1809
2010-09-01,2652,1807
2010-09-02,2718,1811
2010-09-03,2780,1815
2010-09-06,2797,1840
2010-09-07,2793,1850
2010-09-08,2827,1858
2010-09-09,2866,1866
2010-09-10,2882,1868
2010-09-13,2730,1855
2010-09-14,2784,1858
2010-09-15,2835,1853
2010-09-16,2881,1861
2010-09-17,2899,1867
2010-09-20,3040,1900
2010-09-24,3211,1900
2010-09-27,3589,1902
2010-09-28,3692,1916
2010-09-29,3742,1911
2010-09-30,3746,1900
2010-10-01,3868,1900
2010-10-04,4080,1897
2010-10-05,4194,1896
2010-10-06,4420,1899
2010-10-07,4370,1903
2010-10-08,4560,1900
2010-10-11,4510,1881
2010-10-12,4435,1866
2010-10-13,4408,1843
2010-10-14,4472,1827
2010-10-15,4326,1824
2010-10-18,4242,1814
2010-10-19,4131,1836
2010-10-20,4087,1851
2010-10-21,3966,1848
2010-10-22,3947,1854
2010-10-25,3801,1747
2010-10-26,3707,1715
2010-10-27,3430,1698
2010-10-28,3256,1677
2010-10-29,3202,1672
2010-11-01,3302,1610
2010-11-02,3247,1604
2010-11-03,3216,1586
2010-11-04,3077,1577
2010-11-05,2970,1567
2010-11-08,2673,1694
2010-11-09,2655,1662
2010-11-10,2586,1668
2010-11-11,2601,1685
2010-11-12,2568,1623
2010-11-15,2638,1607
2010-11-16,2641,1524
2010-11-17,2657,1489
2010-11-18,2606,1687
2010-11-19,2506,1678
2010-11-22,2621,1638
2010-11-23,2627,1570
2010-11-24,2555,1496
2010-11-25,2630,1485
2010-11-26,2681,1489
2010-11-29,2993,1444
2010-11-30,2936,1444
2010-12-01,2888,1444
2010-12-02,2903,1451
2010-12-03,2869,1452
2010-12-06,2968,1425
2010-12-07,2944,1445
2010-12-08,2939,1435
2010-12-09,2947,1436
2010-12-10,2816,1445
2010-12-13,2764,1433
2010-12-14,2663,1435
2010-12-15,2685,1424
2010-12-16,2601,1421
2010-12-17,2608,1418
2010-12-20,2450,1415
2010-12-21,2410,1364
2010-12-22,2467,1353
2010-12-23,2182,1360
2010-12-24,2128,1363
2010-12-27,2096,1363
2010-12-28,2096,1361
2010-12-29,2096,1356
2010-12-30,1978,1353
2010-12-31,1941,1354
2011-01-03,1994,1362
2011-01-04,1977,1357
2011-01-05,1970,1346
2011-01-06,1898,1336
2011-01-07,1907,1324
2011-01-10,1813,1268
2011-01-11,1811,1256
2011-01-12,1793,1252
2011-01-13,1671,1260
2011-01-14,1630,1262
2011-01-17,1611,1262
2011-01-18,1628,1252
2011-01-19,1583,1244
2011-01-20,1419,1239
2011-01-21,1401,1235
2011-01-24,1374,1230
2011-01-25,1436,1229
2011-01-26,1437,1230
2011-01-27,1396,1229
2011-01-28,1410,1224
2011-01-31,1461,1199
2011-02-01,1486,1194
2011-02-07,1450,1190
2011-02-08,1443,1190
2011-02-09,1425,1194
2011-02-10,1370,1195
2011-02-11,1353,1190
2011-02-14,1348,1168
2011-02-15,1364,1163
2011-02-16,1383,1162
2011-02-17,1490,1159
2011-02-18,1500,1156
2011-02-21,1508,1152
2011-02-22,1488,1156
2011-02-23,1494,1160
2011-02-24,1480,1166
2011-02-25,1503,1168
2011-02-28,1529,1185
2011-03-02,1540,1186
2011-03-03,1348,1186
2011-03-04,1313,1189
2011-03-07,1272,1178
2011-03-08,1291,1179
2011-03-09,1283,1178
2011-03-10,1233,1179
2011-03-11,1240,1180
2011-03-14,1355,1180
2011-03-15,1351,1178
2011-03-16,1359,1181
2011-03-17,1427,1182
2011-03-18,1431,1186
2011-03-21,1431,1186
2011-03-22,1441,1186
2011-03-23,1444,1183
2011-03-24,1410,1181
2011-03-25,1392,1178
2011-03-28,1383,1166
2011-03-29,1398,1165
2011-03-30,1395,1162
2011-03-31,1492,1164
2011-04-01,1490,1161
2011-04-04,1483,1183
2011-04-05,1483,1182
2011-04-06,1483,1191
2011-04-07,1557,1201
2011-04-08,1577,1214
2011-04-11,1616,1250
2011-04-12,1612,1254
2011-04-13,1620,1258
2011-04-14,1626,1257
2011-04-15,1599,1255
2011-04-18,1592,1252
2011-04-19,1575,1254
2011-04-20,1591,1267
2011-04-21,1562,1275
2011-04-22,1569,1283
2011-04-25,1576,1316
2011-04-26,1566,1331
2011-04-27,1549,1356
2011-04-28,1530,1360
2011-04-29,1530,1363
2011-05-02,1512,1387
2011-05-03,1514,1371
2011-05-04,1513,1359
2011-05-06,1519,1376
2011-05-09,1501,1432
2011-05-11,1494,1462
2011-05-12,1541,1464
2011-05-13,1628,1466
2011-05-16,1699,1494
2011-05-17,1699,1494
2011-05-18,1687,1500
2011-05-19,1625,1509
2011-05-20,1603,1526
2011-05-23,1593,1550
2011-05-24,1581,1553
2011-05-25,1564,1539
2011-05-26,1596,1533
2011-05-27,1602,1426
2011-05-30,1589,1398
2011-05-31,1589,1378
2011-06-01,1574,1375
2011-06-02,1538,1449
2011-06-03,1538,1462
2011-06-07,1505,1527
2011-06-08,1510,1490
2011-06-09,1306,1493
2011-06-10,1306,1493
2011-06-13,1282,1515
2011-06-14,1282,1520
2011-06-15,1304,1528
2011-06-16,1260,1529
2011-06-17,1267,1532
2011-06-20,1281,1560
2011-06-21,1272,1570
2011-06-22,1259,1592
2011-06-23,1257,1611
2011-06-24,1266,1609
2011-06-27,1249,1624
2011-06-28,1231,1624
2011-06-29,1227,1584
2011-06-30,1232,1584
2011-07-01,1217,1587
2011-07-04,1241,1619
2011-07-05,1245,1613
2011-07-06,1259,1629
2011-07-07,1291,1632
2011-07-08,1306,1633
2011-07-11,1301,1641
2011-07-12,1301,1642
2011-07-13,1327,1651
2011-07-14,1461,1675
2011-07-15,1519,1685
2011-07-18,1572,1726
2011-07-19,1572,1750
2011-07-20,1568,1778
2011-07-21,1740,1797
2011-07-22,1756,1813
2011-07-25,1973,1809
2011-07-26,1994,1829
2011-07-27,2075,1897
2011-07-28,2568,1911
2011-07-29,2486,1927
2011-08-01,2802,1880
2011-08-02,2932,1911
2011-08-03,2980,1930
2011-08-04,3026,1982
2011-08-05,3038,1957
2011-08-08,3298,1892
2011-08-09,3250,1901
2011-08-10,3323,1896
2011-08-11,3498,1938
2011-08-12,3611,1946
2011-08-16,3640,1895
2011-08-17,3702,1935
2011-08-18,3797,1774
2011-08-19,3909,1795
2011-08-22,3977,1880
2011-08-23,3964,1887
2011-08-24,3906,1928
2011-08-25,3905,1936
2011-08-26,3968,1976
2011-08-29,3736,2007
2011-08-30,3707,1992
2011-08-31,3720,1977
2011-09-01,3524,1962
2011-09-02,3418,1956
2011-09-05,3434,1983
2011-09-06,3418,1989
2011-09-07,3424,1999
2011-09-08,3440,1995
2011-09-09,3307,1994
2011-09-14,3519,1972
2011-09-15,3413,1979
2011-09-16,3493,2000
2011-09-19,3229,2065
2011-09-20,3164,2081
2011-09-21,2801,2087
2011-09-22,2567,2084
2011-09-23,2329,2080
2011-09-26,2171,2099
2011-09-27,2108,2112
2011-09-28,2016,2144
2011-09-29,2165,2111
2011-09-30,2082,2119
2011-10-04,1936,2148
2011-10-05,1864,2195
2011-10-06,1612,2203
2011-10-07,1589,2199
2011-10-10,1593,2155
2011-10-11,1581,2153
2011-10-12,1571,2146
2011-10-13,1477,2124
2011-10-14,1623,2120
2011-10-17,1633,2143
2011-10-18,1621,2149
2011-10-19,1626,2249
2011-10-20,1589,2277
2011-10-21,1596,2184
2011-10-24,1543,1992
2011-10-25,1503,1915
2011-10-26,1580,1874
2011-10-27,1514,1850
2011-10-28,1499,1827
2011-10-31,1360,1787
2011-11-01,1292,1745
2011-11-02,1254,1728
2011-11-03,1327,1693
2011-11-04,1308,1655
2011-11-07,1221,1727
2011-11-08,1202,1735
2011-11-09,1171,1675
2011-11-10,1276,1726
2011-11-11,1265,1767
2011-11-14,1221,1714
2011-11-15,1171,1681
2011-11-16,1138,1600
2011-11-17,1080,1513
2011-11-18,1087,1619
2011-11-21,1054,1677
2011-11-22,1052,1630
2011-11-23,1058,1643
2011-11-24,1077,1661
2011-11-25,1065,1671
2011-11-28,1021,1609
2011-11-29,1004,1608
2011-11-30,996,1619
2011-12-02,1007,1618
2011-12-05,1046,1595
2011-12-06,1064,1592
2011-12-07,1125,1585
2011-12-08,1111,1581
2011-12-09,1101,1568
2011-12-12,1133,1550
2011-12-13,1114,1533
2011-12-14,1115,1523
2011-12-15,1177,1524
2011-12-16,1182,1521
2011-12-19,1188,1516
2011-12-20,1188,1516
2011-12-21,1188,1502
2011-12-22,1174,1486
2011-12-23,1177,1475
2011-12-26,1179,1467
2011-12-27,1179,1464
2011-12-28,1183,1459
2011-12-29,1051,1455
2011-12-30,1053,1454
2012-01-02,1069,1461
2012-01-03,1063,1463
2012-01-04,1056,1458
2012-01-05,1122,1457
2012-01-06,1136,1431
2012-01-09,1161,1368
2012-01-10,1159,1352
2012-01-11,1166,1339
2012-01-12,928,1323
2012-01-13,928,1326
2012-01-16,892,1307
2012-01-17,884,1303
2012-01-18,884,1281
2012-01-19,956,1263
2012-01-20,960,1240
2012-01-25,965,1202
2012-01-26,996,1204
2012-01-27,1030,1217
2012-01-30,1075,1222
2012-01-31,1080,1214
2012-02-01,1122,1218
2012-02-02,1124,1223
2012-02-03,1111,1224
2012-02-06,1109,1223
2012-02-07,1110,1221
2012-02-08,1107,1215
2012-02-09,1104,1204
2012-02-10,1133,1200
2012-02-13,1175,1186
2012-02-14,1205,1185
2012-02-15,1231,1193
2012-02-16,1289,1202
2012-02-17,1290,1205
2012-02-20,1308,1211
2012-02-21,1296,1209
2012-02-22,1305,1208
2012-02-23,1402,1211
2012-02-24,1384,1218
2012-02-27,1315,1229
2012-02-28,1310,1230
2012-02-29,1316,1244
2012-03-02,1371,1231
2012-03-05,1388,1193
2012-03-06,1405,1191
2012-03-07,1398,1184
2012-03-08,1348,1176
2012-03-09,1330,1170
2012-03-12,1347,1173
2012-03-13,1361,1173
2012-03-14,1347,1176
2012-03-15,1344,1183
2012-03-16,1328,1195
2012-03-19,1385,1203
2012-03-20,1385,1204
2012-03-21,1385,1202
2012-03-22,1392,1200
2012-03-23,1392,1193
2012-03-26,1398,1175
2012-03-27,1398,1173
2012-03-28,1390,1177
2012-03-29,1347,1186
2012-03-30,1356,1201
2012-04-02,1309,1217
2012-04-03,1279,1213
2012-04-04,1302,1210
2012-04-05,1225,1215
2012-04-06,1202,1230
2012-04-09,1239,1291
2012-04-10,1225,1303
2012-04-12,1231,1325
2012-04-13,1229,1330
2012-04-16,1226,1320
2012-04-17,1226,1318
2012-04-18,1213,1317
2012-04-19,1230,1316
2012-04-20,1240,1325
2012-04-23,1243,1345
2012-04-24,1243,1365
2012-04-25,1266,1369
2012-04-26,1278,1370
2012-04-27,1292,1370
2012-04-30,1321,1385
2012-05-02,1319,1389
2012-05-03,1358,1382
2012-05-04,1358,1334
2012-05-07,1402,1360
2012-05-08,1431,1399
2012-05-09,1458,1428
2012-05-10,1402,1428
2012-05-11,1500,1459
2012-05-14,1553,1513
2012-05-15,1493,1491
2012-05-16,1496,1489
2012-05-17,1578,1539
2012-05-18,1539,1555
2012-05-21,1573,1565
2012-05-22,1566,1578
2012-05-23,1570,1589
2012-05-24,1543,1589
2012-05-25,1541,1578
2012-05-29,1546,1458
2012-05-30,1504,1450
2012-05-31,1578,1413
2012-06-01,1552,1409
2012-06-04,1576,1514
2012-06-05,1587,1536
2012-06-07,1534,1533
2012-06-08,1527,1482
2012-06-11,1535,1453
2012-06-12,1558,1467
2012-06-13,1576,1479
2012-06-14,1542,1481
2012-06-15,1527,1485
2012-06-18,1585,1478
2012-06-19,1608,1491
2012-06-20,1604,1502
2012-06-21,1604,1512
2012-06-22,1604,1522
2012-06-25,1592,1527
2012-06-26,1634,1538
2012-06-27,1653,1545
2012-06-28,1717,1551
2012-06-29,1778,1509
2012-07-02,1857,1534
2012-07-03,1911,1545
2012-07-04,1976,1541
2012-07-05,2199,1542
2012-07-06,2231,1556
2012-07-09,2247,1572
2012-07-10,2217,1573
2012-07-11,2208,1579
2012-07-12,2072,1589
2012-07-13,2023,1599
2012-07-16,2026,1662
2012-07-17,2036,1670
2012-07-18,2025,1691
2012-07-19,2037,1713
2012-07-20,2033,1736
2012-07-23,2024,1824
2012-07-24,2021,1840
2012-07-25,2021,1870
2012-07-26,1989,1911
2012-07-27,2014,1999
2012-07-30,2021,2068
2012-07-31,2019,2057
2012-08-01,2008,2029
2012-08-02,1933,2029
2012-08-03,1882,2055
2012-08-06,1849,1967
2012-08-07,1854,2033
2012-08-08,1851,1878
2012-08-09,1833,1865
2012-08-10,1834,2143
2012-08-13,1845,2242
2012-08-14,1834,2241
2012-08-16,1871,2141
2012-08-17,1860,2144
2012-08-20,1861,2074
2012-08-21,1844,2057
2012-08-22,1844,2041
2012-08-23,1770,2044
2012-08-24,1763,2051
2012-08-27,1791,2152
2012-08-28,1791,2154
2012-08-29,1814,2111
2012-08-30,1839,2086
2012-08-31,1837,2060
2012-09-03,1866,2054
2012-09-04,1842,2069
2012-09-05,1877,2078
2012-09-06,1912,2080
2012-09-07,1913,2093
2012-09-10,1925,2133
2012-09-11,1931,2119
2012-09-12,1936,2109
2012-09-13,1882,2111
2012-09-14,1876,2116
2012-09-17,1875,2161
2012-09-18,1990,2187
2012-09-19,2053,2163
2012-09-20,1976,2186
2012-09-21,1991,2170
2012-09-24,1979,2119
2012-09-25,1988,2139
2012-09-26,1975,2140
2012-09-27,2162,2139
2012-09-28,2173,2167
2012-10-02,2188,2207
2012-10-04,2252,2248
2012-10-05,2306,2284
2012-10-08,2368,2175
2012-10-09,2394,2164
2012-10-10,2416,2159
2012-10-11,2428,2165
2012-10-12,2385,2148
2012-10-15,2478,2135
2012-10-16,2469,2144
2012-10-17,2458,2159
2012-10-18,2421,2149
2012-10-19,2414,2116
2012-10-22,2425,1968
2012-10-23,2422,1980
2012-10-24,2425,1997
2012-10-25,2340,1997
2012-10-26,2338,1974
2012-10-29,2319,1894
2012-10-30,2322,1904
2012-10-31,2362,1899
2012-11-01,2338,1858
2012-11-02,2324,1755
2012-11-05,2338,1701
2012-11-06,2325,1703
2012-11-07,2320,2005
2012-11-08,2249,2009
2012-11-09,2231,1952
2012-11-12,2141,1640
2012-11-13,2187,1660
2012-11-14,2157,1705
2012-11-15,2055,1660
2012-11-16,2002,1582
2012-11-19,1994,1535
2012-11-20,2006,1569
2012-11-21,1918,1592
2012-11-22,1813,1552
2012-11-23,1795,1563
2012-11-26,1805,1594
2012-11-27,1821,1593
2012-11-28,1846,1525
2012-11-29,1846,1528
2012-11-30,1844,1532
2012-12-03,1899,1533
2012-12-04,1899,1511
2012-12-05,1899,1515
2012-12-06,1969,1517
2012-12-07,1996,1511
2012-12-10,2029,1510
2012-12-11,2045,1498
2012-12-12,2016,1490
2012-12-13,2030,1472
2012-12-14,2073,1469
2012-12-17,2176,1472
2012-12-18,2169,1471
2012-12-20,2191,1468
2012-12-21,2161,1458
2012-12-24,2133,1448
2012-12-26,2120,1442
2012-12-27,1854,1429
2012-12-28,1864,1416
2012-12-31,1878,1521
2013-01-02,1861,1524
2013-01-03,1880,1582
2013-01-04,1821,1404
2013-01-07,1747,1341
2013-01-08,1744,1336
2013-01-09,1732,1329
2013-01-10,1692,1306
2013-01-11,1725,1276
2013-01-14,1745,1200
2013-01-15,1740,1197
2013-01-16,1670,1196
2013-01-17,1586,1190
2013-01-18,1520,1176
2013-01-21,1523,1154
2013-01-22,1496,1143
2013-01-23,1499,1140
2013-01-24,1549,1139
2013-01-25,1545,1137
2013-01-28,1589,1176
2013-01-29,1592,1177
2013-01-30,1535,1191
2013-01-31,1487,1198
2013-02-01,1475,1205
2013-02-04,1370,1202
2013-02-05,1375,1202
2013-02-06,1331,1203
2013-02-07,1356,1197
2013-02-08,1352,1188
2013-02-12,1362,1198
2013-02-13,1372,1203
2013-02-14,1391,1225
2013-02-15,1459,1246
2013-02-18,1464,1288
2013-02-19,1490,1290
2013-02-20,1485,1292
2013-02-21,1497,1299
2013-02-22,1492,1305
2013-02-25,1475,1322
2013-02-26,1459,1325
2013-02-27,1462,1324
2013-02-28,1378,1319
2013-03-04,1296,1316
2013-03-05,1283,1310
2013-03-06,1272,1310
2013-03-07,1343,1306
2013-03-08,1343,1299
2013-03-11,1364,1292
2013-03-12,1364,1292
2013-03-13,1358,1292
2013-03-14,1355,1294
2013-03-15,1357,1300
2013-03-18,1373,1317
2013-03-19,1383,1323
2013-03-20,1387,1334
2013-03-21,1367,1336
2013-03-22,1363,1335
2013-03-25,1349,1329
2013-03-26,1355,1326
2013-03-27,1363,1323
2013-03-28,1338,1318
2013-03-29,1335,1310
2013-04-01,1373,1303
2013-04-02,1370,1303
2013-04-03,1358,1285
2013-04-04,1311,1264
2013-04-05,1301,1267
2013-04-08,1282,1287
2013-04-09,1278,1299
2013-04-10,1258,1306
2013-04-11,1312,1314
2013-04-12,1322,1319
2013-04-15,1363,1319
2013-04-16,1366,1316
2013-04-17,1355,1315
2013-04-18,1262,1314
2013-04-19,1253,1313
2013-04-22,1257,1326
2013-04-23,1255,1331
2013-04-24,1264,1345
2013-04-25,1357,1351
2013-04-26,1383,1356
2013-04-29,1414,1367
2013-04-30,1435,1377
2013-05-02,1454,1387
2013-05-03,1449,1399
2013-05-06,1460,1432
2013-05-07,1496,1447
2013-05-08,1496,1475
2013-05-09,1542,1506
2013-05-10,1554,1519
2013-05-13,1603,1576
2013-05-14,1617,1627
2013-05-15,1687,1550
2013-05-16,1759,1536
2013-05-20,1823,1590
2013-05-21,1875,1595
2013-05-22,1900,1612
2013-05-23,2014,1624
2013-05-24,2049,1622
2013-05-27,2099,1551
2013-05-28,2098,1536
2013-05-29,2128,1538
2013-05-30,2105,1537
2013-05-31,2113,1512
2013-06-03,2104,1560
2013-06-04,2112,1576
2013-06-05,2136,1585
2013-06-07,2150,1576
2013-06-10,2163,1517
2013-06-11,2292,1510
2013-06-12,2294,1516
2013-06-13,2134,1518
2013-06-14,2127,1519
2013-06-17,2159,1502
2013-06-18,2159,1502
2013-06-19,2165,1506
2013-06-20,2130,1513
2013-06-21,2138,1517
2013-06-24,2113,1518
2013-06-25,2106,1520
2013-06-26,2120,1529
2013-06-27,2120,1540
2013-06-28,2120,1556
2013-07-01,2033,1557
2013-07-02,2020,1587
2013-07-03,2016,1631
2013-07-04,1958,1664
2013-07-05,1935,1699
2013-07-08,1963,1756
2013-07-09,1961,1766
2013-07-10,1968,1766
2013-07-11,1936,1761
2013-07-12,1921,1758
2013-07-15,1904,1771
2013-07-16,1923,1784
2013-07-17,1929,1785
2013-07-18,1866,1796
2013-07-19,1859,1805
2013-07-22,1857,1861
2013-07-23,1859,1879
2013-07-24,1848,1889
2013-07-25,1889,1905
2013-07-26,1910,1932
2013-07-29,1900,2035
2013-07-30,1910,2028
2013-07-31,1910,2030
2013-08-01,1974,2028
2013-08-02,1974,2034
2013-08-05,1980,1971
2013-08-06,1990,1954
2013-08-07,1990,2171
2013-08-08,1940,1770
2013-08-09,1916,1714
2013-08-12,1927,2066
2013-08-13,1952,2107
2013-08-14,1942,2107
2013-08-16,2052,2033
2013-08-19,2107,1974
2013-08-20,2137,2019
2013-08-21,2151,1999
2013-08-22,2071,1973
2013-08-23,2092,1968
2013-08-26,2134,2038
2013-08-27,2138,2050
2013-08-28,2146,2060
2013-08-29,2178,2037
2013-08-30,2178,2016
2013-09-02,2199,1981
2013-09-03,2214,1991
2013-09-04,2212,2004
2013-09-05,2068,2014
2013-09-06,2063,2019
2013-09-09,2055,2043
2013-09-10,2045,2060
2013-09-11,2023,2046
2013-09-12,2127,2040
2013-09-13,2082,2036
2013-09-16,2022,2043
2013-09-17,2022,2072
2013-09-23,2001,2065
2013-09-24,2001,2066
2013-09-25,1994,2095
2013-09-26,1990,2111
2013-09-27,1978,2125
2013-09-30,1968,2183
2013-10-01,1966,2205
2013-10-02,1941,2221
2013-10-04,1877,2258
2013-10-07,1846,2285
2013-10-08,1846,2269
2013-10-10,1764,2283
2013-10-11,1764,2291
2013-10-14,1774,2277
2013-10-15,1784,2261
2013-10-16,1767,2257
2013-10-17,1642,2258
2013-10-18,1619,2248
2013-10-21,1623,2129
2013-10-22,1625,2111
2013-10-23,1625,2098
2013-10-24,1660,2092
2013-10-25,1659,2053
2013-10-28,1680,1984
2013-10-29,1675,1951
2013-10-30,1675,1948
2013-10-31,1647,1940
2013-11-01,1574,1932
2013-11-04,1560,1866
2013-11-05,1545,1851
2013-11-06,1523,1855
2013-11-07,1430,1920
2013-11-08,1424,1768
2013-11-11,1431,1675
2013-11-12,1431,1579
2013-11-13,1431,1570
2013-11-14,1455,1663
2013-11-15,1429,1695
2013-11-18,1349,1573
2013-11-19,1317,1565
2013-11-20,1317,1610
2013-11-21,1321,1592
2013-11-22,1324,1567
2013-11-25,1307,1581
2013-11-26,1302,1589
2013-11-27,1299,1591
2013-11-28,1290,1590
2013-11-29,1296,1596
2013-12-02,1294,1613
2013-12-03,1315,1614
2013-12-04,1322,1624
2013-12-05,1367,1642
2013-12-06,1349,1658
2013-12-09,1343,1662
2013-12-10,1370,1653
2013-12-11,1373,1653
2013-12-12,1360,1659
2013-12-13,1349,1668
2013-12-16,1345,1669
2013-12-17,1297,1636
2013-12-18,1308,1615
2013-12-19,1337,1612
2013-12-20,1336,1599
2013-12-23,1331,1830
2013-12-24,1325,1795
2013-12-26,1316,1756
2013-12-27,1304,1720
2013-12-30,1310,1681
2013-12-31,1287,1676
2014-01-02,1164,1678
2014-01-03,1134,1644
2014-01-06,1134,1502
2014-01-07,1134,1483
2014-01-08,1094,1471
2014-01-09,1076,1466
2014-01-10,1063,1453
2014-01-13,1064,1411
2014-01-14,1060,1398
2014-01-15,1044,1391
2014-01-16,1077,1380
2014-01-17,1072,1363
2014-01-20,1070,1312
2014-01-21,1057,1301
2014-01-22,1025,1288
2014-01-23,991,1286
2014-01-24,987,1288
2014-01-27,991,1309
2014-01-28,991,1318
2014-01-29,1002,1315
2014-02-03,1003,1272
2014-02-04,1005,1267
2014-02-05,1014,1260
2014-02-06,1041,1253
2014-02-07,1049,1248
2014-02-10,1051,1246
2014-02-11,1054,1246
2014-02-12,1030,1244
2014-02-13,1025,1254
2014-02-14,1017,1272
2014-02-17,1025,1317
2014-02-18,1037,1327
2014-02-19,1045,1337
2014-02-20,1055,1341
2014-02-21,1052,1344
2014-02-24,1052,1354
2014-02-25,1042,1360
2014-02-26,1044,1358
2014-02-27,992,1349
2014-02-28,982,1333
2014-03-03,990,1323
2014-03-04,989,1309
2014-03-05,988,1296
2014-03-06,971,1292
2014-03-07,971,1291
2014-03-10,988,1289
2014-03-11,981,1291
2014-03-12,983,1293
2014-03-13,1012,1295
2014-03-14,1023,1298
2014-03-17,1041,1322
2014-03-18,1044,1329
2014-03-19,1044,1336
2014-03-20,1037,1344
2014-03-21,1037,1343
2014-03-24,1036,1336
2014-03-25,1036,1335
2014-03-26,1029,1331
2014-03-27,1007,1328
2014-03-28,1010,1326
2014-03-31,1009,1328
2014-04-01,1007,1330
2014-04-02,1011,1329
2014-04-03,1036,1312
2014-04-04,1042,1294
2014-04-07,1034,1303
2014-04-08,1034,1314
2014-04-09,1039,1327
2014-04-10,1071,1334
2014-04-11,1071,1345
2014-04-14,1080,1364
2014-04-15,1091,1363
2014-04-16,1114,1358
2014-04-17,1097,1352
2014-04-18,1101,1343
2014-04-21,1108,1335
2014-04-22,1113,1339
2014-04-23,1122,1349
2014-04-24,1186,1364
2014-04-25,1196,1378
2014-04-28,1192,1409
2014-04-29,1192,1416
2014-04-30,1194,1429
2014-05-02,1168,1440
2014-05-07,1182,1501
2014-05-08,1199,1521
2014-05-09,1193,1551
2014-05-12,1221,1606
2014-05-13,1218,1610
2014-05-14,1218,1656
2014-05-15,1255,1681
2014-05-16,1253,1694
2014-05-19,1273,1732
2014-05-20,1276,1706
2014-05-21,1270,1735
2014-05-22,1322,1763
2014-05-23,1327,1740
2014-05-26,1335,1746
2014-05-27,1334,1710
2014-05-28,1335,1704
2014-05-29,1348,1734
2014-05-30,1347,1737
2014-06-02,1342,1749
2014-06-03,1364,1748
2014-06-05,1452,1774
2014-06-09,1528,1710
2014-06-10,1509,1703
2014-06-11,1509,1677
2014-06-12,1449,1683
2014-06-13,1449,1700
2014-06-16,1470,1701
2014-06-17,1468,1702
2014-06-18,1446,1705
2014-06-19,1449,1707
2014-06-20,1442,1708
2014-06-23,1462,1702
2014-06-24,1460,1698
2014-06-25,1445,1697
2014-06-26,1358,1698
2014-06-27,1358,1705
2014-06-30,1361,1714
2014-07-01,1359,1710
2014-07-02,1359,1737
2014-07-03,1401,1760
2014-07-04,1415,1779
2014-07-07,1453,1835
2014-07-08,1434,1845
2014-07-09,1429,1854
2014-07-10,1462,1854
2014-07-11,1473,1847
2014-07-14,1430,1846
2014-07-15,1438,1842
2014-07-16,1450,1856
2014-07-17,1370,1854
2014-07-18,1360,1861
2014-07-21,1363,1907
2014-07-22,1380,1933
2014-07-23,1377,1955
2014-07-24,1434,1959
2014-07-25,1440,1974
2014-07-28,1447,2068
2014-07-29,1461,2100
2014-07-30,1484,2116
2014-07-31,1501,2123
2014-08-04,1513,2058
2014-08-05,1513,2024
2014-08-06,1509,2008
2014-08-07,1576,2091
2014-08-08,1594,2085
2014-08-11,1615,2347
2014-08-12,1607,2349
2014-08-13,1605,2309
2014-08-14,1483,2299
2014-08-18,1497,2144
2014-08-19,1476,2139
2014-08-20,1462,2196
2014-08-21,1544,2194
2014-08-22,1565,2155
2014-08-25,1540,2176
2014-08-26,1551,2208
2014-08-27,1551,2224
2014-08-28,1507,2237
2014-08-29,1486,2222
2014-09-01,1493,2182
2014-09-02,1487,2174
2014-09-03,1476,2175
2014-09-04,1569,2171
2014-09-05,1573,2166
2014-09-11,1600,2177
2014-09-12,1584,2170
2014-09-15,1591,2172
2014-09-17,1580,2198
2014-09-18,1582,2215
2014-09-19,1563,2199
2014-09-22,1549,2189
2014-09-23,1560,2179
2014-09-24,1609,2181
2014-09-25,1632,2204
2014-09-26,1604,2210
2014-09-29,1618,2272
2014-09-30,1627,2282
2014-10-01,1628,2292
2014-10-02,1625,2301
2014-10-06,1600,2350
2014-10-07,1556,2352
2014-10-08,1545,2333
2014-10-10,1527,2341
2014-10-13,1511,2338
2014-10-14,1509,2321
2014-10-15,1520,2301
2014-10-16,1453,2282
2014-10-17,1456,2273
2014-10-20,1474,2172
2014-10-21,1480,2123
2014-10-22,1469,2105
2014-10-23,1515,2095
2014-10-24,1509,2097
2014-10-27,1484,1996
2014-10-28,1496,1987
2014-10-29,1418,1983
2014-10-30,1354,2020
2014-10-31,1368,2011
2014-11-03,1379,1953
2014-11-04,1400,1926
2014-11-05,1332,1754
2014-11-06,1390,1734
2014-11-07,1393,1761
2014-11-10,1369,1665
2014-11-11,1356,1595
2014-11-12,1329,1625
2014-11-13,1264,1606
2014-11-14,1260,1701
2014-11-17,1233,1556
2014-11-18,1233,1544
2014-11-19,1233,1535
2014-11-20,1238,1573
2014-11-21,1223,1555
2014-11-24,1223,1529
2014-11-25,1234,1534
2014-11-26,1213,1539
2014-11-27,1208,1538
2014-11-28,1200,1535
2014-12-02,1200,1559
2014-12-03,1186,1570
2014-12-04,1263,1579
2014-12-05,1306,1594
2014-12-08,1336,1613
2014-12-09,1318,1608
2014-12-10,1331,1597
2014-12-11,1372,1593
2014-12-12,1371,1599
2014-12-15,1369,1660
2014-12-16,1381,1667
2014-12-17,1383,1622
2014-12-18,1355,1615
2014-12-19,1342,1490
2014-12-22,1343,1630
2014-12-23,1346,1622
2014-12-24,1339,1599
2014-12-26,1359,1608
2014-12-29,1354,1596
2014-12-30,1347,1585
2014-12-31,1302,1569
2015-01-02,1287,1561
2015-01-05,1287,1449
2015-01-06,1303,1432
2015-01-07,1277,1411
2015-01-08,1352,1407
2015-01-09,1333,1403
2015-01-12,1329,1352
2015-01-13,1329,1340
2015-01-14,1329,1326
2015-01-15,1262,1321
2015-01-16,1258,1314
2015-01-19,1253,1268
2015-01-20,1262,1254
2015-01-21,1254,1239
2015-01-22,1233,1222
2015-01-23,1241,1216
2015-01-26,1228,1221
2015-01-27,1212,1231
2015-01-28,1199,1241
2015-01-29,1203,1239
2015-01-30,1203,1251
2015-02-02,1210,1241
2015-02-03,1214,1238
2015-02-04,1213,1238
2015-02-05,1261,1239
2015-02-06,1256,1240
2015-02-09,1261,1231
2015-02-10,1248,1229
2015-02-11,1248,1226
2015-02-12,1204,1222
2015-02-13,1213,1227
2015-02-16,1204,1270
2015-02-17,1202,1282
2015-02-23,1205,1323
2015-02-24,1212,1325
2015-02-25,1229,1325
2015-02-26,1295,1320
2015-02-27,1300,1308
2015-03-02,1300,1281
2015-03-03,1297,1274
2015-03-04,1297,1260
2015-03-05,1288,1247
2015-03-06,1272,1245
2015-03-09,1286,1243
2015-03-10,1286,1246
2015-03-11,1275,1250
2015-03-12,1246,1252
2015-03-13,1241,1255
2015-03-16,1248,1283
2015-03-17,1253,1288
2015-03-18,1260,1297
2015-03-19,1257,1305
2015-03-20,1239,1310
2015-03-23,1261,1304
2015-03-24,1261,1300
2015-03-25,1250,1298
2015-03-26,1297,1295
2015-03-27,1283,1290
2015-03-30,1283,1287
2015-03-31,1286,1298
2015-04-01,1283,1307
2015-04-02,1303,1314
2015-04-03,1271,1314
2015-04-06,1283,1314
2015-04-07,1283,1325
2015-04-08,1283,1337
2015-04-09,1334,1348
2015-04-10,1338,1353
2015-04-13,1321,1378
2015-04-14,1317,1379
2015-04-15,1317,1380
2015-04-16,1354,1380
2015-04-17,1326,1380
2015-04-20,1334,1367
2015-04-21,1346,1371
2015-04-22,1344,1379
2015-04-23,1363,1389
2015-04-24,1342,1402
2015-04-27,1341,1432
2015-04-28,1341,1437
2015-04-29,1336,1440
2015-04-30,1332,1446
2015-05-04,1330,1471
2015-05-06,1341,1480
2015-05-07,1309,1493
2015-05-08,1318,1506
2015-05-11,1308,1588
2015-05-12,1322,1597
2015-05-13,1322,1618
2015-05-14,1322,1624
2015-05-15,1322,1631
2015-05-18,1374,1684
2015-05-19,1388,1684
2015-05-20,1385,1707
2015-05-21,1389,1746
2015-05-22,1386,1786
2015-05-26,1434,1740
2015-05-27,1438,1719
2015-05-28,1438,1711
2015-05-29,1466,1737
2015-06-01,1617,1740
2015-06-02,1744,1765
2015-06-03,1744,1780
2015-06-04,1789,1784
2015-06-05,1812,1796
2015-06-08,1794,1747
2015-06-09,1808,1727
2015-06-10,1808,1720
2015-06-11,1836,1692
2015-06-12,1839,1695
2015-06-15,1835,1719
2015-06-16,1835,1702
2015-06-17,1834,1704
2015-06-18,1797,1710
2015-06-19,1797,1709
2015-06-22,1838,1709
2015-06-23,1850,1706
2015-06-24,1844,1702
2015-06-25,1828,1699
2015-06-26,1830,1701
2015-06-29,1882,1707
2015-06-30,1888,1717
2015-07-01,1881,1716
2015-07-02,1837,1720
2015-07-03,1850,1730
2015-07-06,1957,1778
2015-07-07,1939,1793
2015-07-08,2033,1806
2015-07-09,2254,1820
2015-07-10,2249,1820
2015-07-13,2304,1821
2015-07-14,2286,1826
2015-07-15,2306,1825
2015-07-16,2455,1827
2015-07-17,2403,1824
2015-07-20,2404,1854
2015-07-21,2400,1878
2015-07-22,2380,1905
2015-07-23,2302,1931
2015-07-24,2302,1940
2015-07-27,2240,2014
2015-07-28,2244,2057
2015-07-29,2213,2091
2015-07-30,2133,2108
2015-07-31,2139,2115
2015-08-03,2133,2161
2015-08-04,2114,2092
2015-08-05,2114,2098
2015-08-06,2039,2111
2015-08-07,2035,2195
2015-08-10,2026,2468
2015-08-11,1992,2448
2015-08-12,1993,2450
2015-08-13,1855,2462
2015-08-17,1798,2300
2015-08-18,1793,2224
2015-08-19,1809,2195
2015-08-20,1876,2227
2015-08-21,1870,2229
2015-08-24,1870,2228
2015-08-25,1870,2237
2015-08-26,1883,2234
2015-08-27,1861,2241
2015-08-28,1858,2247
2015-08-31,1854,2193
2015-09-01,1832,2194
2015-09-02,1813,2198
2015-09-03,1774,2207
2015-09-04,1769,2212
2015-09-07,1785,2209
2015-09-08,1795,2213
2015-09-09,1777,2217
2015-09-10,1716,2233
2015-09-11,1687,2232
2015-09-14,1702,2248
2015-09-15,1679,2246
2015-09-16,1669,2254
2015-09-17,1597,2271
2015-09-18,1577,2286
2015-09-21,1504,2293
2015-09-22,1505,2262
2015-09-23,1512,2248
2015-09-24,1537,2256
2015-09-25,1518,2283
2015-09-30,1486,2387
2015-10-01,1496,2390
2015-10-02,1469,2398
2015-10-05,1472,2447
2015-10-06,1445,2445
2015-10-07,1451,2449
2015-10-08,1543,2439
2015-10-12,1538,2439
2015-10-13,1538,2465
2015-10-14,1449,2441
2015-10-15,1383,2405
2015-10-16,1349,2381
2015-10-19,1357,2251
2015-10-20,1359,2221
2015-10-21,1350,2171
2015-10-22,1356,2153
2015-10-23,1350,2146
2015-10-26,1362,2095
2015-10-27,1361,2136
2015-10-28,1361,2143
2015-10-29,1336,2132
2015-10-30,1330,2196
2015-11-02,1360,1800
2015-11-03,1354,1856
2015-11-04,1315,1831
2015-11-05,1360,1762
2015-11-06,1354,1751
2015-11-09,1353,1673
2015-11-10,1347,1722
2015-11-11,1340,1682
2015-11-12,1353,1693
2015-11-13,1343,1670
2015-11-16,1354,1724
2015-11-17,1354,1664
2015-11-18,1364,1521
2015-11-19,1340,1524
2015-11-20,1338,1550
2015-11-23,1354,1502
2015-11-24,1354,1528
2015-11-25,1359,1530
2015-11-26,1370,1534
2015-11-27,1370,1535
2015-11-30,1377,1545
2015-12-01,1387,1551
2015-12-02,1397,1558
2015-12-03,1408,1574
2015-12-07,1432,1631
2015-12-08,1432,1639
2015-12-09,1432,1658
2015-12-10,1360,1655
2015-12-11,1373,1693
2015-12-14,1375,1783
2015-12-15,1326,1785
2015-12-16,1333,1783
2015-12-17,1340,1578
2015-12-18,1333,1566
2015-12-21,1324,1517
2015-12-22,1331,1622
2015-12-23,1326,1611
2015-12-24,1351,1598
2015-12-28,1359,1564
2015-12-29,1355,1613
2015-12-30,1309,1630
2015-12-31,1306,1608
2016-01-04,1305,1544
2016-01-05,1315,1571
2016-01-06,1337,1549
2016-01-07,1279,1524
2016-01-08,1251,1529
2016-01-11,1270,1494
2016-01-12,1270,1470
2016-01-13,1269,1445
2016-01-14,1315,1420
2016-01-15,1315,1405
2016-01-18,1342,1358
2016-01-19,1336,1337
2016-01-20,1336,1320
2016-01-21,1336,1306
2016-01-22,1345,1291
2016-01-25,1424,1289
2016-01-26,1506,1292
2016-01-27,1542,1301
2016-01-28,1688,1309
2016-01-29,1752,1302
2016-02-01,1811,1310
2016-02-02,1900,1311
2016-02-03,1910,1307
2016-02-04,2126,1306
2016-02-05,2079,1305
2016-02-11,1985,1278
2016-02-12,1926,1272
2016-02-15,1905,1297
2016-02-16,1879,1312
2016-02-17,1879,1328
2016-02-18,1742,1341
2016-02-19,1739,1353
2016-02-22,1751,1358
2016-02-23,1744,1359
2016-02-24,1733,1364
2016-02-25,1721,1370
2016-02-26,1712,1370
2016-02-29,1729,1343
2016-03-02,1770,1331
2016-03-03,1827,1314
2016-03-04,1813,1292
2016-03-07,1813,1266
2016-03-08,1809,1261
2016-03-09,1825,1259
2016-03-10,1915,1263
2016-03-11,1928,1266
2016-03-14,1934,1272
2016-03-15,1918,1289
2016-03-16,1918,1307
2016-03-17,1931,1315
2016-03-18,1921,1325
2016-03-21,1915,1335
2016-03-22,1844,1333
2016-03-23,1892,1329
2016-03-24,1907,1326
2016-03-25,1901,1324
2016-03-28,1904,1317
2016-03-29,1909,1321
2016-03-30,1912,1326
2016-03-31,1921,1334
2016-04-01,1898,1341
2016-04-04,1908,1334
2016-04-05,1908,1337
2016-04-06,1928,1341
2016-04-07,1891,1351
2016-04-08,1881,1364
2016-04-11,1891,1387
2016-04-12,1957,1396
2016-04-14,2078,1400
2016-04-15,2114,1398
2016-04-18,2162,1395
2016-04-19,2181,1387
2016-04-20,2197,1383
2016-04-21,2197,1382
2016-04-22,2199,1385
2016-04-25,2208,1404
2016-04-26,2188,1410
2016-04-27,2174,1412
2016-04-28,2115,1393
2016-04-29,2104,1390
2016-05-02,2118,1395
2016-05-03,2098,1397
2016-05-04,2098,1401
2016-05-09,2197,1425
2016-05-10,2192,1431
2016-05-11,2192,1420
2016-05-12,2224,1411
2016-05-13,2219,1422
2016-05-16,2255,1451
2016-05-17,2227,1550
2016-05-18,2230,1559
2016-05-19,2211,1561
2016-05-20,2179,1574
2016-05-23,2185,1632
2016-05-24,2185,1589
2016-05-25,2185,1601
2016-05-26,2161,1604
2016-05-27,2152,1628
2016-05-30,2134,1689
2016-05-31,2092,1696
2016-06-01,2054,1699
2016-06-02,1991,1699
2016-06-03,1952,1722
2016-06-07,1971,1732
2016-06-08,1910,1714
2016-06-09,1862,1665
2016-06-10,1820,1649
2016-06-13,1815,1620
2016-06-14,1809,1610
2016-06-15,1820,1618
2016-06-16,1778,1613
2016-06-17,1737,1616
2016-06-20,1736,1615
2016-06-21,1746,1616
2016-06-22,1748,1615
2016-06-23,1753,1616
2016-06-24,1756,1615
2016-06-27,1756,1620
2016-06-28,1733,1622
2016-06-29,1743,1632
2016-06-30,1759,1634
2016-07-01,1755,1626
2016-07-04,1765,1647
2016-07-05,1801,1661
2016-07-06,1797,1676
2016-07-07,1826,1707
2016-07-08,1812,1729
2016-07-11,1801,1743
2016-07-12,1819,1745
2016-07-13,1826,1746
2016-07-14,1761,1759
2016-07-15,1761,1775
2016-07-18,1768,1805
2016-07-19,1752,1821
2016-07-20,1752,1838
2016-07-21,1791,1852
2016-07-22,1789,1870
2016-07-25,1802,1899
2016-07-26,1802,1932
2016-07-27,1831,1953
2016-07-28,1832,1975
2016-07-29,1839,2004
2016-08-01,1864,2032
2016-08-02,1846,2059
2016-08-03,1867,2073
2016-08-04,1840,1840
2016-08-05,1840,1851
2016-08-08,1828,1867
2016-08-09,1828,1723
2016-08-10,1858,2279
2016-08-11,1843,2163
2016-08-12,1847,2202
2016-08-16,1837,2066
2016-08-17,1867,2070
2016-08-18,1934,2079
2016-08-19,1963,2052
2016-08-22,1930,2060
2016-08-23,1997,2054
2016-08-24,1979,2062
2016-08-25,2000,2061
2016-08-26,2043,2054
2016-08-29,2254,2025
2016-08-30,2438,1982
2016-08-31,2597,1988
2016-09-01,2775,1985
2016-09-02,2747,1982
2016-09-05,2842,1990
2016-09-06,2966,1964
2016-09-07,2926,1949
2016-09-08,2945,1944
2016-09-09,2914,1947
2016-09-12,2962,1956
2016-09-13,3053,1957
2016-09-19,3085,1913
2016-09-20,2989,1930
2016-09-21,3030,1910
2016-09-22,3009,1863
2016-09-23,2962,1843
2016-09-26,2965,1838
2016-09-27,2976,1832
2016-09-28,2934,1832
2016-09-29,2947,1834
2016-09-30,2920,1820
2016-10-04,3028,1794
2016-10-05,3069,1789
2016-10-06,3166,1789
2016-10-07,3301,1772
2016-10-10,3392,1769
2016-10-11,3471,1768
2016-10-12,3464,1762
2016-10-13,3420,1782
2016-10-14,3365,1765
2016-10-17,3336,1709
2016-10-18,3435,1683
2016-10-19,3468,1662
2016-10-20,3452,1644
2016-10-21,3385,1646
2016-10-24,3360,1652
2016-10-25,3368,1648
2016-10-26,3374,1645
2016-10-27,3374,1663
2016-10-28,3374,1667
2016-10-31,3332,1579
2016-11-01,3140,1567
2016-11-02,3035,1560
2016-11-03,2785,1609
2016-11-04,2735,1618
2016-11-07,2692,1626
2016-11-08,2518,1515
2016-11-09,2514,1529
2016-11-10,2390,1519
2016-11-11,2405,1495
2016-11-14,2436,1358
2016-11-15,2433,1416
2016-11-16,2437,1401
2016-11-17,2383,1377
2016-11-18,2392,1358
2016-11-21,2401,1341
2016-11-22,2397,1344
2016-11-23,2406,1339
2016-11-24,2460,1335
2016-11-25,2430,1334
2016-11-28,2430,1329
2016-11-29,2430,1326
2016-11-30,2440,1323
2016-12-01,2418,1325
2016-12-05,2375,1383
2016-12-06,2358,1389
2016-12-07,2374,1396
2016-12-08,2431,1414
2016-12-09,2434,1438
2016-12-12,2438,1456
2016-12-13,2543,1483
2016-12-14,2550,1491
2016-12-15,2734,1505
2016-12-16,2772,1530
2016-12-19,2816,1379
2016-12-20,2916,1359
2016-12-21,2922,1359
2016-12-22,2941,1450
2016-12-23,2984,1449
2016-12-26,3001,1412
2016-12-27,3015,1395
2016-12-28,3012,1389
2016-12-29,2957,1417
2016-12-30,2926,1441
2017-01-02,3116,1445
2017-01-03,3085,1383
2017-01-04,3055,1334
2017-01-05,3085,1308
2017-01-06,3096,1303
2017-01-09,3072,1284
2017-01-10,3043,1276
2017-01-11,3022,1265
2017-01-12,2892,1257
2017-01-13,2775,1249
2017-01-16,2687,1233
2017-01-17,2666,1225
2017-01-18,2590,1222
2017-01-19,2560,1221
2017-01-20,2532,1223
2017-01-23,2600,1219
2017-01-24,2523,1220
2017-01-25,2502,1230
2017-01-26,2531,1251
2017-01-31,2501,1329
2017-02-01,2454,1320
2017-02-02,2471,1327
2017-02-03,2460,1307
2017-02-06,2407,1310
2017-02-07,2376,1310
2017-02-08,2376,1299
2017-02-09,2396,1303
2017-02-10,2396,1303
2017-02-13,2423,1301
2017-02-14,2373,1309
2017-02-15,2373,1320
2017-02-16,2317,1329
2017-02-17,2296,1332
2017-02-20,2299,1341
2017-02-21,2288,1345
2017-02-22,2290,1346
2017-02-23,2268,1346
2017-02-24,2268,1350
2017-02-27,2262,1351
2017-02-28,2262,1345
2017-03-02,2248,1345
2017-03-03,2248,1346
2017-03-06,2248,1328
2017-03-07,2255,1329
2017-03-08,2261,1329
2017-03-09,2258,1332
2017-03-10,2244,1326
2017-03-13,2249,1326
2017-03-14,2240,1327
2017-03-15,2240,1329
2017-03-16,2229,1334
2017-03-17,2217,1335
2017-03-20,2192,1349
2017-03-21,2169,1347
2017-03-22,2108,1345
2017-03-23,2098,1342
2017-03-24,2081,1343
2017-03-27,2100,1338
2017-03-28,2101,1337
2017-03-29,2114,1332
2017-03-30,2120,1330
2017-03-31,2126,1332
2017-04-03,2124,1321
2017-04-04,2124,1304
2017-04-05,2126,1301
2017-04-06,2112,1295
2017-04-07,2143,1295
2017-04-10,2153,1306
2017-04-11,2139,1321
2017-04-12,2135,1333
2017-04-13,2093,1340
2017-04-14,2079,1346
2017-04-17,2082,1360
2017-04-18,2062,1360
2017-04-19,2047,1357
2017-04-20,2017,1352
2017-04-21,1984,1355
2017-04-24,1966,1380
2017-04-25,1963,1395
2017-04-26,1958,1408
2017-04-27,1986,1413
2017-04-28,1958,1409
2017-05-02,1980,1417
2017-05-04,1964,1430
2017-05-08,1974,1463
2017-05-10,1981,1487
2017-05-11,2064,1484
2017-05-12,2072,1477
2017-05-15,1980,1520
2017-05-16,1976,1534
2017-05-17,1970,1608
2017-05-18,1948,1607
2017-05-19,1952,1588
2017-05-22,1880,1809
2017-05-23,1880,1707
2017-05-24,1880,1647
2017-05-25,1895,1698
2017-05-26,1883,1695
2017-05-29,1876,1797
2017-05-30,1879,1811
2017-05-31,1862,1808
2017-06-01,1804,1815
2017-06-02,1813,1816
2017-06-05,1820,1814
2017-06-07,1840,1825
2017-06-08,1829,1821
2017-06-09,1856,1783
2017-06-12,1871,1768
2017-06-13,1870,1763
2017-06-14,1870,1740
2017-06-15,1766,1772
2017-06-16,1741,1759
2017-06-19,1729,1751
2017-06-20,1752,1745
2017-06-21,1753,1746
2017-06-22,1777,1748
2017-06-23,1764,1753
2017-06-26,1774,1754
2017-06-27,1774,1761
2017-06-28,1763,1762
2017-06-29,1779,1772
2017-06-30,1779,1776
2017-07-03,1786,1781
2017-07-04,1797,1799
2017-07-05,1807,1816
2017-07-06,1805,1831
2017-07-07,1794,1860
2017-07-10,1784,1882
2017-07-11,1784,1873
2017-07-12,1789,1858
2017-07-13,1776,1846
2017-07-14,1770,1843
2017-07-17,1783,1829
2017-07-18,1817,1847
2017-07-19,1822,1842
2017-07-20,1949,1840
2017-07-21,1951,1835
2017-07-24,2119,1842
2017-07-25,2304,1846
2017-07-26,2435,1852
2017-07-27,2429,1856
2017-07-28,2397,1855
2017-07-31,2356,1856
2017-08-01,2362,1855
2017-08-02,2409,1850
2017-08-03,2546,1864
2017-08-04,2561,1857
2017-08-07,2745,1851
2017-08-08,2818,1849
2017-08-09,2753,1762
2017-08-10,2779,1758
2017-08-11,2888,1846
2017-08-14,2817,1768
2017-08-16,2798,1816
2017-08-17,2833,1824
2017-08-18,2843,1824
2017-08-21,2872,1837
2017-08-22,2894,1854
2017-08-23,2909,1855
2017-08-24,2917,1848
2017-08-25,2917,1854
2017-08-28,2925,1872
2017-08-29,2883,1880
2017-08-30,2883,1896
2017-08-31,2940,1909
2017-09-01,2940,1913
2017-09-04,2940,1906
2017-09-05,2948,1901
2017-09-06,2945,1902
2017-09-07,2940,1903
2017-09-08,2904,1901
2017-09-11,2862,1888
2017-09-12,2818,1880
2017-09-13,2780,1883
2017-09-14,2738,1890
2017-09-15,2691,1883
2017-09-18,2700,1872
2017-09-19,2685,1875
2017-09-20,2653,1886
2017-09-21,2657,1887
2017-09-22,2619,1890
2017-09-25,2565,1910
2017-09-26,2539,1918
2017-09-27,2517,1934
2017-09-28,2324,1945
2017-09-29,2327,1956
2017-10-10,2242,1987
2017-10-11,2160,1990
2017-10-12,2073,1984
2017-10-13,2053,1987
2017-10-16,1982,1914
2017-10-17,1966,1896
2017-10-18,1847,1870
2017-10-19,1773,1864
2017-10-20,1759,1861
2017-10-23,1667,1897
2017-10-24,1644,1911
2017-10-25,1623,1899
2017-10-26,1578,1898
2017-10-27,1524,1937
2017-10-30,1456,2116
2017-10-31,1428,1802
2017-11-01,1393,1689
2017-11-02,1350,1684
2017-11-03,1349,1868
2017-11-06,1356,1907
2017-11-07,1356,1885
2017-11-08,1347,1797
2017-11-09,1411,1817
2017-11-10,1411,1823
2017-11-13,1401,1772
2017-11-14,1404,1708
2017-11-15,1395,1753
2017-11-16,1393,1736
2017-11-17,1402,1720
2017-11-20,1400,1684
2017-11-21,1400,1668
2017-11-22,1400,1663
2017-11-23,1407,1656
2017-11-24,1407,1654
2017-11-27,1405,1656
2017-11-28,1405,1658
2017-11-29,1403,1662
2017-11-30,1420,1662
2017-12-04,1412,1694
2017-12-05,1412,1709
2017-12-06,1408,1712
2017-12-07,1408,1722
2017-12-08,1408,1744
2017-12-11,1413,1936
2017-12-12,1413,1955
2017-12-13,1413,2143
2017-12-14,1502,2164
2017-12-15,1513,2189
2017-12-18,1628,1947
2017-12-19,1620,1903
2017-12-20,1618,1906
2017-12-21,1626,1906
2017-12-22,1632,1875
2017-12-26,1645,1743
2017-12-27,1637,1720
2017-12-28,1568,1751
2017-12-29,1578,1649
2018-01-02,1581,1639
2018-01-03,1578,1538
2018-01-04,1695,1529
2018-01-05,1704,1556
2018-01-08,1694,1534
2018-01-09,1694,1521
2018-01-10,1694,1515
2018-01-11,1576,1510
2018-01-12,1569,1508
2018-01-15,1570,1492
2018-01-16,1565,1481
2018-01-17,1564,1465
2018-01-18,1581,1451
2018-01-19,1566,1444
2018-01-22,1589,1448
2018-01-23,1594,1444
2018-01-24,1583,1438
2018-01-25,1615,1447
2018-01-26,1618,1462
2018-01-29,1635,1512
2018-01-30,1651,1519
2018-01-31,1665,1506
2018-04-02,2636,1501
2018-04-03,2618,1493
2018-04-04,2575,1489
2018-04-05,2582,1485
2018-04-06,2514,1483
2018-04-09,2521,1488
2018-04-10,2527,1493
2018-04-11,2577,1508
2018-04-12,2494,1521
2018-04-13,2445,1527
2018-04-16,2463,1551
2018-04-17,2494,1550
2018-04-18,2523,1544
2018-04-19,2668,1537
2018-04-20,2672,1529
2018-04-23,2697,1523
2018-04-24,2669,1542
2018-04-25,2687,1547
2018-04-26,2752,1559
2018-04-27,2755,1561
2018-04-30,2782,1550
2018-05-02,2895,1551
2018-05-03,2988,1558
2018-05-04,3026,1563
2018-05-08,3011,1569
2018-05-09,3024,1576
2018-05-10,3024,1582
2018-05-11,3022,1569
2018-05-14,3021,1623
2018-05-15,3000,1623
2018-05-16,3008,1627
2018-05-17,3017,1691
2018-05-18,3004,1686
2018-05-21,2981,1804
2018-05-23,2921,1853
2018-05-24,2804,1792
2018-05-25,2700,1826
2018-05-28,2640,1876
2018-05-29,2640,1896
2018-05-30,2640,1904
2018-05-31,2616,1890
2018-06-01,2379,1889
2018-06-04,2345,1884
2018-06-05,2332,1883
2018-06-07,2318,1898
2018-06-08,2275,1902
2018-06-11,2284,1923
2018-06-12,2280,1906
2018-06-14,2233,1863
2018-06-15,2216,1841
2018-06-18,2242,1827
2018-06-19,2225,1823
2018-06-20,2167,1821
2018-06-21,2082,1817
2018-06-22,2052,1814
2018-06-25,2036,1803
2018-06-26,2011,1799
2018-06-27,2026,1793
2018-06-28,2047,1778
2018-06-29,2063,1778
2018-07-02,2073,1764
2018-07-03,2120,1762
2018-07-04,2126,1764
2018-07-05,2094,1771
2018-07-06,2061,1774
2018-07-09,2017,1794
2018-07-10,2053,1795
2018-07-11,2056,1790
2018-07-12,2072,1786
2018-07-13,2069,1784
2018-07-16,2092,1770
2018-07-17,2105,1764
2018-07-18,2140,1782
2018-07-19,2195,1781
2018-07-20,2208,1788
2018-07-23,2157,1824
2018-07-24,2195,1849
2018-07-25,2198,1866
2018-07-26,2365,1892
2018-07-27,2407,1899
2018-07-30,2772,1908
2018-07-31,2900,1910
2018-08-01,2951,1920
2018-08-02,3066,1935
2018-08-03,3050,1907
2018-08-06,3149,1873
2018-08-07,3273,1873
2018-08-08,3418,1866
2018-08-09,3632,1885
2018-08-10,3645,1919
2018-08-13,3687,1932
2018-08-14,3689,1905
2018-08-16,3639,1897
2018-08-17,3633,1909
2018-08-20,3626,1934
2018-08-21,3590,1944
2018-08-22,3546,1972
2018-08-23,3703,1982
2018-08-24,3894,1981
2018-08-27,4047,2015
2018-08-28,4033,2012
2018-08-29,3879,2022
2018-08-30,3896,2047
2018-08-31,3913,2069
2018-09-03,3880,2092
2018-09-04,3705,2077
2018-09-05,3688,2069
2018-09-06,3668,2070
2018-09-07,3653,2062
2018-09-10,3610,2064
2018-09-11,3675,2054
2018-09-12,3652,2042
2018-09-13,3543,2042
2018-09-14,3460,2043
2018-09-17,3503,2022
2018-09-18,3525,2009
2018-09-19,3491,2008
2018-09-20,3515,2014
2018-09-21,3558,2005
2018-09-27,3650,1991
2018-09-28,3607,1976
2018-10-01,3497,1938
2018-10-02,3407,1929
2018-10-04,3268,1926
2018-10-05,3133,1928
2018-10-08,3050,1944
2018-10-10,2964,1922
2018-10-11,2881,1901
2018-10-12,2828,1867
2018-10-15,2796,1783
2018-10-16,2789,1744
2018-10-17,2742,1704
2018-10-18,2617,1657
2018-10-19,2605,1655
2018-10-22,2556,1680
2018-10-23,2478,1687
2018-10-24,2502,1710
2018-10-25,2383,1648
2018-10-26,2364,1749
2018-10-29,2245,1756
2018-10-30,2151,1813
2018-10-31,2108,1701
2018-11-01,1953,1521
2018-11-02,1941,1505
2018-11-05,1866,1577
2018-11-06,1844,1577
2018-11-07,1832,1564
2018-11-08,1783,1556
2018-11-09,1740,1589
2018-11-12,1721,1588
2018-11-13,1700,1571
2018-11-14,1674,1528
2018-11-15,1604,1525
2018-11-16,1592,1516
2018-11-19,1588,1497
2018-11-20,1573,1484
2018-11-21,1573,1477
2018-11-22,1585,1479
2018-11-23,1585,1482
2018-11-26,1564,1486
2018-11-27,1563,1485
2018-11-28,1577,1484
2018-11-29,1535,1481
2018-11-30,1541,1480
2018-12-03,1526,1492
2018-12-04,1526,1499
2018-12-05,1524,1503
2018-12-06,1475,1505
2018-12-10,1496,1581
2018-12-11,1496,1670
2018-12-12,1496,1715
2018-12-13,1440,1823
2018-12-14,1440,2012
2018-12-17,1440,1895
2018-12-18,1511,1895
2018-12-19,1513,1870
2018-12-20,1516,1840
2018-12-21,1524,1850
2018-12-24,1521,1598
2018-12-26,1523,1594
2018-12-27,1492,1572
2018-12-28,1488,1610
2018-12-31,1498,1441
2019-01-02,1475,1440
2019-01-03,1459,1428
2019-01-04,1457,1426
2019-01-07,1456,1444
2019-01-08,1454,1438
2019-01-09,1454,1420
2019-01-10,1395,1411
2019-01-11,1393,1403
2019-01-14,1406,1381
2019-01-15,1393,1384
2019-01-16,1367,1384
2019-01-17,1429,1375
2019-01-18,1414,1375
2019-01-21,1413,1385
2019-01-22,1435,1389
2019-01-23,1415,1387
2019-01-24,1424,1382
2019-01-25,1421,1390
2019-01-28,1398,1449
2019-01-29,1386,1461
2019-01-30,1399,1473
2019-01-31,1409,1481
2019-02-01,1422,1495
2019-02-07,1400,1661
2019-02-08,1403,1698
2019-02-11,1412,1711
2019-02-12,1394,1693
2019-02-13,1394,1684
2019-02-14,1399,1677
2019-02-15,1399,1672
2019-02-18,1399,1654
2019-02-19,1386,1644
2019-02-20,1372,1636
2019-02-21,1293,1632
2019-02-22,1299,1631
2019-02-25,1318,1634
2019-02-26,1316,1639
2019-02-27,1326,1644
2019-02-28,1354,1647
2019-03-04,1346,1666
2019-03-05,1350,1669
2019-03-06,1344,1674
2019-03-07,1349,1677
2019-03-08,1339,1676
2019-03-11,1339,1673
2019-03-12,1342,1673
2019-03-13,1346,1671
2019-03-14,1345,1671
2019-03-15,1339,1665
2019-03-18,1327,1674
2019-03-19,1327,1674
2019-03-20,1327,1669
2019-03-21,1282,1653
2019-03-22,1272,1645
2019-03-25,1270,1638
2019-03-26,1252,1636
2019-03-27,1246,1635
2019-03-28,1330,1634
2019-03-29,1320,1633
2019-04-01,1326,1639
2019-04-02,1333,1641
2019-04-03,1337,1642
2019-04-04,1328,1642
2019-04-05,1329,1642
2019-04-08,1323,1653
2019-04-09,1318,1658
2019-04-10,1315,1662
2019-04-11,1330,1675
2019-04-12,1337,1693
2019-04-15,1342,1716
2019-04-16,1342,1727
2019-04-17,1348,1733
2019-04-18,1357,1732
2019-04-19,1364,1736
2019-04-22,1351,1758
2019-04-23,1348,1765
2019-04-24,1345,1766
2019-04-25,1295,1771
2019-04-26,1286,1773
2019-04-29,1313,1761
2019-04-30,1338,1762
2019-05-02,1482,1760
2019-05-03,1517,1767
2019-05-07,1504,1775
2019-05-08,1528,1785
2019-05-09,1549,1755
2019-05-10,1561,1727
2019-05-13,1576,1741
2019-05-14,1576,1783
2019-05-15,1594,1735
2019-05-16,1543,1973
2019-05-17,1543,1935
2019-05-20,1536,1992
2019-05-21,1639,1975
2019-05-22,1672,2036
2019-05-23,1682,2023
2019-05-24,1653,1885
2019-05-27,1682,1933
2019-05-28,1680,1937
2019-05-29,1675,1932
2019-05-30,1652,1880
2019-05-31,1675,1853
2019-06-03,1636,1846
2019-06-04,1621,1848
2019-06-05,1551,1834
2019-06-07,1560,1813
2019-06-10,1560,1811
2019-06-11,1560,1819
2019-06-12,1543,1820
2019-06-13,1677,1812
2019-06-14,1669,1785
2019-06-17,1666,1770
2019-06-18,1670,1770
2019-06-19,1669,1768
2019-06-20,1658,1764
2019-06-21,1658,1763
2019-06-24,1658,1747
2019-06-25,1658,1736
2019-06-26,1661,1722
2019-06-27,1623,1716
2019-06-28,1622,1698
2019-07-01,1625,1705
2019-07-02,1625,1712
2019-07-03,1625,1721
2019-07-04,1609,1728
2019-07-05,1609,1733
2019-07-08,1623,1755
2019-07-09,1623,1762
2019-07-10,1628,1761
2019-07-11,1630,1756
2019-07-12,1636,1756
2019-07-15,1622,1760
2019-07-16,1607,1759
2019-07-17,1599,1771
2019-07-18,1615,1801
2019-07-19,1615,1814
2019-07-22,1622,1865
2019-07-23,1630,1860
2019-07-24,1624,1883
2019-07-25,1562,1898
2019-07-26,1634,1903
2019-07-29,1599,1899
2019-07-30,1576,1908
2019-07-31,1572,1899
2019-08-01,1531,2311
2019-08-02,1533,2352
2019-08-05,1547,2194
2019-08-06,1526,2215
2019-08-07,1542,2224
2019-08-08,1570,2280
2019-08-09,1575,2158
2019-08-12,1567,2272
2019-08-13,1571,2145
2019-08-14,1565,2113
2019-08-16,1556,2108
2019-08-19,1546,2077
2019-08-20,1542,2094
2019-08-21,1553,2091
2019-08-22,1581,2115
2019-08-23,1589,2132
2019-08-26,1602,2176
2019-08-27,1602,2171
2019-08-28,1602,2161
2019-08-29,1660,2173
2019-08-30,1653,2196
2019-09-02,1665,2283
2019-09-03,1619,2262
2019-09-04,1654,2265
2019-09-05,1797,2265
2019-09-06,1856,2271
2019-09-09,1978,2263
2019-09-10,2021,2237
2019-09-11,2053,2218
2019-09-16,2171,2142
2019-09-17,2161,2152
2019-09-18,2164,2143
2019-09-19,1970,2146
2019-09-20,2020,2172
2019-09-23,2075,2184
2019-09-24,2063,2176
2019-09-25,2010,2178
2019-09-26,2026,2156
2019-09-27,2034,2175
2019-09-30,2068,2126
2019-10-01,2086,2129
2019-10-02,2177,2123
2019-10-04,2422,2124
2019-10-07,2567,2147
2019-10-08,2628,2169
2019-10-10,2777,2150
2019-10-11,2776,2125
2019-10-14,2791,2023
2019-10-15,2805,2000
2019-10-16,2818,1958
2019-10-17,2814,1924
2019-10-18,2813,1901
2019-10-21,2842,1902
2019-10-22,2842,1909
2019-10-23,2841,1904
2019-10-24,2869,1903
2019-10-25,2866,1768
2019-10-28,2858,1800
2019-10-29,2862,1851
2019-10-30,2858,1881
2019-10-31,2920,1824
2019-11-01,2838,1577
2019-11-04,2737,1530
2019-11-05,2726,1590
2019-11-06,2728,1587
2019-11-07,2736,1569
2019-11-08,2680,1574
2019-11-11,2620,1623
2019-11-12,2558,1609
2019-11-13,2562,1585
2019-11-14,2555,1555
2019-11-15,2535,1547
2019-11-18,2538,1527
2019-11-19,2503,1524
2019-11-20,2511,1523
2019-11-21,2508,1523
2019-11-22,2556,1524
2019-11-25,2533,1527
2019-11-26,2533,1529
2019-11-27,2522,1525
2019-11-28,2504,1521
2019-11-29,2504,1517
2019-12-02,2526,1522
2019-12-03,2546,1527
2019-12-04,2554,1531
2019-12-05,2556,1533
2019-12-09,2583,1575
2019-12-10,2678,1589
2019-12-11,2764,1680
2019-12-12,2866,1714
2019-12-13,2911,1750
2019-12-16,2972,2042
2019-12-17,2992,1861
2019-12-18,3021,1856
2019-12-19,3055,1854
2019-12-20,3049,1817
2019-12-23,3082,1609
2019-12-24,3073,1618
2019-12-26,3068,1596
2019-12-27,3022,1582
2019-12-30,2987,1480
2019-12-31,3023,1473
