date,avg_baechoo,avgY_baechoo
2015-01-02,1957,1904
2015-01-05,1957,3466
2015-01-06,1980,3481
2015-01-07,1957,2670
2015-01-08,1959,2607
2015-01-09,1936,2597
2015-01-12,1936,2382
2015-01-13,1928,2421
2015-01-14,1913,2479
2015-01-15,1907,2473
2015-01-16,1896,2473
2015-01-19,1896,2470
2015-01-20,1889,2490
2015-01-21,1875,2483
2015-01-22,1910,2388
2015-01-23,1910,2373
2015-01-26,1912,2314
2015-01-27,1912,2335
2015-01-28,1912,2382
2015-01-29,1911,2447
2015-01-30,1894,2597
2015-02-02,1920,2583
2015-02-03,1920,2402
2015-02-04,1920,2417
2015-02-05,1920,2441
2015-02-06,1910,2449
2015-02-09,1919,2487
2015-02-10,1914,2542
2015-02-11,1950,2538
2015-02-12,1884,2586
2015-02-13,1881,2604
2015-02-16,1923,2638
2015-02-17,1952,2604
2015-02-23,2094,2997
2015-02-24,2067,2989
2015-02-25,2079,3022
2015-02-26,2082,3072
2015-02-27,2115,3119
2015-03-02,2166,3154
2015-03-03,2174,3157
2015-03-04,2202,3171
2015-03-05,2216,3253
2015-03-06,2216,3341
2015-03-09,2258,3385
2015-03-10,2293,3388
2015-03-11,2271,3349
2015-03-12,2286,3354
2015-03-13,2308,3429
2015-03-16,2289,3386
2015-03-17,2280,3399
2015-03-18,2305,3443
2015-03-19,2310,3445
2015-03-20,2340,3445
2015-03-23,2371,3429
2015-03-24,2401,3417
2015-03-25,2401,3400
2015-03-26,2406,3398
2015-03-27,2415,3388
2015-03-30,2442,3373
2015-03-31,2480,3379
2015-04-01,2486,3335
2015-04-02,2509,3440
2015-04-03,2529,3506
2015-04-06,2546,3280
2015-04-07,2559,3260
2015-04-08,2568,3334
2015-04-09,2538,3353
2015-04-10,2538,3375
2015-04-13,2516,3498
2015-04-14,2565,3440
2015-04-15,2574,3433
2015-04-16,2617,3425
2015-04-17,2640,3476
2015-04-20,2697,3468
2015-04-21,2780,3312
2015-04-22,2795,3233
2015-04-23,2738,2977
2015-04-24,2719,2963
2015-04-27,2768,3137
2015-04-28,2779,3178
2015-04-29,2807,2902
2015-04-30,2715,2788
2015-05-04,2712,2697
2015-05-06,2913,2680
2015-05-07,2962,2698
2015-05-08,2972,2666
2015-05-11,2972,2626
2015-05-12,2855,2618
2015-05-13,2870,2393
2015-05-14,2870,2380
2015-05-15,2870,2380
2015-05-18,3034,2361
2015-05-19,3242,2412
2015-05-20,3342,2321
2015-05-21,3600,2345
2015-05-22,3653,2323
2015-05-26,3639,2252
2015-05-27,3655,2235
2015-05-28,3697,2231
2015-05-29,3742,2235
2015-06-01,3562,2169
2015-06-02,3475,2199
2015-06-03,3438,2146
2015-06-04,3422,2099
2015-06-05,3411,2075
2015-06-08,3397,2042
2015-06-09,3421,2064
2015-06-10,3405,2067
2015-06-11,3490,2088
2015-06-12,3502,2080
2015-06-15,3508,2075
2015-06-16,3408,2080
2015-06-17,3384,2107
2015-06-18,3387,2117
2015-06-19,3359,2124
2015-06-22,3327,2153
2015-06-23,3303,2154
2015-06-24,3303,2177
2015-06-25,3214,2196
2015-06-26,3140,2228
2015-06-29,3126,2310
2015-06-30,3022,2337
2015-07-01,3015,2355
2015-07-02,2989,2394
2015-07-03,2983,2416
2015-07-06,2987,2508
2015-07-07,2998,2524
2015-07-08,2932,2544
2015-07-09,2937,2537
2015-07-10,2937,2520
2015-07-13,2998,2564
2015-07-14,2941,2732
2015-07-15,2921,2736
2015-07-16,2921,2731
2015-07-17,2904,2788
2015-07-20,2895,2707
2015-07-21,2867,2820
2015-07-22,2837,2876
2015-07-23,2861,3018
2015-07-24,2812,3040
2015-07-27,2821,3257
2015-07-28,2798,3364
2015-07-29,2785,3439
2015-07-30,2720,3480
2015-07-31,2720,3196
2015-08-03,2723,3230
2015-08-04,2708,3218
2015-08-05,2715,3256
2015-08-06,2736,3281
2015-08-07,2712,3311
2015-08-10,2779,3412
2015-08-11,2778,3406
2015-08-12,2829,3407
2015-08-13,2750,3388
2015-08-17,2673,3508
2015-08-18,2728,3506
2015-08-19,2814,3434
2015-08-20,2882,3443
2015-08-21,2838,3473
2015-08-24,2881,3659
2015-08-25,2892,3670
2015-08-26,2901,3661
2015-08-27,2836,3679
2015-08-28,2817,3733
2015-08-31,2908,3862
2015-09-01,2887,3877
2015-09-02,2881,3917
2015-09-03,2865,3963
2015-09-04,2857,3987
2015-09-07,2888,3903
2015-09-08,2870,3952
2015-09-09,2846,3951
2015-09-10,2765,3957
2015-09-11,2795,3940
2015-09-14,2810,4032
2015-09-15,2760,4070
2015-09-16,2733,4105
2015-09-17,2699,4151
2015-09-18,2706,4155
2015-09-21,2740,4253
2015-09-22,2687,4314
2015-09-23,2703,4243
2015-09-24,2691,4212
2015-09-25,2697,4236
2015-09-30,2783,4284
2015-10-01,2770,4202
2015-10-02,2748,4154
2015-10-05,2788,3911
2015-10-06,2732,3889
2015-10-07,2717,3828
2015-10-08,2732,3699
2015-10-12,2727,3416
2015-10-13,2675,3387
2015-10-14,2640,3335
2015-10-15,2617,3228
2015-10-16,2596,3167
2015-10-19,2592,2985
2015-10-20,2569,2957
2015-10-21,2501,2885
2015-10-22,2453,2839
2015-10-23,2398,2813
2015-10-26,2370,2889
2015-10-27,2340,2891
2015-10-28,2328,2890
2015-10-29,2356,2859
2015-10-30,2326,2848
2015-11-02,2317,2592
2015-11-03,2297,2591
2015-11-04,2310,2590
2015-11-05,2221,2569
2015-11-06,2210,2543
2015-11-09,2200,2320
2015-11-10,2207,2384
2015-11-11,2174,2306
2015-11-12,1919,2341
2015-11-13,1875,2275
2015-11-16,1949,2179
2015-11-17,1991,2177
2015-11-18,2042,1897
2015-11-19,2020,1890
2015-11-20,2020,1944
2015-11-23,2058,1935
2015-11-24,2164,1959
2015-11-25,2174,1954
2015-11-26,2134,1974
2015-11-27,2213,2026
2015-11-30,2232,2022
2015-12-01,2211,2016
2015-12-02,2183,2014
2015-12-03,2240,2007
2015-12-07,2221,2049
2015-12-08,2221,2075
2015-12-09,2221,2106
2015-12-10,2247,2141
2015-12-11,2202,2166
2015-12-14,2175,2233
2015-12-15,2178,2280
2015-12-16,2157,2308
2015-12-17,2129,2285
2015-12-18,2148,2301
2015-12-21,2123,2242
2015-12-22,2125,2284
2015-12-23,2127,2286
2015-12-24,2147,2296
2015-12-28,2160,2308
2015-12-29,2202,2306
2015-12-30,2202,2066
2015-12-31,2183,1991
2016-01-04,2215,2889
2016-01-05,2266,3692
2016-01-06,2269,3703
2016-01-07,2271,2728
2016-01-08,2242,2651
2016-01-11,2307,2239
2016-01-12,2307,2205
2016-01-13,2318,2243
2016-01-14,2280,2299
2016-01-15,2280,2273
2016-01-18,2299,2264
2016-01-19,2313,2277
2016-01-20,2354,2301
2016-01-21,2440,2292
2016-01-22,2448,2269
2016-01-25,2476,2274
2016-01-26,2598,2170
2016-01-27,2715,2176
2016-01-28,2730,2230
2016-01-29,2777,2312
2016-02-01,2881,2454
2016-02-02,2908,2454
2016-02-03,2914,2371
2016-02-04,2966,2374
2016-02-05,3026,2369
2016-02-11,3003,2408
2016-02-12,3003,2449
2016-02-15,3033,2470
2016-02-16,3047,2491
2016-02-17,3078,2450
2016-02-18,3124,2401
2016-02-19,3124,2382
2016-02-22,3160,2718
2016-02-23,3160,2760
2016-02-24,3145,2764
2016-02-25,3147,2790
2016-02-26,3147,2818
2016-02-29,3169,2566
2016-03-02,3530,2894
2016-03-03,3672,2868
2016-03-04,3711,2870
2016-03-07,3741,3034
2016-03-08,3806,3032
2016-03-09,3878,3034
2016-03-10,3930,3035
2016-03-11,3924,3001
2016-03-14,3808,3078
2016-03-15,3821,3078
2016-03-16,3821,3027
2016-03-17,3803,3003
2016-03-18,3851,3006
2016-03-21,3985,2994
2016-03-22,3905,3010
2016-03-23,3995,3016
2016-03-24,4063,2979
2016-03-25,4030,2962
2016-03-28,4059,2922
2016-03-29,4103,2921
2016-03-30,4088,2908
2016-03-31,4196,2908
2016-04-01,4117,2911
2016-04-04,4231,3021
2016-04-05,4228,2893
2016-04-06,4191,2829
2016-04-07,4303,2809
2016-04-08,4451,2830
2016-04-11,4462,2854
2016-04-12,4462,2849
2016-04-14,4554,2895
2016-04-15,4505,2891
2016-04-18,4705,2964
2016-04-19,4875,2965
2016-04-20,4751,2924
2016-04-21,4733,2879
2016-04-22,4675,2825
2016-04-25,4612,2662
2016-04-26,4593,2807
2016-04-27,4504,2803
2016-04-28,4458,2763
2016-04-29,4426,2568
2016-05-02,4024,2637
2016-05-03,3999,2605
2016-05-04,3974,2535
2016-05-09,4009,2411
2016-05-10,3987,2383
2016-05-11,3994,2383
2016-05-12,3994,2364
2016-05-13,3987,2392
2016-05-16,3988,2431
2016-05-17,3999,2405
2016-05-18,3999,2423
2016-05-19,3810,2469
2016-05-20,3800,2449
2016-05-23,3793,2527
2016-05-24,3793,2478
2016-05-25,3793,2459
2016-05-26,3891,2457
2016-05-27,3854,2454
2016-05-30,3788,2331
2016-05-31,3701,2301
2016-06-01,3588,2305
2016-06-02,3499,2331
2016-06-03,3401,2286
2016-06-07,3397,2206
2016-06-08,3353,2197
2016-06-09,3072,2189
2016-06-10,3023,2191
2016-06-13,2931,2215
2016-06-14,2860,2205
2016-06-15,2874,2207
2016-06-16,2792,2200
2016-06-17,2713,2229
2016-06-20,2724,2246
2016-06-21,2751,2249
2016-06-22,2762,2254
2016-06-23,2754,2251
2016-06-24,2799,2262
2016-06-27,2833,2326
2016-06-28,2825,2362
2016-06-29,2825,2373
2016-06-30,2777,2397
2016-07-01,2752,2405
2016-07-04,2832,2471
2016-07-05,2860,2498
2016-07-06,2899,2504
2016-07-07,2933,2499
2016-07-08,2950,2503
2016-07-11,3032,2468
2016-07-12,3068,2485
2016-07-13,3115,2506
2016-07-14,3191,2645
2016-07-15,3214,2637
2016-07-18,3299,2696
2016-07-19,3351,2716
2016-07-20,3416,2647
2016-07-21,3354,2712
2016-07-22,3341,2790
2016-07-25,3322,2898
2016-07-26,3344,2946
2016-07-27,3362,2985
2016-07-28,3383,3028
2016-07-29,3388,3066
2016-08-01,3487,3027
2016-08-02,3569,3020
2016-08-03,3689,3000
2016-08-04,3760,2980
2016-08-05,3822,3014
2016-08-08,3957,3179
2016-08-09,4064,3215
2016-08-10,4043,3273
2016-08-11,4061,3214
2016-08-12,4090,3197
2016-08-16,4120,3232
2016-08-17,4291,3254
2016-08-18,4520,3216
2016-08-19,4746,3157
2016-08-22,5334,3207
2016-08-23,5472,3240
2016-08-24,5958,3288
2016-08-25,6258,3362
2016-08-26,6384,3373
2016-08-29,6708,3425
2016-08-30,7175,3546
2016-08-31,7641,3591
2016-09-01,7754,3607
2016-09-02,7872,3607
2016-09-05,7892,3604
2016-09-06,8035,3586
2016-09-07,8186,3516
2016-09-08,8081,3551
2016-09-09,8128,3543
2016-09-12,7545,3533
2016-09-13,7845,3505
2016-09-19,8443,3539
2016-09-20,8088,3518
2016-09-21,7940,3522
2016-09-22,7694,3501
2016-09-23,7643,3447
2016-09-26,7532,3373
2016-09-27,7846,3326
2016-09-28,7805,3316
2016-09-29,7788,3307
2016-09-30,7719,3287
2016-10-04,7304,3214
2016-10-05,6912,3227
2016-10-06,6759,3241
2016-10-07,6657,3178
2016-10-10,6470,3033
2016-10-11,6047,2955
2016-10-12,5738,2911
2016-10-13,5340,2927
2016-10-14,5107,2903
2016-10-17,4753,2747
2016-10-18,4685,2718
2016-10-19,4481,2695
2016-10-20,4241,2686
2016-10-21,4179,2651
2016-10-24,4011,2671
2016-10-25,3911,2685
2016-10-26,3792,2688
2016-10-27,3723,2673
2016-10-28,3592,2661
2016-10-31,3552,2496
2016-11-01,3419,2488
2016-11-02,3422,2451
2016-11-03,3233,2449
2016-11-04,3218,2459
2016-11-07,3270,2413
2016-11-08,3255,2263
2016-11-09,3281,2238
2016-11-10,3233,2220
2016-11-11,3263,2167
2016-11-14,3435,1860
2016-11-15,3567,1810
2016-11-16,3561,1766
2016-11-17,3440,1760
2016-11-18,3630,1746
2016-11-21,3709,1731
2016-11-22,3790,1731
2016-11-23,3762,1733
2016-11-24,3712,1747
2016-11-25,3725,1742
2016-11-28,3725,1775
2016-11-29,3725,1780
2016-11-30,3838,1814
2016-12-01,3927,1815
2016-12-05,3951,1823
2016-12-06,3959,1814
2016-12-07,3978,1834
2016-12-08,4057,1842
2016-12-09,4111,1863
2016-12-12,4044,1911
2016-12-13,4077,1928
2016-12-14,4058,1961
2016-12-15,4077,1977
2016-12-16,4093,1996
2016-12-19,4089,1975
2016-12-20,4119,1946
2016-12-21,4145,1944
2016-12-22,4169,1997
2016-12-23,4163,2002
2016-12-26,4206,2022
2016-12-27,4226,2004
2016-12-28,4200,1979
2016-12-29,4224,2012
2016-12-30,4219,2006
2017-01-02,4382,1828
2017-01-03,4355,2081
2017-01-04,4380,2870
2017-01-05,4379,3248
2017-01-06,4354,2893
2017-01-09,4279,2033
2017-01-10,4279,2013
2017-01-11,4279,2000
2017-01-12,4279,1999
2017-01-13,4108,1992
2017-01-16,4108,1958
2017-01-17,4108,1954
2017-01-18,4092,1947
2017-01-19,4092,1959
2017-01-20,4092,1977
2017-01-23,4019,1992
2017-01-24,3987,1987
2017-01-25,3987,1985
2017-01-26,3987,2001
2017-01-31,4008,2140
2017-02-01,3980,2145
2017-02-02,3990,2163
2017-02-03,3990,2095
2017-02-06,3990,2118
2017-02-07,4001,2127
2017-02-08,4001,2130
2017-02-09,4010,2142
2017-02-10,4010,2162
2017-02-13,4038,2164
2017-02-14,4010,2157
2017-02-15,4010,2166
2017-02-16,4010,2173
2017-02-17,4010,2192
2017-02-20,4010,2405
2017-02-21,4010,2452
2017-02-22,4010,2461
2017-02-23,4010,2481
2017-02-24,4010,2494
2017-02-27,4010,2600
2017-02-28,4018,2589
2017-03-02,4018,2688
2017-03-03,4002,2755
2017-03-06,4002,2879
2017-03-07,4002,2923
2017-03-08,4002,2940
2017-03-09,4002,2963
2017-03-10,4002,2984
2017-03-13,4002,3035
2017-03-14,4089,3000
2017-03-15,4089,3017
2017-03-16,3986,3041
2017-03-17,3986,3041
2017-03-20,3942,3113
2017-03-21,3942,3075
2017-03-22,3942,3099
2017-03-23,3942,3106
2017-03-24,3938,3108
2017-03-27,3930,3072
2017-03-28,3953,3034
2017-03-29,3917,3018
2017-03-30,3927,3014
2017-03-31,3918,3021
2017-04-03,3918,3101
2017-04-04,3918,3089
2017-04-05,3895,2986
2017-04-06,3881,2966
2017-04-07,3881,2938
2017-04-10,3881,2999
2017-04-11,3881,3004
2017-04-12,3803,2998
2017-04-13,3830,3063
2017-04-14,3790,2986
2017-04-17,3829,3061
2017-04-18,3714,3085
2017-04-19,3701,3103
2017-04-20,3648,3075
2017-04-21,3681,3073
2017-04-24,3612,3168
2017-04-25,3607,3196
2017-04-26,3601,3224
2017-04-27,3627,3281
2017-04-28,3649,3228
2017-05-02,2987,3083
2017-05-04,2809,3082
2017-05-08,2807,3045
2017-05-10,2782,2998
2017-05-11,2171,3044
2017-05-12,2163,3006
2017-05-15,2127,3023
2017-05-16,2096,3025
2017-05-17,2133,2944
2017-05-18,2060,2948
2017-05-19,2005,2985
2017-05-22,1974,2980
2017-05-23,1974,2982
2017-05-24,1974,2933
2017-05-25,2087,2920
2017-05-26,2096,2909
2017-05-29,2093,2874
2017-05-30,2086,2844
2017-05-31,2105,2795
2017-06-01,2004,2759
2017-06-02,1995,2723
2017-06-05,2010,2681
2017-06-07,2050,2662
2017-06-08,2181,2632
2017-06-09,2272,2596
2017-06-12,2289,2563
2017-06-13,2283,2541
2017-06-14,2275,2505
2017-06-15,2255,2489
2017-06-16,2247,2476
2017-06-19,2251,2479
2017-06-20,2247,2486
2017-06-21,2252,2489
2017-06-22,2267,2490
2017-06-23,2259,2491
2017-06-26,2285,2533
2017-06-27,2284,2553
2017-06-28,2256,2578
2017-06-29,2301,2597
2017-06-30,2285,2616
2017-07-03,2356,2647
2017-07-04,2394,2650
2017-07-05,2482,2682
2017-07-06,2594,2696
2017-07-07,2570,2710
2017-07-10,2539,2716
2017-07-11,2588,2713
2017-07-12,2810,2714
2017-07-13,3051,2717
2017-07-14,3199,2714
2017-07-17,3414,2748
2017-07-18,3709,2767
2017-07-19,3879,2768
2017-07-20,4052,2781
2017-07-21,4217,2812
2017-07-24,4381,3028
2017-07-25,4891,3067
2017-07-26,5055,3108
2017-07-27,5376,3117
2017-07-28,5293,3088
2017-07-31,5274,2948
2017-08-01,5481,3015
2017-08-02,5409,3021
2017-08-03,5438,3030
2017-08-04,5401,3025
2017-08-07,5478,3210
2017-08-08,5420,3265
2017-08-09,5329,3299
2017-08-10,5273,3363
2017-08-11,5426,3295
2017-08-14,5450,3288
2017-08-16,5781,3328
2017-08-17,5924,3347
2017-08-18,6024,3315
2017-08-21,6535,3379
2017-08-22,6576,3395
2017-08-23,6677,3419
2017-08-24,6743,3490
2017-08-25,6600,3588
2017-08-28,6768,3717
2017-08-29,6800,3702
2017-08-30,6868,3759
2017-08-31,6875,3821
2017-09-01,6958,3858
2017-09-04,7125,3875
2017-09-05,6741,3849
2017-09-06,6928,3844
2017-09-07,6775,3814
2017-09-08,6770,3851
2017-09-11,6740,3816
2017-09-12,6804,3815
2017-09-13,6686,3776
2017-09-14,6655,3839
2017-09-15,6472,3807
2017-09-18,6423,3790
2017-09-19,6316,3810
2017-09-20,6288,3804
2017-09-21,6281,3820
2017-09-22,6209,3816
2017-09-25,6174,3848
2017-09-26,6190,3815
2017-09-27,6184,3828
2017-09-28,6026,3823
2017-09-29,5969,3820
2017-10-10,5754,3515
2017-10-11,5403,3390
2017-10-12,4986,3310
2017-10-13,4638,3326
2017-10-16,4286,3148
2017-10-17,3980,3076
2017-10-18,3792,3004
2017-10-19,3398,2962
2017-10-20,3243,2953
2017-10-23,3140,2853
2017-10-24,3104,3002
2017-10-25,3094,3020
2017-10-26,2974,2957
2017-10-27,3061,2954
2017-10-30,2809,3002
2017-10-31,2754,2703
2017-11-01,2643,2637
2017-11-02,2680,2584
2017-11-03,2587,2654
2017-11-06,2640,2679
2017-11-07,2625,2626
2017-11-08,2624,2452
2017-11-09,2576,2450
2017-11-10,2597,2421
2017-11-13,2621,2436
2017-11-14,2646,2172
2017-11-15,2591,2111
2017-11-16,2414,2099
2017-11-17,2384,2119
2017-11-20,2445,2125
2017-11-21,2461,2125
2017-11-22,2434,2136
2017-11-23,2599,2144
2017-11-24,2622,2169
2017-11-27,2686,2273
2017-11-28,2708,2253
2017-11-29,2727,2255
2017-11-30,2727,2281
2017-12-04,2677,2384
2017-12-05,2670,2397
2017-12-06,2657,2367
2017-12-07,2653,2395
2017-12-08,2688,2430
2017-12-11,2637,2539
2017-12-12,2637,2577
2017-12-13,2637,2558
2017-12-14,2635,2588
2017-12-15,2635,2625
2017-12-18,2743,2668
2017-12-19,2765,2660
2017-12-20,2788,2640
2017-12-21,2788,2589
2017-12-22,2800,2595
2017-12-26,2823,3037
2017-12-27,2865,3038
2017-12-28,2884,3082
2017-12-29,2901,3086
2018-01-02,2905,3164
2018-01-03,2927,3056
2018-01-04,2940,3165
2018-01-05,2960,3494
2018-01-08,3024,3138
2018-01-09,2967,2882
2018-01-10,2952,2735
2018-01-11,2961,2730
2018-01-12,2981,2675
2018-01-15,3053,2634
2018-01-16,3071,2626
2018-01-17,3076,2609
2018-01-18,3055,2588
2018-01-19,3069,2591
2018-01-22,3083,2610
2018-01-23,3179,2609
2018-01-24,3155,2601
2018-01-25,3115,2630
2018-01-26,3115,2645
2018-01-29,3176,2706
2018-01-30,3363,2705
2018-01-31,3471,2708
2018-02-01,3749,2713
2018-02-02,3837,2749
2018-02-05,4052,2783
2018-02-06,4261,2805
2018-02-07,4181,2818
2018-02-08,4307,2822
2018-02-09,4307,2828
2018-02-12,4576,2934
2018-02-13,4512,2956
2018-02-14,4479,2898
2018-02-19,4527,2990
2018-02-20,4359,2982
2018-02-21,4301,2972
2018-02-22,4302,2963
2018-02-23,4306,2952
2018-02-26,4241,2978
2018-02-27,4277,3025
2018-02-28,4280,3031
2018-03-02,4283,3109
2018-03-05,4303,3254
2018-03-06,4311,3256
2018-03-07,4295,3262
2018-03-08,4269,3241
2018-03-09,4322,3259
2018-03-12,4347,3246
2018-03-13,4314,3303
2018-03-14,4281,3212
2018-03-15,4297,3207
2018-03-16,4289,3215
2018-03-19,4260,3308
2018-03-20,4254,3309
2018-03-21,4273,3229
2018-03-22,4273,3244
2018-03-23,4241,3252
2018-03-26,4251,3242
2018-03-27,4290,3202
2018-03-28,4307,3185
2018-03-29,4291,3175
2018-03-30,4299,3182
2018-04-02,4321,3322
2018-04-03,4306,3347
2018-04-04,4306,3336
2018-04-05,4333,3262
2018-04-06,4333,3280
2018-04-09,4321,3364
2018-04-10,4317,3366
2018-04-11,4317,3374
2018-04-12,4334,3369
2018-04-13,4309,3373
2018-04-16,4270,3289
2018-04-17,4270,3332
2018-04-18,4284,3320
2018-04-19,4259,3291
2018-04-20,4292,3263
2018-04-23,4282,3363
2018-04-24,4360,3344
2018-04-25,4379,3312
2018-04-26,4299,3316
2018-04-27,4299,3347
2018-04-30,4309,3225
2018-05-02,4240,3234
2018-05-03,4240,3286
2018-05-04,4240,3250
2018-05-08,3457,2914
2018-05-09,3417,2844
2018-05-10,3399,2829
2018-05-11,3345,2826
2018-05-14,3312,2754
2018-05-15,3252,2783
2018-05-16,3215,2787
2018-05-17,3018,2713
2018-05-18,3024,2697
2018-05-21,2807,2725
2018-05-23,2789,2776
2018-05-24,2866,2742
2018-05-25,2851,2744
2018-05-28,2797,2581
2018-05-29,2797,2683
2018-05-30,2797,2643
2018-05-31,2685,2596
2018-06-01,2688,2562
2018-06-04,2653,2519
2018-06-05,2611,2529
2018-06-07,2691,2531
2018-06-08,2691,2530
2018-06-11,2676,2525
2018-06-12,2679,2528
2018-06-14,2707,2487
2018-06-15,2708,2473
2018-06-18,2747,2457
2018-06-19,2745,2468
2018-06-20,2757,2472
2018-06-21,2718,2472
2018-06-22,2686,2469
2018-06-25,2714,2472
2018-06-26,2773,2480
2018-06-27,2896,2489
2018-06-28,2919,2495
2018-06-29,2934,2490
2018-07-02,2986,2518
2018-07-03,2990,2515
2018-07-04,3004,2552
2018-07-05,3060,2570
2018-07-06,3015,2583
2018-07-09,3122,2616
2018-07-10,3235,2635
2018-07-11,3355,2680
2018-07-12,3498,2714
2018-07-13,3499,2751
2018-07-16,3605,2812
2018-07-17,3706,2845
2018-07-18,3771,2904
2018-07-19,3930,2998
2018-07-20,3960,3024
2018-07-23,4448,3248
2018-07-24,4524,3288
2018-07-25,4680,3356
2018-07-26,4788,3552
2018-07-27,4909,3601
2018-07-30,5030,3552
2018-07-31,5257,3474
2018-08-01,5404,3410
2018-08-02,5605,3348
2018-08-03,5719,3437
2018-08-06,5770,3756
2018-08-07,5770,3697
2018-08-08,5864,3741
2018-08-09,6010,3779
2018-08-10,6051,3866
2018-08-13,6066,3796
2018-08-14,6217,3796
2018-08-16,6310,3843
2018-08-17,6522,3878
2018-08-20,6986,3987
2018-08-21,7164,4035
2018-08-22,7320,4123
2018-08-23,7522,4191
2018-08-24,7661,4219
2018-08-27,8245,4494
2018-08-28,8311,4665
2018-08-29,8248,4767
2018-08-30,8299,4730
2018-08-31,8201,4778
2018-09-03,8079,4782
2018-09-04,7121,4719
2018-09-05,6926,4718
2018-09-06,6917,4696
2018-09-07,6807,4681
2018-09-10,6579,4656
2018-09-11,6544,4618
2018-09-12,6334,4622
2018-09-13,6217,4697
2018-09-14,6209,4695
2018-09-17,6149,4633
2018-09-18,6027,4574
2018-09-19,6012,4547
2018-09-20,5920,4523
2018-09-21,5935,4510
2018-09-27,5875,4405
2018-09-28,5617,4350
2018-10-01,5321,4302
2018-10-02,4897,4260
2018-10-04,4559,4181
2018-10-05,4400,4144
2018-10-08,4464,3992
2018-10-10,4387,3830
2018-10-11,4194,3603
2018-10-12,4151,3451
2018-10-15,4001,3215
2018-10-16,3864,3101
2018-10-17,3779,2945
2018-10-18,3736,2820
2018-10-19,3663,2627
2018-10-22,3618,2547
2018-10-23,3587,2537
2018-10-24,3570,2703
2018-10-25,3501,2774
2018-10-26,3451,2721
2018-10-29,3382,2671
2018-10-30,3360,2700
2018-10-31,3399,2492
2018-11-01,3368,2412
2018-11-02,3290,2366
2018-11-05,3153,2393
2018-11-06,3171,2375
2018-11-07,3149,2313
2018-11-08,3112,2162
2018-11-09,3107,2060
2018-11-12,3092,2132
2018-11-13,3127,2116
2018-11-14,3045,2030
2018-11-15,3003,1952
2018-11-16,3000,1933
2018-11-19,3008,1959
2018-11-20,3003,1976
2018-11-21,2995,1978
2018-11-22,2981,1993
2018-11-23,2966,2016
2018-11-26,2966,2166
2018-11-27,2956,2179
2018-11-28,3004,2171
2018-11-29,2933,2172
2018-11-30,2916,2184
2018-12-03,2873,2243
2018-12-04,2826,2284
2018-12-05,2796,2310
2018-12-06,2773,2266
2018-12-10,2805,2366
2018-12-11,2805,2366
2018-12-12,2805,2395
2018-12-13,2799,2332
2018-12-14,2816,2334
2018-12-17,2816,2385
2018-12-18,2850,2387
2018-12-19,2865,2374
2018-12-20,2838,2366
2018-12-21,2798,2341
2018-12-24,2789,2917
2018-12-26,2796,2913
2018-12-27,2796,2929
2018-12-28,2796,2995
2018-12-31,2796,3118
2019-01-02,2722,3122
2019-01-03,2709,3123
2019-01-04,2709,3004
2019-01-07,2748,3180
2019-01-08,2772,2978
2019-01-09,2748,2622
2019-01-10,2756,2499
2019-01-11,2756,2498
2019-01-14,2693,2427
2019-01-15,2692,2405
2019-01-16,2631,2399
2019-01-17,2598,2400
2019-01-18,2578,2397
2019-01-21,2554,2420
2019-01-22,2550,2431
2019-01-23,2550,2439
2019-01-24,2517,2438
2019-01-25,2503,2473
2019-01-28,2413,2534
2019-01-29,2498,2559
2019-01-30,2498,2567
2019-01-31,2577,2589
2019-02-01,2572,2626
2019-02-07,2665,2800
2019-02-08,2640,2809
2019-02-11,2584,2898
2019-02-12,2584,2903
2019-02-13,2589,2935
2019-02-14,2508,2864
2019-02-15,2508,2863
2019-02-18,2444,2954
2019-02-19,2429,2971
2019-02-20,2386,2968
2019-02-21,2367,2962
2019-02-22,2343,2955
2019-02-25,2322,2927
2019-02-26,2322,2989
2019-02-27,2327,3035
2019-02-28,2304,3041
2019-03-04,2347,3235
2019-03-05,2313,3249
2019-03-06,2313,3249
2019-03-07,2308,3255
2019-03-08,2300,3220
2019-03-11,2276,3211
2019-03-12,2263,3219
2019-03-13,2263,3273
2019-03-14,2245,3194
2019-03-15,2230,3183
2019-03-18,2233,3283
2019-03-19,2245,3290
2019-03-20,2245,3295
2019-03-21,2245,3221
2019-03-22,2228,3224
2019-03-25,2228,3232
2019-03-26,2205,3238
2019-03-27,2170,3196
2019-03-28,2180,3179
2019-03-29,2198,3186
2019-04-01,2201,3249
2019-04-02,2201,3315
2019-04-03,2201,3331
2019-04-04,2231,3317
2019-04-05,2246,3239
2019-04-08,2269,3329
2019-04-09,2282,3327
2019-04-10,2312,3341
2019-04-11,2299,3369
2019-04-12,2274,3361
2019-04-15,2284,3275
2019-04-16,2276,3274
2019-04-17,2276,3331
2019-04-18,2276,3319
2019-04-19,2276,3273
2019-04-22,2280,3428
2019-04-23,2280,3517
2019-04-24,2296,3513
2019-04-25,2288,3491
2019-04-26,2288,3454
2019-04-29,2311,3475
2019-04-30,2311,3545
2019-05-02,2324,3548
2019-05-03,2316,3568
2019-05-07,2357,3133
2019-05-08,2425,3070
2019-05-09,2425,2932
2019-05-10,2425,2942
2019-05-13,2428,2875
2019-05-14,2448,2832
2019-05-15,2448,2854
2019-05-16,2458,2836
2019-05-17,2531,2721
2019-05-20,2620,2710
2019-05-21,2265,2704
2019-05-22,2272,2726
2019-05-23,2249,2770
2019-05-24,2282,2743
2019-05-27,2209,2753
2019-05-28,2219,2591
2019-05-29,2219,2685
2019-05-30,2366,2643
2019-05-31,2361,2597
2019-06-03,2375,2534
2019-06-04,2385,2515
2019-06-05,2413,2526
2019-06-07,2477,2533
2019-06-10,2477,2522
2019-06-11,2477,2522
2019-06-12,2562,2525
2019-06-13,2651,2532
2019-06-14,2692,2492
2019-06-17,2722,2460
2019-06-18,2774,2459
2019-06-19,2824,2465
2019-06-20,2891,2466
2019-06-21,2887,2464
2019-06-24,2913,2464
2019-06-25,2901,2476
2019-06-26,2906,2500
2019-06-27,2924,2524
2019-06-28,2999,2545
2019-07-01,3031,2567
2019-07-02,3038,2579
2019-07-03,3027,2581
2019-07-04,3077,2613
2019-07-05,3062,2641
2019-07-08,3060,2706
2019-07-09,3056,2725
2019-07-10,3075,2753
2019-07-11,3090,2803
2019-07-12,3176,2829
2019-07-15,3181,2970
2019-07-16,3209,2953
2019-07-17,3146,2986
2019-07-18,3205,3249
2019-07-19,3214,3373
2019-07-22,3209,3648
2019-07-23,3238,3594
2019-07-24,3216,3678
2019-07-25,3275,3873
2019-07-26,3261,3914
2019-07-29,3313,3941
2019-07-30,3334,3977
2019-07-31,3338,3842
2019-08-01,3312,3843
2019-08-02,3293,3814
2019-08-05,3296,4064
2019-08-06,3301,4219
2019-08-07,3287,4157
2019-08-08,3391,4151
2019-08-09,3415,4198
2019-08-12,3417,4305
2019-08-13,3444,4200
2019-08-14,3440,4177
2019-08-16,3396,4276
2019-08-19,3432,4262
2019-08-20,3486,4351
2019-08-21,3429,4373
2019-08-22,3583,4462
2019-08-23,3602,4504
2019-08-26,3602,4953
2019-08-27,3618,5003
2019-08-28,3636,5198
2019-08-29,3730,5235
2019-08-30,3758,5262
2019-09-02,3883,5368
2019-09-03,3919,5380
2019-09-04,4045,5300
2019-09-05,4570,5292
2019-09-06,4784,5289
2019-09-09,5015,5344
2019-09-10,5125,5310
2019-09-11,5193,5191
2019-09-16,5260,5016
2019-09-17,5208,4988
2019-09-18,5221,4941
2019-09-19,5496,4889
2019-09-20,5622,4835
2019-09-23,5663,4726
2019-09-24,6162,4843
2019-09-25,6492,4830
2019-09-26,6641,4804
2019-09-27,6674,4791
2019-09-30,6903,4527
2019-10-01,7177,4642
2019-10-02,7328,4560
2019-10-04,7876,4448
2019-10-07,8004,4319
2019-10-08,7437,4288
2019-10-10,7122,4194
2019-10-11,6968,3983
2019-10-14,6826,3702
2019-10-15,6786,3659
2019-10-16,6626,3586
2019-10-17,6578,3456
2019-10-18,6531,3343
2019-10-21,6417,3139
2019-10-22,6291,3097
2019-10-23,6149,3060
2019-10-24,6014,3002
2019-10-25,5680,2947
2019-10-28,5710,2865
2019-10-29,5390,2920
2019-10-30,5327,2930
2019-10-31,5141,2784
2019-11-01,5027,2524
2019-11-04,5037,2496
2019-11-05,4841,2505
2019-11-06,4746,2484
2019-11-07,4739,2454
2019-11-08,4399,2460
2019-11-11,4299,2604
2019-11-12,4200,2605
2019-11-13,4275,2533
2019-11-14,4262,2397
2019-11-15,4345,2334
2019-11-18,4450,2261
2019-11-19,4519,2262
2019-11-20,4645,2270
2019-11-21,4605,2291
2019-11-22,4600,2340
2019-11-25,4655,2456
2019-11-26,4691,2454
2019-11-27,4756,2432
2019-11-28,4680,2376
2019-11-29,4594,2350
2019-12-02,4625,2395
2019-12-03,4553,2431
2019-12-04,4569,2421
2019-12-05,4552,2433
2019-12-09,4651,2341
2019-12-10,4617,2388
2019-12-11,4650,2394
2019-12-12,4693,2406
2019-12-13,4680,2352
2019-12-16,4656,2404
2019-12-17,4632,2437
2019-12-18,4616,2438
2019-12-19,4592,2418
2019-12-20,4616,2401
2019-12-23,4589,2829
2019-12-24,4575,2924
2019-12-26,4495,2924
2019-12-27,4474,2947
2019-12-30,4502,3076
2019-12-31,4547,3105
