date,avg_pear,avgY_pear
2015-01-05,29208,30482
2015-01-06,29496,30531
2015-01-07,29578,30600
2015-01-08,28685,30718
2015-01-09,28639,30809
2015-01-12,28712,31148
2015-01-13,28442,31286
2015-01-14,28488,31346
2015-01-15,28697,31378
2015-01-16,28121,31467
2015-01-19,28491,31635
2015-01-20,28645,31636
2015-01-21,28856,31697
2015-01-22,30504,31760
2015-01-23,30779,31741
2015-01-26,30611,31814
2015-01-27,31151,31793
2015-01-28,30973,31834
2015-01-29,30938,31899
2015-01-30,30762,31834
2015-02-02,31156,31793
2015-02-03,31330,31314
2015-02-04,31313,31230
2015-02-05,31239,31363
2015-02-06,31239,31517
2015-02-09,31384,31256
2015-02-10,31538,31222
2015-02-11,31580,31145
2015-02-12,31738,31123
2015-02-13,31666,31150
2015-02-16,31333,31265
2015-02-17,31457,31257
2015-02-23,31716,31289
2015-02-24,32185,31484
2015-02-25,31585,31584
2015-02-26,31621,31625
2015-02-27,31576,31583
2015-03-02,31971,31522
2015-03-03,31884,31561
2015-03-04,31884,31534
2015-03-05,32454,31457
2015-03-06,32135,31343
2015-03-09,31916,30976
2015-03-10,31803,30978
2015-03-11,31416,30932
2015-03-12,30425,30927
2015-03-13,30425,30942
2015-03-16,30671,30998
2015-03-17,30671,30996
2015-03-18,30671,31068
2015-03-19,29154,31096
2015-03-20,28882,31155
2015-03-23,28882,31307
2015-03-24,29233,31375
2015-03-25,29311,31356
2015-03-26,30931,31300
2015-03-27,31295,31290
2015-03-30,31431,31567
2015-03-31,31494,31473
2015-04-02,28992,31360
2015-04-03,28992,31295
2015-04-06,28992,31272
2015-04-07,29361,31289
2015-04-08,29127,31367
2015-04-09,28819,31334
2015-04-10,28887,31436
2015-04-13,28888,31629
2015-04-14,28798,31591
2015-04-15,29101,31626
2015-04-16,27978,31707
2015-04-17,28063,31759
2015-04-20,28115,31639
2015-04-21,28115,31647
2015-04-22,28112,31633
2015-04-23,28699,31623
2015-04-24,28699,31488
2015-04-27,28699,31613
2015-04-28,28699,31598
2015-04-29,28699,31598
2015-04-30,29051,31584
2015-05-04,29051,31617
2015-05-06,29051,31613
2015-05-07,29127,31600
2015-05-08,29127,31792
2015-05-11,29259,32026
2015-05-12,29207,32108
2015-05-13,29207,32100
2015-05-14,29207,32081
2015-05-15,29207,32008
2015-05-18,30028,32086
2015-05-19,30028,32149
2015-05-20,30028,32114
2015-05-21,30182,32122
2015-05-22,30312,32081
2015-05-26,30312,32462
2015-05-27,30312,32537
2015-05-28,30327,32691
2015-05-29,30462,32711
2015-06-01,30266,32931
2015-06-02,30279,32779
2015-06-03,30001,32905
2015-06-04,29956,32920
2015-06-05,30055,32857
2015-06-08,30064,32926
2015-06-09,30064,32889
2015-06-10,30064,32899
2015-06-11,30362,32907
2015-06-12,30278,32984
2015-06-15,30278,33548
2015-06-16,30046,33709
2015-06-17,30046,33860
2015-06-18,30046,33998
2015-06-19,30046,33999
2015-06-22,30506,34342
2015-06-23,30506,34472
2015-06-24,30453,34396
2015-06-25,30453,34506
2015-06-26,29995,34753
2015-06-29,30186,35363
2015-06-30,30239,35454
2015-07-02,30231,35041
2015-07-03,30624,35028
2015-07-06,30515,35093
2015-07-07,30515,35117
2015-07-08,30472,35289
2015-07-09,30897,35437
2015-07-10,30897,35561
2015-07-13,30897,35777
2015-07-14,30897,35782
2015-07-15,30266,35774
2015-07-16,30266,35938
2015-07-17,30266,35975
2015-07-20,30266,35492
2015-07-21,30266,35509
2015-07-22,30266,35071
2015-07-23,29092,35078
2015-07-24,27778,35105
2015-07-27,26810,35119
2015-07-28,26810,35248
2015-07-29,26310,34963
2015-07-30,26134,35213
2015-07-31,26134,35234
2015-08-03,26134,35119
2015-08-04,27073,35308
2015-08-05,27073,35327
2015-08-06,27451,35360
2015-08-07,28253,35288
2015-08-10,29019,34876
2015-08-11,29224,34336
2015-08-12,29224,34264
2015-08-13,29224,34068
2015-08-17,29224,32054
2015-08-18,29224,31406
2015-08-19,29473,31663
2015-08-20,28847,30777
2015-08-21,28961,30660
2015-08-24,27744,30799
2015-08-25,27619,30722
2015-08-26,26488,31506
2015-08-27,26271,30348
2015-08-28,26271,30147
2015-08-31,25817,30352
2015-09-01,25891,29967
2015-09-02,25891,28923
2015-09-03,25891,29257
2015-09-04,25591,30545
2015-09-07,25933,30424
2015-09-08,26735,30531
2015-09-09,26880,30562
2015-09-10,27301,32564
2015-09-11,27079,32590
2015-09-14,27012,32102
2015-09-15,27402,32159
2015-09-16,27117,32022
2015-09-17,27347,32558
2015-09-18,27271,32465
2015-09-21,28880,32000
2015-09-22,28860,31959
2015-09-23,28900,31527
2015-09-24,28862,31060
2015-09-25,28968,31064
2015-09-30,28778,31526
2015-10-02,28520,30898
2015-10-05,28282,30264
2015-10-06,27788,30028
2015-10-07,27873,30100
2015-10-08,28113,29789
2015-10-12,28439,29771
2015-10-13,28144,29698
2015-10-14,28180,29695
2015-10-15,28225,29786
2015-10-16,28225,29432
2015-10-19,27679,29328
2015-10-20,27928,29389
2015-10-21,27928,29468
2015-10-22,27574,29520
2015-10-23,27829,29449
2015-10-26,28104,29278
2015-10-27,27909,29024
2015-10-28,27847,28975
2015-10-29,27342,28856
2015-10-30,27142,28819
2015-11-02,27142,28784
2015-11-03,27142,28881
2015-11-04,27142,28958
2015-11-05,26551,29063
2015-11-06,26453,29079
2015-11-09,26883,28956
2015-11-10,27360,28993
2015-11-11,27360,28903
2015-11-12,27676,28908
2015-11-13,27775,28917
2015-11-16,28060,28936
2015-11-17,28060,29051
2015-11-18,28060,29222
2015-11-19,27536,29314
2015-11-20,27536,29534
2015-11-23,27451,29855
2015-11-24,27401,29895
2015-11-25,27401,29897
2015-11-26,26806,29756
2015-11-27,27507,29738
2015-11-30,27483,29675
2015-12-01,27483,29690
2015-12-02,27483,29677
2015-12-03,28211,29760
2015-12-07,28678,29735
2015-12-08,28678,29848
2015-12-09,28678,30079
2015-12-10,28678,30218
2015-12-11,28678,30244
2015-12-14,28678,30503
2015-12-15,28678,30552
2015-12-16,28678,30617
2015-12-17,27737,30536
2015-12-18,27737,30616
2015-12-21,27780,30726
2015-12-22,27962,30787
2015-12-23,27962,30841
2015-12-24,29208,30856
2015-12-28,29335,30890
2015-12-29,29335,30850
2015-12-30,29335,30806
2015-12-31,29217,30844
2016-01-05,29522,31091
2016-01-06,29522,31095
2016-01-07,29322,31137
2016-01-08,29322,31198
2016-01-11,29371,31468
2016-01-12,29711,31534
2016-01-13,29796,31655
2016-01-14,30320,31665
2016-01-15,30320,31657
2016-01-18,30415,31843
2016-01-19,30570,31882
2016-01-20,30570,31956
2016-01-21,30493,32086
2016-01-22,30379,32256
2016-01-25,30428,32351
2016-01-26,30513,32415
2016-01-27,30637,32398
2016-01-28,30644,32410
2016-01-29,30644,32317
2016-02-01,31128,32397
2016-02-02,30844,32308
2016-02-03,30575,32083
2016-02-04,30256,32074
2016-02-05,30222,32130
2016-02-11,29813,32016
2016-02-12,30274,31971
2016-02-15,30229,32059
2016-02-16,30229,32069
2016-02-17,30904,32095
2016-02-18,30541,32033
2016-02-19,30576,32056
2016-02-22,30576,32147
2016-02-23,30743,32172
2016-02-24,30946,32391
2016-02-25,31317,32485
2016-02-26,31317,32558
2016-02-29,31108,29738
2016-03-02,31108,32483
2016-03-03,31158,32437
2016-03-04,31163,32459
2016-03-07,31622,32234
2016-03-08,31519,32185
2016-03-09,31669,32107
2016-03-10,31888,32061
2016-03-11,31755,31981
2016-03-14,31401,31801
2016-03-15,31401,31847
2016-03-16,31401,31911
2016-03-17,31398,31855
2016-03-18,31532,31754
2016-03-21,31591,31647
2016-03-22,31591,31659
2016-03-23,31591,31688
2016-03-24,31019,31759
2016-03-25,30822,31862
2016-03-28,30868,32033
2016-03-29,30649,32037
2016-03-30,30529,32351
2016-03-31,30240,32240
2016-04-04,30278,31572
2016-04-05,30278,31600
2016-04-06,30278,31553
2016-04-07,30278,31548
2016-04-08,30278,31601
2016-04-11,30009,31697
2016-04-12,29823,31714
2016-04-14,29823,31673
2016-04-15,30009,31687
2016-04-18,30278,31740
2016-04-19,30502,31721
2016-04-20,30626,31624
2016-04-21,30829,31652
2016-04-22,30893,31659
2016-04-25,31122,31640
2016-04-26,31496,31702
2016-04-27,31385,31713
2016-04-28,31671,32165
2016-04-29,31671,32153
2016-05-02,31671,32441
2016-05-03,31671,32381
2016-05-04,31652,32313
2016-05-09,31683,32618
2016-05-10,31475,32601
2016-05-11,31475,32642
2016-05-12,31618,32717
2016-05-13,31618,32730
2016-05-16,31877,32702
2016-05-17,31877,32791
2016-05-18,31877,32904
2016-05-19,31877,33033
2016-05-20,31877,33074
2016-05-23,32006,33209
2016-05-24,32006,33300
2016-05-25,32006,33369
2016-05-26,31937,33404
2016-05-27,31937,33429
2016-05-30,31937,33643
2016-05-31,31872,33691
2016-06-01,32046,33871
2016-06-02,32206,34030
2016-06-03,32206,34330
2016-06-07,32161,34475
2016-06-08,32161,34539
2016-06-09,32478,34703
2016-06-10,32478,34717
2016-06-13,32234,34818
2016-06-14,32234,34979
2016-06-15,32395,35326
2016-06-16,32622,35514
2016-06-17,32622,35696
2016-06-20,32591,35815
2016-06-21,32704,35982
2016-06-22,32704,36196
2016-06-23,32735,36357
2016-06-24,32938,36354
2016-06-27,32938,37051
2016-06-28,33297,37241
2016-06-29,33589,37313
2016-06-30,33213,37504
2016-07-04,33360,37399
2016-07-05,33360,37400
2016-07-06,33180,37406
2016-07-07,32933,37444
2016-07-08,32933,37602
2016-07-11,33177,37915
2016-07-12,33237,38033
2016-07-13,33237,38071
2016-07-14,33047,38101
2016-07-15,33047,38144
2016-07-18,33047,38272
2016-07-19,33047,38242
2016-07-20,33075,38206
2016-07-21,33382,38192
2016-07-22,33415,37741
2016-07-25,33415,37828
2016-07-26,33095,37773
2016-07-27,33262,37833
2016-07-28,33041,38123
2016-07-29,33041,37975
2016-08-01,33041,38346
2016-08-02,33041,38414
2016-08-03,33662,38400
2016-08-04,33995,38661
2016-08-05,33374,38723
2016-08-08,33627,38296
2016-08-09,33192,38245
2016-08-10,33192,38153
2016-08-11,32556,37622
2016-08-12,32589,37560
2016-08-16,32589,35607
2016-08-17,32048,35309
2016-08-18,30455,34744
2016-08-19,30081,34851
2016-08-22,30114,34152
2016-08-23,29559,34018
2016-08-24,29481,33837
2016-08-25,29804,34149
2016-08-26,29340,35856
2016-08-29,28905,35470
2016-08-30,28958,35244
2016-08-31,28138,34411
2016-09-01,28138,33826
2016-09-02,28495,32237
2016-09-05,29862,33367
2016-09-06,30956,32890
2016-09-07,31745,32762
2016-09-08,31542,32774
2016-09-09,30996,32732
2016-09-12,30742,33939
2016-09-13,30798,33649
2016-09-19,31150,32974
2016-09-20,30864,33202
2016-09-21,31100,33001
2016-09-22,31274,32884
2016-09-23,31263,32511
2016-09-26,31523,32200
2016-09-27,31523,31754
2016-09-28,31751,31522
2016-09-29,31006,31895
2016-09-30,31006,31849
2016-10-05,30653,30924
2016-10-06,31113,30687
2016-10-07,31337,30485
2016-10-10,31118,30375
2016-10-11,30649,30275
2016-10-12,30649,30108
2016-10-13,29904,30069
2016-10-14,29904,30177
2016-10-17,29904,30072
2016-10-18,29810,30052
2016-10-19,29810,30128
2016-10-20,29835,30148
2016-10-21,29864,30147
2016-10-24,29864,29876
2016-10-25,29864,29745
2016-10-26,29864,29572
2016-10-27,30088,29445
2016-10-28,30088,29340
2016-10-31,29950,29146
2016-11-01,29844,29254
2016-11-02,29844,29314
2016-11-03,29877,29392
2016-11-04,30159,29494
2016-11-07,30143,29499
2016-11-08,30102,29301
2016-11-09,30354,29382
2016-11-10,30218,29289
2016-11-11,30308,29248
2016-11-14,30385,29152
2016-11-15,30385,29161
2016-11-16,30385,29135
2016-11-17,30536,29228
2016-11-18,30426,29308
2016-11-21,30562,29598
2016-11-22,30562,29769
2016-11-23,30229,29782
2016-11-24,30005,29867
2016-11-25,30078,29961
2016-11-28,30078,29771
2016-11-29,30078,29704
2016-11-30,30003,29653
2016-12-01,30051,29819
2016-12-05,30051,29882
2016-12-06,30051,29722
2016-12-07,30051,29718
2016-12-08,30425,29854
2016-12-09,30425,30199
2016-12-12,30442,30565
2016-12-13,30442,30685
2016-12-14,30442,30717
2016-12-15,30515,30719
2016-12-16,30515,30701
2016-12-19,30515,30458
2016-12-20,30515,30538
2016-12-21,30515,30599
2016-12-22,30459,30753
2016-12-23,30548,30896
2016-12-26,30285,30984
2016-12-27,30285,31109
2016-12-28,30298,31113
2016-12-29,30298,31131
2016-12-30,30612,31134
2017-01-03,30681,31279
2017-01-04,30737,31370
2017-01-05,30699,31366
2017-01-06,30699,31299
2017-01-09,30773,31249
2017-01-10,30533,31359
2017-01-11,30533,31487
2017-01-12,30631,31859
2017-01-13,30631,32070
2017-01-16,30572,32250
2017-01-17,30762,32389
2017-01-18,30847,32474
2017-01-19,30067,32501
2017-01-20,30079,32195
2017-01-23,29947,32523
2017-01-24,30118,32435
2017-01-25,29870,32419
2017-01-26,29896,32481
2017-01-31,30447,32557
2017-02-01,30545,32527
2017-02-02,30786,32495
2017-02-03,30817,32170
2017-02-06,30549,32159
2017-02-07,30163,32040
2017-02-08,30130,31956
2017-02-09,30257,31964
2017-02-10,29719,32033
2017-02-13,29156,32122
2017-02-14,29052,32132
2017-02-15,29052,32300
2017-02-16,29475,32380
2017-02-17,29740,32458
2017-02-20,29820,32513
2017-02-21,30181,32488
2017-02-22,30181,32575
2017-02-23,30461,32643
2017-02-24,30461,32905
2017-02-27,30678,33080
2017-02-28,30678,33094
2017-03-02,30955,33142
2017-03-03,30955,33187
2017-03-06,30994,33356
2017-03-07,30994,33248
2017-03-08,30994,33253
2017-03-09,31744,33270
2017-03-10,31744,33208
2017-03-13,31744,32954
2017-03-14,31744,32810
2017-03-15,31744,32789
2017-03-16,31744,32802
2017-03-17,31744,32786
2017-03-20,31911,32460
2017-03-21,31911,32429
2017-03-22,31911,32411
2017-03-23,32211,32365
2017-03-24,32211,32475
2017-03-27,32211,32576
2017-03-28,31921,32612
2017-03-29,31965,32550
2017-03-30,32101,32745
2017-03-31,32101,32609
2017-04-04,31891,31890
2017-04-05,31946,31889
2017-04-06,31845,31863
2017-04-07,32056,31848
2017-04-10,32261,31663
2017-04-11,32245,31699
2017-04-12,32398,31762
2017-04-13,32491,31808
2017-04-14,32491,31814
2017-04-17,32491,32139
2017-04-18,32302,32066
2017-04-19,32447,32079
2017-04-20,31994,31992
2017-04-21,31994,32054
2017-04-24,31994,32114
2017-04-25,31994,32198
2017-04-26,32143,32330
2017-04-27,31488,32363
2017-04-28,31278,32503
2017-05-02,31163,32786
2017-05-04,32309,32648
2017-05-08,32407,32743
2017-05-10,32407,32952
2017-05-11,32485,33031
2017-05-12,32485,33128
2017-05-15,32485,33195
2017-05-16,32485,33150
2017-05-17,32485,33206
2017-05-18,33091,33295
2017-05-19,33042,33403
2017-05-22,33042,33465
2017-05-23,33042,33542
2017-05-24,33042,33597
2017-05-25,32972,33667
2017-05-26,33229,33707
2017-05-29,33886,33932
2017-05-30,34077,33980
2017-05-31,34254,33756
2017-06-01,34810,33815
2017-06-02,34810,33914
2017-06-05,35089,34004
2017-06-07,35106,34041
2017-06-08,35465,34018
2017-06-09,35662,34148
2017-06-12,35752,34179
2017-06-13,36249,34285
2017-06-14,36519,34297
2017-06-15,36371,34363
2017-06-16,36675,34427
2017-06-19,36722,34483
2017-06-20,36847,34393
2017-06-21,37314,34531
2017-06-22,38329,34663
2017-06-23,39051,34727
2017-06-26,38984,35241
2017-06-27,39002,35503
2017-06-28,39002,35729
2017-06-29,39533,35824
2017-06-30,38872,36066
2017-07-04,38791,35835
2017-07-05,38770,35865
2017-07-06,38533,35881
2017-07-07,38533,36043
2017-07-10,38586,36304
2017-07-11,38586,36318
2017-07-12,38586,36366
2017-07-13,38861,36379
2017-07-14,38947,36389
2017-07-17,38787,36397
2017-07-18,38875,36300
2017-07-19,38875,36687
2017-07-20,38875,36684
2017-07-21,38875,36658
2017-07-24,38890,36582
2017-07-25,38890,36534
2017-07-26,38776,36600
2017-07-27,38704,36604
2017-07-28,38635,36608
2017-07-31,38442,36791
2017-08-01,38442,36670
2017-08-02,38442,36686
2017-08-03,38278,36656
2017-08-04,38278,36956
2017-08-07,38278,37169
2017-08-08,38278,36622
2017-08-09,38278,36612
2017-08-10,38278,36529
2017-08-11,38149,36362
2017-08-14,38087,35655
2017-08-16,38087,34927
2017-08-17,37802,34628
2017-08-18,37802,34435
2017-08-21,37972,33862
2017-08-22,38038,34028
2017-08-23,37816,33817
2017-08-24,37466,33786
2017-08-25,37138,34044
2017-08-28,35444,33418
2017-08-29,34857,33505
2017-08-30,34857,32665
2017-08-31,34857,32409
2017-09-01,34857,31971
2017-09-04,35388,33041
2017-09-18,29038,31318
2017-09-19,28725,31323
2017-09-20,28373,31373
2017-09-21,29679,31462
2017-09-22,29679,31566
2017-09-25,29839,31272
2017-09-26,30656,31569
2017-09-27,30499,31419
2017-09-28,30810,31463
2017-09-29,31479,31840
2017-10-11,30960,31255
2017-10-12,30707,31170
2017-10-13,30465,31265
2017-10-16,30179,31248
2017-10-17,29778,31100
2017-10-18,29725,31007
2017-10-19,29220,31007
2017-10-20,29095,30976
2017-10-23,28278,30736
2017-10-24,28302,30597
2017-10-25,28302,30522
2017-10-26,28050,30374
2017-10-27,27931,30262
2017-10-30,28160,30077
2017-10-31,27692,30079
2017-11-01,27369,30190
2017-11-02,27579,30238
2017-11-03,27027,30165
2017-11-06,26454,30209
2017-11-07,26277,30240
2017-11-08,26469,30152
2017-11-09,25557,30159
2017-11-10,25504,30125
2017-11-13,25853,30062
2017-11-14,25853,30017
2017-11-15,25853,30045
2017-11-16,26588,30014
2017-11-17,26588,30089
2017-11-20,26915,30317
2017-11-21,26915,30354
2017-11-22,26682,30403
2017-11-23,26626,30398
2017-11-24,26675,30440
2017-11-27,26572,30516
2017-11-28,26349,30413
2017-11-29,26349,30611
2017-11-30,27335,30612
2017-12-04,27335,30826
2017-12-05,27335,30862
2017-12-06,27386,30779
2017-12-07,27461,30796
2017-12-08,27461,30859
2017-12-11,27461,31166
2017-12-12,27461,31332
2017-12-13,27461,31308
2017-12-14,27393,31426
2017-12-15,27337,31428
2017-12-18,27521,31480
2017-12-19,27521,31294
2017-12-20,27521,31307
2017-12-21,27521,31246
2017-12-22,27593,31304
2017-12-26,27593,31290
2017-12-27,27521,31244
2017-12-28,28192,31147
2017-12-29,28192,31143
2018-01-03,28192,31227
2018-01-04,28351,31368
2018-01-05,28351,31392
2018-01-08,28420,31415
2018-01-09,28420,31465
2018-01-10,28254,31608
2018-01-11,28342,31664
2018-01-12,28384,31702
2018-01-15,28392,31799
2018-01-16,28392,31831
2018-01-17,28392,31826
2018-01-18,28190,31769
2018-01-19,27939,31720
2018-01-22,27918,31673
2018-01-23,28048,31766
2018-01-24,28118,31729
2018-01-25,28340,31882
2018-01-26,28340,31940
2018-01-29,28616,31958
2018-01-30,28616,31905
2018-01-31,28599,32048
2018-02-01,28380,32084
2018-02-02,28380,32070
2018-02-05,28380,31954
2018-02-06,28080,32118
2018-02-07,28080,32079
2018-02-08,27738,32061
2018-02-09,27751,32075
2018-02-12,27920,31892
2018-02-13,28238,31874
2018-02-14,28072,32150
2018-02-19,28668,32440
2018-02-20,28573,32455
2018-02-21,28565,32559
2018-02-22,28171,32658
2018-02-23,28171,32812
2018-02-26,27955,33210
2018-02-27,27955,33206
2018-02-28,27955,33241
2018-03-02,27518,33392
2018-03-05,27217,33850
2018-03-06,27217,33800
2018-03-07,27586,33745
2018-03-08,27536,33762
2018-03-09,27536,33862
2018-03-12,27374,33642
2018-03-13,27374,33562
2018-03-14,27374,33330
2018-03-15,27441,33363
2018-03-16,27685,33373
2018-03-19,27776,33143
2018-03-20,27776,33018
2018-03-21,27844,32940
2018-03-22,27942,32928
2018-03-23,27980,32992
2018-03-26,27980,33243
2018-03-27,27903,33299
2018-03-28,27903,33339
2018-03-29,28016,33261
2018-03-30,27971,33338
2018-04-03,28002,32518
2018-04-04,28029,32282
2018-04-05,28218,32281
2018-04-06,28218,32290
2018-04-09,28218,32013
2018-04-10,28218,32065
2018-04-11,28245,32122
2018-04-12,28370,32194
2018-04-13,28370,32230
2018-04-16,28027,32710
2018-04-17,28027,32704
2018-04-18,28027,32551
2018-04-19,28027,32536
2018-04-20,28027,32384
2018-04-23,28027,32460
2018-04-24,28027,32182
2018-04-25,28008,32196
2018-04-26,27687,32236
2018-04-27,27462,32189
2018-04-30,27462,32119
2018-05-02,27487,32571
2018-05-03,28331,32556
2018-05-04,28259,32588
2018-05-08,28341,32673
2018-05-09,28268,32818
2018-05-10,28174,32723
2018-05-11,28174,32739
2018-05-14,28471,32718
2018-05-15,28471,32742
2018-05-16,28376,32746
2018-05-17,28119,32768
2018-05-18,28119,32822
2018-05-21,28147,32932
2018-05-23,28254,32926
2018-05-24,28261,33007
2018-05-25,28261,33111
2018-05-28,28204,33233
2018-05-29,28204,33385
2018-05-30,28204,33557
2018-05-31,27895,33586
2018-06-01,27952,33695
2018-06-04,27670,34022
2018-06-05,27737,33973
2018-06-07,27777,34059
2018-06-08,27813,34090
2018-06-11,27836,34692
2018-06-12,27866,34779
2018-06-14,27618,34617
2018-06-15,27597,34736
2018-06-18,27980,34884
2018-06-19,27980,34962
2018-06-20,28032,34962
2018-06-21,28173,35070
2018-06-22,28226,35167
2018-06-25,28226,35708
2018-06-26,28408,35740
2018-06-27,28408,35883
2018-06-28,28408,35197
2018-06-29,28408,35313
2018-07-03,28408,35287
2018-07-04,28408,35411
2018-07-05,28758,35478
2018-07-06,28679,35525
2018-07-09,28661,35970
2018-07-10,28562,36094
2018-07-11,28545,36054
2018-07-12,28643,36110
2018-07-13,28625,36123
2018-07-16,28625,36172
2018-07-17,28625,36231
2018-07-18,28625,36182
2018-07-19,28536,36527
2018-07-20,28536,36530
2018-07-23,28714,36523
2018-07-24,28714,36487
2018-07-25,28722,36252
2018-07-26,28591,36228
2018-07-27,28555,36235
2018-07-30,28555,36040
2018-07-31,28575,36256
2018-08-01,28575,36186
2018-08-02,28054,36216
2018-08-03,28054,36196
2018-08-06,28321,36320
2018-08-07,28338,36369
2018-08-08,28455,36290
2018-08-09,28509,36294
2018-08-10,28509,36216
2018-08-13,28509,35880
2018-08-14,28509,35479
2018-08-16,28119,35235
2018-08-17,28357,34993
2018-08-20,28827,34621
2018-08-21,29401,34179
2018-08-22,29297,33945
2018-08-23,29750,33488
2018-08-24,30104,33078
2018-08-27,28910,32873
2018-08-28,27171,32868
2018-08-29,27171,32809
2018-08-30,26086,31497
2018-08-31,25835,31083
2018-09-03,26814,30786
2018-09-04,26720,31729
2018-09-05,26720,31962
2018-09-06,26720,32234
2018-09-07,26520,32232
2018-09-19,35154,30712
2018-09-20,35258,30549
2018-09-21,36061,30563
2018-09-27,36376,30170
2018-09-28,36352,30225
2018-10-02,36990,30357
2018-10-04,35675,30321
2018-10-05,35005,30288
2018-10-08,34539,30060
2018-10-10,33908,29987
2018-10-11,33585,29908
2018-10-12,33545,29959
2018-10-15,33349,29992
2018-10-16,33222,29942
2018-10-17,32796,29737
2018-10-18,32732,29631
2018-10-19,32732,29539
2018-10-22,32891,29328
2018-10-23,32791,29232
2018-10-24,32801,29023
2018-10-25,33217,28837
2018-10-26,33120,28732
2018-10-29,33138,28486
2018-10-30,33120,28439
2018-10-31,33326,28400
2018-11-01,33228,28434
2018-11-02,33323,28389
2018-11-05,33171,28470
2018-11-06,33675,28541
2018-11-07,33818,28505
2018-11-08,33659,28480
2018-11-09,33659,28527
2018-11-12,33754,28428
2018-11-13,33720,28421
2018-11-14,33770,28420
2018-11-15,33376,28457
2018-11-16,33376,28464
2018-11-19,33376,28567
2018-11-20,33844,28664
2018-11-21,34059,28765
2018-11-22,34192,28737
2018-11-23,34192,28705
2018-11-26,34192,28716
2018-11-27,34192,28717
2018-11-28,34192,28916
2018-11-29,34196,29083
2018-11-30,34400,29036
2018-12-03,34547,29050
2018-12-04,34529,28934
2018-12-05,34529,28950
2018-12-06,34531,28922
2018-12-10,34748,29414
2018-12-11,34748,29473
2018-12-12,34748,29537
2018-12-13,35108,29548
2018-12-14,35108,29586
2018-12-17,35126,29518
2018-12-18,35037,29561
2018-12-19,35196,29537
2018-12-20,35951,29577
2018-12-21,35951,29539
2018-12-24,36085,29593
2018-12-26,36274,29555
2018-12-27,36311,29533
2018-12-28,36586,29547
2018-12-31,36586,29611
2019-01-03,36440,29697
2019-01-04,36440,29730
2019-01-07,36351,29786
2019-01-08,36091,29839
2019-01-09,36061,29851
2019-01-10,36154,29934
2019-01-11,36154,29991
2019-01-14,36204,30029
2019-01-15,36530,30046
2019-01-16,36577,30093
2019-01-17,38235,30070
2019-01-18,38282,30014
2019-01-21,38449,29809
2019-01-22,38496,29871
2019-01-23,38643,30059
2019-01-24,38202,30108
2019-01-25,38393,30266
2019-01-28,39251,30477
2019-01-29,39518,30591
2019-01-30,39980,30551
2019-01-31,40251,30556
2019-02-01,40547,30611
2019-02-07,40200,30152
2019-02-08,40060,30002
2019-02-11,39098,29694
2019-02-12,38998,29687
2019-02-13,38528,29703
2019-02-14,37915,29989
2019-02-15,37915,30106
2019-02-18,37867,30169
2019-02-19,38245,30217
2019-02-20,39034,30291
2019-02-21,38662,30494
2019-02-22,38275,30586
2019-02-25,38662,30886
2019-02-26,38759,30965
2019-02-27,38759,31049
2019-02-28,38693,31190
2019-03-04,38299,31490
2019-03-05,37958,31615
2019-03-06,38051,31482
2019-03-07,39038,31505
2019-03-08,39038,31557
2019-03-11,38672,31543
2019-03-12,38642,31497
2019-03-13,38721,31441
2019-03-14,38593,31525
2019-03-15,38543,31525
2019-03-18,38606,31278
2019-03-19,38941,31070
2019-03-20,39120,30936
2019-03-21,39003,30786
2019-03-22,38918,30736
2019-03-25,38830,31126
2019-03-26,38615,31254
2019-03-27,38766,31346
2019-03-28,38925,31415
2019-03-29,38785,31283
2019-04-02,39070,30675
2019-04-03,39279,30530
2019-04-04,38960,30339
2019-04-05,38753,30337
2019-04-08,38503,30399
2019-04-09,38601,30249
2019-04-10,38601,30229
2019-04-11,38905,30204
2019-04-12,38905,30227
2019-04-15,38708,30315
2019-04-16,38905,30371
2019-04-17,38905,30286
2019-04-18,38603,30285
2019-04-19,38283,30315
2019-04-22,38658,30113
2019-04-23,38685,30212
2019-04-24,38685,30270
2019-04-25,38888,30287
2019-04-26,38853,30324
2019-04-29,38853,30208
2019-04-30,39038,30273
2019-05-02,39020,30511
2019-05-03,39020,30586
2019-05-07,39395,30842
2019-05-08,39647,31014
2019-05-09,40011,31143
2019-05-10,39970,31036
2019-05-13,39970,31102
2019-05-14,40023,31069
2019-05-15,40023,31148
2019-05-16,40035,31176
2019-05-17,39862,31127
2019-05-20,39862,31216
2019-05-21,39862,31259
2019-05-22,39862,31274
2019-05-23,39862,31292
2019-05-24,39862,31372
2019-05-27,39862,31421
2019-05-28,39965,31386
2019-05-29,39956,31522
2019-05-30,39965,31709
2019-05-31,40018,31664
2019-06-03,40202,31497
2019-06-04,40202,31497
2019-06-05,39815,31565
2019-06-07,39973,31224
2019-06-10,39973,32200
2019-06-11,39973,32215
2019-06-12,40613,32308
2019-06-13,41242,31774
2019-06-14,41530,32246
2019-06-17,41993,32245
2019-06-18,42213,32306
2019-06-19,42213,32393
2019-06-20,42279,32334
2019-06-21,42279,32408
2019-06-24,42565,32754
2019-06-25,43131,32904
2019-06-26,43279,32964
2019-06-27,43356,33118
2019-06-28,43470,32596
2019-07-02,43763,32736
2019-07-03,44066,32777
2019-07-04,44026,32783
2019-07-05,43895,32890
2019-07-08,43584,33511
2019-07-09,43692,33395
2019-07-10,43888,33514
2019-07-11,44853,33412
2019-07-12,44853,33439
2019-07-15,44287,33692
2019-07-16,45340,33669
2019-07-17,45183,33776
2019-07-18,45183,33710
2019-07-19,45287,33997
2019-07-22,45628,33803
2019-07-23,45891,33860
2019-07-24,45891,33821
2019-07-25,45879,33573
2019-07-26,45879,33516
2019-07-29,45879,33233
2019-07-30,45930,33249
2019-07-31,46037,33326
2019-08-01,45929,32790
2019-08-02,45929,32804
2019-08-05,45887,32742
2019-08-06,45887,32840
2019-08-07,45895,32947
2019-08-08,45650,32924
2019-08-09,45581,32943
2019-08-12,45713,32694
2019-08-13,46142,32711
2019-08-14,46134,32366
2019-08-16,45850,32752
2019-08-19,45814,33169
2019-08-20,44763,33110
2019-08-21,43486,32624
2019-09-03,38310,29418
2019-09-04,34689,30621
2019-09-05,36780,31050
2019-09-06,37010,31721
2019-09-09,36606,32186
2019-09-10,36281,32180
2019-09-11,36448,32087
2019-09-16,35432,30612
2019-09-17,34518,30770
2019-09-18,33767,30748
2019-09-19,34498,30454
2019-09-20,35083,30343
2019-09-23,34657,31113
2019-09-24,34640,31093
2019-09-25,35008,31052
2019-09-26,34763,31109
2019-09-27,34930,30796
2019-09-30,34821,30901
2019-10-02,33842,30803
2019-10-04,33703,31147
2019-10-07,33641,31034
2019-10-08,33371,30923
2019-10-10,33064,30685
2019-10-11,33064,30651
2019-10-14,32455,30208
2019-10-15,32983,30362
2019-10-16,32983,30310
2019-10-17,32214,30028
2019-10-18,32060,29856
2019-10-21,31856,29534
2019-10-22,32114,29492
2019-10-23,31655,29496
2019-10-24,32138,29361
2019-10-25,32217,29252
2019-10-28,32292,29072
2019-10-29,32228,29097
2019-10-30,32158,29064
2019-10-31,32012,28993
2019-11-01,31704,28992
2019-11-04,31338,28836
2019-11-05,31338,28887
2019-11-06,31338,28965
2019-11-07,31525,28970
2019-11-08,31622,28992
2019-11-11,31383,28952
2019-11-12,30985,29081
2019-11-13,30836,29133
2019-11-14,30722,29175
2019-11-15,30574,29214
2019-11-18,30603,29294
2019-11-19,30603,29268
2019-11-20,30603,29313
2019-11-21,30197,29481
2019-11-22,30197,29442
2019-11-25,30197,29500
2019-11-26,30141,29449
2019-11-27,30697,29421
2019-11-28,31129,29593
2019-11-29,31129,29758
2019-12-02,30775,29787
2019-12-03,30775,29689
2019-12-04,31124,29552
2019-12-05,31307,29546
2019-12-09,31099,29525
2019-12-10,31099,29861
2019-12-11,31099,29951
2019-12-12,31533,30042
2019-12-13,31402,30117
2019-12-16,31489,30159
2019-12-17,31489,30192
2019-12-18,31367,30268
2019-12-19,31413,30265
2019-12-20,31587,30330
2019-12-23,31553,30385
2019-12-24,31553,30351
2019-12-26,31387,30316
2019-12-27,31656,30285
2019-12-30,31572,30292
2019-12-31,31572,30320
